iso_time,mcu_ms,seq,v_pack,v_pckp,cell1,cell2,i,i_avg,p,soc,cap_mah,full_mah,age,cycles,temp,die_temp,flow,chg_fet,dis_fet,full,ship,faulted,permfail,tte_s,ttf_s,status,prot_status,prot_alrt,nbatt_status
2026-08-14T04:02:49.979,2781553,11068,7.9218,7.6296,3.9593,3.9608,-0.0531,-0.0062,-0.211,77.4,8831,11400,115.9,0.0,22.8,24.6,discharging,False,True,False,False,False,False,0,0,32770,0,1024,0
2026-08-14T04:02:50.477,2782053,11070,7.9181,7.6296,3.9593,3.9608,-0.0181,-0.0012,-0.072,77.4,8831,11400,115.9,0.0,22.8,24.6,idle,False,True,False,False,False,False,0,0,32770,0,1024,0
2026-08-14T04:02:50.976,2782553,11072,7.9181,7.6296,3.9588,3.9627,-0.0384,0.0,-0.153,77.4,8831,11400,115.9,0.0,22.8,24.6,discharging,True,True,False,False,False,False,0,0,32770,0,1024,0
2026-08-14T04:02:51.474,2783053,11074,7.9181,7.6296,3.9588,3.9627,-0.0371,-0.0046,-0.148,77.4,8831,11400,115.9,0.0,22.8,24.5,discharging,True,True,False,False,False,False,0,0,32770,0,1024,0
2026-08-14T04:02:51.973,2783553,11076,7.9181,7.6296,3.9588,3.9599,-0.0328,-0.0065,-0.131,77.4,8831,11400,115.9,0.0,22.8,24.5,discharging,True,True,False,False,False,False,0,0,32770,0,1024,0
2026-08-14T04:02:52.472,2784053,11078,7.9181,7.6296,3.9588,3.9603,-0.039,-0.0096,-0.155,77.4,8831,11400,115.9,0.0,22.8,24.7,discharging,True,True,False,False,False,False,0,0,32770,0,1024,0
2026-08-14T04:02:52.970,2784553,11080,7.9181,7.6296,3.9581,3.9603,-0.0343,-0.0109,-0.137,77.4,8831,11400,115.9,0.0,22.8,24.6,discharging,True,True,False,False,False,False,0,0,32770,0,1024,0
2026-08-14T04:02:53.469,2785053,11082,7.9181,7.6296,3.9599,3.9601,-0.0362,-0.0137,-0.144,77.4,8831,11400,115.9,0.0,22.8,24.5,discharging,True,True,False,False,False,False,0,0,32770,0,1024,0
2026-08-14T04:02:53.967,2785553,11084,7.9181,7.6296,3.9599,3.9619,-0.0409,-0.0153,-0.163,77.4,8831,11400,115.9,0.0,22.8,24.7,discharging,True,True,False,False,False,False,0,0,32770,0,1024,0
2026-08-14T04:02:54.466,2786053,11086,7.9181,7.6296,3.9593,3.961,-0.0325,-0.0168,-0.129,77.4,8831,11400,115.9,0.0,22.8,24.6,discharging,True,True,False,False,False,False,0,0,32770,0,1024,0
2026-08-14T04:02:54.965,2786553,11088,7.9181,7.6296,3.9596,3.961,-0.0378,-0.019,-0.15,77.4,8831,11400,115.9,0.0,22.8,24.6,discharging,True,True,False,False,False,False,0,0,32770,0,1024,0
2026-08-14T04:02:55.462,2787053,11090,7.9181,7.6296,3.9596,3.9614,-0.0281,-0.0196,-0.112,77.4,8831,11400,115.9,0.0,22.8,24.7,idle,True,True,False,False,False,False,0,0,32770,0,1024,0
2026-08-14T04:02:55.961,2787553,11092,7.9181,7.6296,3.9597,3.9607,-0.0237,-0.0209,-0.094,77.4,8831,11400,115.9,0.0,22.8,24.7,idle,True,True,False,False,False,False,0,0,32770,0,1024,0
2026-08-14T04:02:56.460,2788053,11094,7.9181,7.3225,3.9597,3.9607,-0.0362,0.0,-0.144,77.4,8831,11400,115.9,0.0,22.8,24.6,discharging,True,True,False,False,False,False,0,0,32770,0,1024,0
2026-08-14T04:02:56.958,2788553,11096,7.9175,7.3225,3.9597,3.9607,-0.015,-0.0106,-0.06,77.4,8831,11400,115.9,0.0,22.8,24.6,idle,False,True,False,False,False,False,0,0,32770,0,1024,0
2026-08-14T04:02:57.458,2789053,11098,7.9175,7.3225,3.9597,3.9597,-0.034,-0.0021,-0.136,77.4,8831,11400,115.9,0.0,22.8,24.6,discharging,False,True,False,False,False,False,0,0,32770,0,1024,0
2026-08-14T04:02:57.956,2789553,11100,7.9168,7.5703,3.9597,3.9597,-0.0159,0.0,-0.064,77.4,8831,11400,115.9,0.0,22.8,24.6,idle,False,True,False,False,False,False,0,0,32770,0,1024,0
2026-08-14T04:02:58.455,2790053,11102,7.9168,7.5703,3.9593,3.9597,-0.0706,0.0,-0.28,77.4,8831,11400,115.9,0.0,22.8,24.5,discharging,False,True,False,False,False,False,0,0,32770,0,1024,0
2026-08-14T04:02:58.953,2790553,11104,7.9168,7.5703,3.9593,3.9608,-0.0184,-0.0012,-0.073,77.4,8831,11400,115.9,0.0,22.8,24.5,idle,False,True,False,False,False,False,0,0,32770,0,1024,0
2026-08-14T04:02:59.453,2791053,11106,7.919,7.4137,3.9593,3.9608,-0.0631,-0.004,-0.251,77.4,8831,11400,115.9,0.0,22.8,24.7,discharging,False,True,False,False,False,False,0,0,32770,0,1024,0
2026-08-14T04:02:59.952,2791553,11108,7.919,7.4137,3.9605,3.9608,-0.0184,-0.005,-0.073,77.4,8831,11400,115.9,0.0,22.8,24.5,idle,False,True,False,False,False,False,0,0,32770,0,1024,0
2026-08-14T04:03:00.450,2792053,11110,7.919,7.2993,3.9605,3.9623,-0.0571,-0.009,-0.227,77.4,8831,11400,115.9,0.0,22.8,24.7,discharging,False,True,False,False,False,False,0,0,32770,0,1024,0
2026-08-14T04:03:00.948,2792553,11112,7.9181,7.2993,3.9605,3.9623,-0.0509,-0.0031,-0.203,77.4,8831,11400,115.9,0.0,22.8,24.7,discharging,False,True,False,False,False,False,0,0,32770,0,1024,0
2026-08-14T04:03:01.448,2793053,11114,7.9181,7.2993,3.9581,3.9614,-0.0459,0.0,-0.182,77.4,8831,11400,115.9,0.0,22.8,24.5,discharging,False,True,False,False,False,False,0,0,32770,0,1024,0
2026-08-14T04:03:01.946,2793553,11116,7.9181,7.6859,3.9581,3.9614,-0.0346,0.0,-0.137,77.4,8831,11400,115.9,0.0,22.8,24.6,discharging,True,True,False,False,False,False,0,0,32770,0,1024,0
2026-08-14T04:03:02.445,2794053,11118,7.924,7.6859,3.9581,3.9614,-0.0362,-0.0021,-0.144,77.4,8831,11400,115.9,0.0,22.8,24.5,discharging,False,True,False,False,False,False,0,0,32770,0,1024,0
2026-08-14T04:03:02.943,2794553,11120,7.924,7.6859,3.9592,3.9614,-0.0337,-0.005,-0.134,77.4,8831,11400,115.9,0.0,22.8,24.5,discharging,False,True,False,False,False,False,0,0,32770,0,1024,0
2026-08-14T04:03:03.442,2795053,11122,7.924,7.9115,3.9592,3.9614,-0.0368,-0.0021,-0.147,77.4,8831,11400,115.9,0.0,22.8,24.7,discharging,False,True,False,False,False,False,0,0,32770,0,1024,0
2026-08-14T04:03:03.940,2795553,11124,7.9181,7.9115,3.9599,3.9614,-0.0559,-0.0034,-0.222,77.4,8831,11400,115.9,0.0,22.8,24.6,discharging,False,True,False,False,False,False,0,0,32770,0,1024,0
2026-08-14T04:03:04.440,2796053,11126,7.9181,7.9115,3.9599,3.9616,-0.0465,0.0,-0.185,77.4,8831,11400,115.9,0.0,22.8,24.6,discharging,False,True,False,False,False,False,0,0,32770,0,1024,0
2026-08-14T04:03:04.937,2796553,11128,7.9228,7.4234,3.9599,3.9616,-0.0106,-0.0034,-0.043,77.4,8831,11400,115.9,0.0,22.8,24.7,idle,False,True,False,False,False,False,0,0,32770,0,1024,0
2026-08-14T04:03:05.436,2797053,11130,7.9228,7.4234,3.9575,3.9616,-0.0512,0.0,-0.203,77.4,8831,11400,115.9,0.0,22.8,24.5,discharging,False,True,False,False,False,False,0,0,32770,0,1024,0
2026-08-14T04:03:05.934,2797553,11132,7.9228,7.4234,3.9575,3.9612,-0.0196,-0.0012,-0.078,77.4,8831,11400,115.9,0.0,22.8,24.5,idle,False,True,False,False,False,False,0,0,32770,0,1024,0
2026-08-14T04:03:06.434,2798053,11134,7.9203,7.3181,3.9575,3.9612,-0.0568,-0.0037,-0.225,77.4,8831,11400,115.9,0.0,22.8,24.6,discharging,False,True,False,False,False,False,0,0,32770,0,1024,0
2026-08-14T04:03:06.932,2798553,11136,7.9203,7.3181,3.959,3.9612,-0.0393,0.0,-0.156,77.4,8831,11400,115.9,0.0,22.8,24.6,discharging,False,True,False,False,False,False,0,0,32770,0,1024,0
2026-08-14T04:03:07.430,2799053,11138,7.9203,7.7959,3.959,3.9607,-0.0296,-0.0043,-0.118,77.4,8831,11400,115.9,0.0,22.8,24.6,idle,False,True,False,False,False,False,0,0,32770,0,1024,0
2026-08-14T04:03:07.929,2799553,11140,7.9168,7.7959,3.959,3.9607,-0.0368,-0.0025,-0.147,77.4,8831,11400,115.9,0.0,22.8,24.5,discharging,False,True,False,False,False,False,0,0,32770,0,1024,0
2026-08-14T04:03:08.429,2800053,11142,7.9168,7.7959,3.9593,3.9614,-0.0118,-0.0031,-0.048,77.4,8831,11400,115.9,0.0,22.8,24.5,idle,False,True,False,False,False,False,0,0,32770,0,1024,0
2026-08-14T04:03:08.927,2800553,11144,7.9168,7.8218,3.9593,3.9614,-0.0303,-0.0018,-0.121,77.4,8831,11400,115.9,0.0,22.8,24.5,discharging,False,True,False,False,False,False,0,0,32770,0,1024,0
2026-08-14T04:03:09.425,2801053,11146,7.9153,7.8218,3.9593,3.9614,-0.0493,0.0,-0.196,77.4,8831,11400,115.9,0.0,22.8,24.6,discharging,False,True,False,False,False,False,0,0,32770,0,1024,0
2026-08-14T04:03:09.924,2801553,11148,7.9153,7.8218,3.9588,3.9608,-0.0493,-0.0062,-0.196,77.4,8831,11400,115.9,0.0,22.8,24.6,discharging,False,True,False,False,False,False,0,0,32770,0,1024,0
2026-08-14T04:03:10.422,2802053,11150,7.9153,7.3953,3.9588,3.9608,-0.0493,-0.0031,-0.196,77.4,8831,11400,115.9,0.0,22.8,24.5,discharging,False,True,False,False,False,False,0,0,32770,0,1024,0
2026-08-14T04:03:10.921,2802553,11152,7.9159,7.3953,3.9597,3.9608,-0.0546,-0.0065,-0.217,77.4,8831,11400,115.9,0.0,22.8,24.7,discharging,False,True,False,False,False,False,0,0,32770,0,1024,0
2026-08-14T04:03:11.419,2803053,11154,7.9159,7.3953,3.9597,3.9612,-0.0006,0.0,-0.003,77.4,8831,11400,115.9,0.0,22.8,24.7,idle,False,True,False,False,False,False,0,0,32770,0,1024,0
2026-08-14T04:03:11.917,2803553,11156,7.9228,7.3165,3.9597,3.9612,-0.0715,0.0,-0.284,77.4,8831,11400,115.9,0.0,22.8,24.5,discharging,False,True,False,False,False,False,0,0,32770,0,1024,0
2026-08-14T04:03:12.416,2804053,11158,7.9228,7.3165,3.9599,3.9612,-0.0328,0.0,-0.131,77.4,8831,11400,115.9,0.0,22.8,24.5,discharging,False,True,False,False,False,False,0,0,32770,0,1024,0
2026-08-14T04:03:12.915,2804553,11160,7.9228,7.3165,3.9599,3.9607,-0.0543,-0.0031,-0.216,77.4,8831,11400,115.9,0.0,22.8,24.5,discharging,False,True,False,False,False,False,0,0,32770,0,1024,0
2026-08-14T04:03:13.413,2805053,11162,7.9168,7.8603,3.9599,3.9607,-0.0381,-0.0062,-0.152,77.4,8831,11400,115.9,0.0,22.8,24.7,discharging,False,True,False,False,False,False,0,0,32770,0,1024,0
2026-08-14T04:03:13.911,2805553,11164,7.9168,7.8603,3.9596,3.9607,-0.0165,-0.0012,-0.065,77.4,8831,11400,115.9,0.0,22.8,24.6,idle,False,True,False,False,False,False,0,0,32770,0,1024,0
2026-08-14T04:03:14.410,2806053,11166,7.9168,7.8803,3.9596,3.961,-0.0359,-0.0021,-0.142,77.4,8831,11400,115.9,0.0,22.8,24.5,discharging,False,True,False,False,False,False,0,0,32770,0,1024,0
2026-08-14T04:03:14.908,2806553,11168,7.9212,7.8803,3.9596,3.961,-0.0471,0.0,-0.187,77.4,8831,11400,115.9,0.0,22.8,24.7,discharging,False,True,False,False,False,False,0,0,32770,0,1024,0
2026-08-14T04:03:15.407,2807053,11170,7.9212,7.8803,3.9582,3.961,-0.0512,-0.0034,-0.203,77.4,8831,11400,115.9,0.0,22.8,24.5,discharging,False,True,False,False,False,False,0,0,32770,0,1024,0
2026-08-14T04:03:15.906,2807553,11172,7.9212,7.4121,3.9582,3.9601,-0.0503,-0.0031,-0.2,77.4,8831,11400,115.9,0.0,22.8,24.6,discharging,False,True,False,False,False,False,0,0,32770,0,1024,0
2026-08-14T04:03:16.404,2808053,11174,7.9181,7.4121,3.9582,3.9601,-0.015,-0.004,-0.06,77.4,8831,11400,115.9,0.0,22.8,24.6,idle,False,True,False,False,False,False,0,0,32770,0,1024,0
2026-08-14T04:03:16.902,2808553,11176,7.9181,7.4121,3.9593,3.9603,-0.0159,0.0,-0.064,77.4,8831,11400,115.9,0.0,22.8,24.6,idle,False,True,False,False,False,False,0,0,32770,0,1024,0
2026-08-14T04:03:17.401,2809053,11178,7.9181,7.3359,3.9593,3.9603,-0.065,0.0,-0.257,77.4,8831,11400,115.9,0.0,22.8,24.8,discharging,False,True,False,False,False,False,0,0,32770,0,1024,0
2026-08-14T04:03:17.900,2809553,11180,7.9181,7.3359,3.9582,3.9603,-0.0346,-0.0034,-0.137,77.4,8831,11400,115.9,0.0,22.8,24.8,discharging,False,True,False,False,False,False,0,0,32770,0,1024,0
2026-08-14T04:03:18.399,2810053,11182,7.9181,7.3359,3.9582,3.961,-0.0515,-0.0034,-0.204,77.4,8831,11400,115.9,0.0,22.9,24.8,discharging,False,True,False,False,False,False,0,0,32770,0,1024,0
2026-08-14T04:03:18.896,2810553,11184,7.9181,7.884,3.9582,3.961,-0.0175,-0.004,-0.07,77.4,8831,11400,115.9,0.0,22.9,24.7,idle,False,True,False,False,False,False,0,0,32770,0,1024,0
2026-08-14T04:03:19.395,2811053,11186,7.9181,7.884,3.9592,3.961,-0.014,-0.0009,-0.056,77.4,8831,11400,115.9,0.0,22.9,24.6,idle,False,True,False,False,False,False,0,0,32770,0,1024,0
2026-08-14T04:03:19.894,2811553,11188,7.9181,7.884,3.9592,3.9612,-0.0353,0.0,-0.14,77.4,8831,11400,115.9,0.0,22.9,24.6,discharging,True,True,False,False,False,False,0,0,32770,0,1024,0
2026-08-14T04:03:20.393,2812053,11190,7.9218,7.5725,3.9592,3.9612,-0.0403,-0.0046,-0.16,77.4,8831,11400,115.9,0.0,22.9,24.7,discharging,False,True,False,False,False,False,0,0,32770,0,1024,0
2026-08-14T04:03:20.892,2812553,11192,7.9218,7.5725,3.9592,3.9612,-0.0693,-0.0043,-0.275,77.4,8831,11400,115.9,0.0,22.9,24.7,discharging,False,True,False,False,False,False,0,0,32770,0,1024,0
2026-08-14T04:03:21.390,2813053,11194,7.9218,7.4903,3.9592,3.9616,-0.0493,0.0,-0.196,77.4,8831,11400,115.9,0.0,22.9,24.6,discharging,False,True,False,False,False,False,0,0,32770,0,1024,0
2026-08-14T04:03:21.888,2813553,11196,7.9168,7.4903,3.9592,3.9616,-0.0168,-0.004,-0.067,77.4,8831,11400,115.9,0.0,22.9,24.7,idle,False,True,False,False,False,False,0,0,32770,0,1024,0
2026-08-14T04:03:22.388,2814053,11198,7.9168,7.4903,3.9601,3.9616,-0.0534,0.0,-0.212,77.4,8831,11400,115.9,0.0,22.9,24.6,discharging,False,True,False,False,False,False,0,0,32770,0,1024,0
2026-08-14T04:03:22.886,2814553,11200,7.9168,7.364,3.9601,3.9605,-0.0621,0.0,-0.246,77.4,8831,11400,115.9,0.0,22.9,24.6,discharging,False,True,False,False,False,False,0,0,32770,0,1024,0
2026-08-14T04:03:23.385,2815053,11202,7.9181,7.364,3.9601,3.9605,-0.0531,-0.0031,-0.211,77.4,8831,11400,115.9,0.0,22.9,24.7,discharging,False,True,False,False,False,False,0,0,32770,0,1024,0
2026-08-14T04:03:23.883,2815553,11204,7.9181,7.364,3.9607,3.9617,-0.0634,0.0,-0.252,77.4,8831,11400,115.9,0.0,22.9,24.8,discharging,False,True,False,False,False,False,0,0,32770,0,1024,0
2026-08-14T04:03:24.381,2816053,11206,7.9181,7.8025,3.9607,3.9617,-0.0196,0.0,-0.078,77.4,8831,11400,115.9,0.0,22.9,24.5,idle,False,True,False,False,False,False,0,0,32770,0,1024,0
2026-08-14T04:03:24.881,2816553,11208,7.9175,7.8025,3.9597,3.9617,-0.0337,-0.0012,-0.134,77.4,8831,11400,115.9,0.0,22.9,24.6,discharging,False,True,False,False,False,False,0,0,32770,0,1024,0
2026-08-14T04:03:25.379,2817053,11210,7.9175,7.8025,3.9597,3.9614,-0.0215,-0.0012,-0.086,77.4,8831,11400,115.9,0.0,22.9,24.6,idle,False,True,False,False,False,False,0,0,32770,0,1024,0
2026-08-14T04:03:25.878,2817553,11212,7.9175,7.6312,3.9597,3.9614,-0.05,0.0,-0.198,77.4,8831,11400,115.9,0.0,22.9,24.5,discharging,False,True,False,False,False,False,0,0,32770,0,1024,0
2026-08-14T04:03:26.377,2818053,11214,7.9181,7.6312,3.959,3.9614,-0.0521,-0.005,-0.208,77.4,8831,11400,115.9,0.0,22.9,24.5,discharging,False,True,False,False,False,False,0,0,32770,0,1024,0
2026-08-14T04:03:26.876,2818553,11216,7.9181,7.6312,3.959,3.9614,-0.0346,-0.0021,-0.137,77.4,8831,11400,115.9,0.0,22.9,24.5,discharging,False,True,False,False,False,False,0,0,32770,0,1024,0
2026-08-14T04:03:27.374,2819053,11218,7.9168,7.4403,3.959,3.9614,-0.06,0.0,-0.238,77.4,8831,11400,115.9,0.0,22.9,24.8,discharging,False,True,False,False,False,False,0,0,32770,0,1024,0
2026-08-14T04:03:27.872,2819553,11220,7.9168,7.4403,3.9603,3.9614,-0.0203,-0.0046,-0.081,77.4,8831,11400,115.9,0.0,22.9,24.7,idle,False,True,False,False,False,False,0,0,32770,0,1024,0
2026-08-14T04:03:28.372,2820053,11222,7.9168,7.3018,3.9603,3.9607,-0.055,-0.0053,-0.219,77.4,8831,11400,115.9,0.0,22.9,24.6,discharging,False,True,False,False,False,False,0,0,32770,0,1024,0
2026-08-14T04:03:28.870,2820553,11224,7.9212,7.3018,3.9603,3.9607,-0.0506,-0.0031,-0.201,77.4,8831,11400,115.9,0.0,22.9,24.7,discharging,False,True,False,False,False,False,0,0,32770,0,1024,0
2026-08-14T04:03:29.368,2821053,11226,7.9212,7.3018,3.9597,3.9607,-0.0296,-0.005,-0.118,77.4,8831,11400,115.9,0.0,22.9,24.6,idle,False,True,False,False,False,False,0,0,32770,0,1024,0
2026-08-14T04:03:29.867,2821553,11228,7.9212,7.655,3.9597,3.9607,-0.0581,-0.009,-0.23,77.4,8831,11400,115.9,0.0,22.9,24.5,discharging,False,True,False,False,False,False,0,0,32770,0,1024,0
2026-08-14T04:03:30.366,2822053,11230,7.9121,7.655,3.9597,3.9607,-0.0331,-0.0021,-0.131,77.4,8831,11400,115.9,0.0,22.9,24.8,discharging,False,True,False,False,False,False,0,0,32770,0,1024,0
2026-08-14T04:03:30.864,2822553,11232,7.9121,7.655,3.959,3.9601,-0.0312,0.0,-0.124,77.4,8831,11400,115.9,0.0,22.9,24.6,discharging,False,True,False,False,False,False,0,0,32770,0,1024,0
2026-08-14T04:03:31.363,2823053,11234,7.9121,7.6356,3.959,3.9601,-0.0412,0.0,-0.164,77.4,8831,11400,115.9,0.0,22.9,24.8,discharging,False,True,False,False,False,False,0,0,32770,0,1024,0
2026-08-14T04:03:31.862,2823553,11236,7.9143,7.6356,3.9597,3.9601,-0.0512,-0.0034,-0.203,77.4,8831,11400,115.9,0.0,22.9,24.5,discharging,False,True,False,False,False,False,0,0,32770,0,1024,0
2026-08-14T04:03:32.360,2824053,11238,7.9143,7.6356,3.9597,3.9607,-0.0362,-0.0065,-0.144,77.4,8831,11400,115.9,0.0,22.8,24.5,discharging,False,True,False,False,False,False,0,0,32770,0,1024,0
2026-08-14T04:03:32.859,2824553,11240,7.9143,7.7878,3.9597,3.9607,-0.0175,-0.0009,-0.07,77.4,8831,11400,115.9,0.0,22.8,24.6,idle,False,True,False,False,False,False,0,0,32770,0,1024,0
2026-08-14T04:03:33.358,2825053,11242,7.9203,7.7878,3.9588,3.9607,-0.0484,-0.0031,-0.192,77.4,8831,11400,115.9,0.0,22.8,24.7,discharging,False,True,False,False,False,False,0,0,32770,0,1024,0
2026-08-14T04:03:33.857,2825553,11244,7.9203,7.7878,3.9588,3.961,-0.064,0.0,-0.254,77.4,8831,11400,115.9,0.0,22.9,24.7,discharging,False,True,False,False,False,False,0,0,32770,0,1024,0
2026-08-14T04:03:34.355,2826053,11246,7.9153,7.304,3.9588,3.961,-0.0181,-0.0034,-0.072,77.4,8831,11400,115.9,0.0,22.9,24.6,idle,False,True,False,False,False,False,0,0,32770,0,1024,0
2026-08-14T04:03:34.854,2826553,11248,7.9153,7.304,3.9596,3.961,-0.0353,0.0,-0.14,77.4,8831,11400,115.9,0.0,22.9,24.7,discharging,False,True,False,False,False,False,0,0,32770,0,1024,0
2026-08-14T04:03:35.352,2827053,11250,7.9153,7.304,3.9596,3.961,-0.0281,-0.0018,-0.112,77.4,8831,11400,115.9,0.0,22.8,24.6,idle,False,True,False,False,False,False,0,0,32770,0,1024,0
2026-08-14T04:03:35.851,2827553,11252,7.9218,7.5903,3.9596,3.961,-0.0343,-0.0021,-0.137,77.4,8831,11400,115.9,0.0,22.8,24.6,discharging,False,True,False,False,False,False,0,0,32770,0,1024,0
2026-08-14T04:03:36.350,2828053,11254,7.9218,7.5903,3.9596,3.961,-0.0509,0.0,-0.203,77.4,8831,11400,115.9,0.0,22.8,24.8,discharging,False,True,False,False,False,False,0,0,32770,0,1024,0
2026-08-14T04:03:36.848,2828553,11256,7.9218,7.5071,3.9596,3.961,-0.0515,-0.005,-0.204,77.4,8831,11400,115.9,0.0,22.8,24.6,discharging,False,True,False,False,False,False,0,0,32770,0,1024,0
2026-08-14T04:03:37.347,2829053,11258,7.9196,7.5071,3.9596,3.961,-0.05,-0.0031,-0.198,77.4,8831,11400,115.9,0.0,22.8,24.5,discharging,False,True,False,False,False,False,0,0,32770,0,1024,0
2026-08-14T04:03:37.845,2829553,11260,7.9196,7.5071,3.9597,3.961,-0.0178,-0.004,-0.072,77.4,8831,11400,115.9,0.0,22.8,24.6,idle,False,True,False,False,False,False,0,0,32770,0,1024,0
2026-08-14T04:03:38.345,2830053,11262,7.9196,7.3975,3.9597,3.961,-0.0471,0.0,-0.187,77.4,8831,11400,115.9,0.0,22.8,24.6,discharging,False,True,False,False,False,False,0,0,32770,0,1024,0
2026-08-14T04:03:38.844,2830553,11264,7.9181,7.3975,3.9597,3.961,-0.0662,-0.004,-0.262,77.4,8831,11400,115.9,0.0,22.8,24.7,discharging,False,True,False,False,False,False,0,0,32770,0,1024,0
2026-08-14T04:03:39.342,2831053,11266,7.9181,7.3975,3.9593,3.9621,-0.0181,-0.0056,-0.072,77.4,8831,11400,115.9,0.0,22.8,24.6,idle,False,True,False,False,False,False,0,0,32770,0,1024,0
2026-08-14T04:03:39.842,2831553,11268,7.9181,7.31,3.9593,3.9621,-0.0681,0.0,-0.27,77.4,8831,11400,115.9,0.0,22.8,24.6,discharging,False,True,False,False,False,False,0,0,32770,0,1024,0
2026-08-14T04:03:40.340,2832053,11270,7.9159,7.31,3.9588,3.9621,-0.0378,-0.0053,-0.15,77.4,8831,11400,115.9,0.0,22.8,24.6,discharging,False,True,False,False,False,False,0,0,32770,0,1024,0
2026-08-14T04:03:40.838,2832553,11272,7.9159,7.31,3.9588,3.9621,-0.0546,-0.0034,-0.217,77.4,8831,11400,115.9,0.0,22.8,24.6,discharging,False,True,False,False,False,False,0,0,32770,0,1024,0
2026-08-14T04:03:41.336,2833053,11274,7.9212,7.7015,3.9588,3.9621,-0.0381,0.0,-0.152,77.4,8831,11400,115.9,0.0,22.8,24.6,discharging,False,True,False,False,False,False,0,0,32770,0,1024,0
2026-08-14T04:03:41.835,2833553,11276,7.9212,7.7015,3.9601,3.9621,-0.0175,-0.0034,-0.07,77.4,8831,11400,115.9,0.0,22.8,24.7,idle,False,True,False,False,False,False,0,0,32770,0,1024,0
2026-08-14T04:03:42.334,2834053,11278,7.9212,7.7015,3.9601,3.961,-0.0346,0.0,-0.137,77.4,8831,11400,115.9,0.0,22.9,24.7,discharging,False,True,False,False,False,False,0,0,32770,0,1024,0
2026-08-14T04:03:42.832,2834553,11280,7.9137,7.9025,3.9601,3.961,-0.0528,-0.0053,-0.209,77.4,8831,11400,115.9,0.0,22.9,24.6,discharging,False,True,False,False,False,False,0,0,32770,0,1024,0
2026-08-14T04:03:43.332,2835053,11282,7.9137,7.9025,3.959,3.961,-0.0487,-0.0031,-0.193,77.4,8831,11400,115.9,0.0,22.9,24.7,discharging,False,True,False,False,False,False,0,0,32770,0,1024,0
2026-08-14T04:03:43.830,2835553,11284,7.9137,7.4284,3.959,3.9621,-0.0484,-0.0031,-0.192,77.4,8831,11400,115.9,0.0,22.8,24.6,discharging,False,True,False,False,False,False,0,0,32770,0,1024,0
2026-08-14T04:03:44.328,2836053,11286,7.9109,7.4284,3.959,3.9621,-0.0168,-0.004,-0.067,77.4,8831,11400,115.9,0.0,22.8,24.7,idle,False,True,False,False,False,False,0,0,32770,0,1024,0
2026-08-14T04:03:44.826,2836553,11288,7.9109,7.4284,3.9596,3.9612,-0.0165,0.0,-0.065,77.4,8831,11400,115.9,0.0,22.8,24.7,idle,False,True,False,False,False,False,0,0,32770,0,1024,0
2026-08-14T04:03:45.326,2837053,11290,7.9109,7.3181,3.9596,3.9612,-0.0712,0.0,-0.283,77.4,8831,11400,115.9,0.0,22.8,24.7,discharging,True,True,False,False,False,False,0,0,32770,0,1024,0
2026-08-14T04:03:45.825,2837553,11292,7.9115,7.3181,3.9596,3.9612,-0.0487,-0.0028,-0.193,77.4,8831,11400,115.9,0.0,22.8,24.6,discharging,False,True,False,False,False,False,0,0,32770,0,1024,0
2026-08-14T04:03:46.323,2838053,11294,7.9115,7.3181,3.9599,3.9612,-0.0512,-0.0031,-0.203,77.4,8831,11400,115.9,0.0,22.8,24.7,discharging,False,True,False,False,False,False,0,0,32770,0,1024,0
2026-08-14T04:03:46.822,2838553,11296,7.9115,7.8196,3.9599,3.9612,-0.0243,0.0,-0.097,77.4,8831,11400,115.9,0.0,22.8,24.7,idle,False,True,False,False,False,False,0,0,32770,0,1024,0
2026-08-14T04:03:47.320,2839053,11298,7.9143,7.8196,3.9597,3.9612,-0.0175,-0.0031,-0.07,77.4,8831,11400,115.9,0.0,22.8,24.5,idle,False,True,False,False,False,False,0,0,32770,0,1024,0
2026-08-14T04:03:47.819,2839553,11300,7.9143,7.8196,3.9597,3.9619,-0.0346,-0.005,-0.137,77.4,8831,11400,115.9,0.0,22.8,24.5,discharging,False,True,False,False,False,False,0,0,32770,0,1024,0
2026-08-14T04:03:48.318,2840053,11302,7.9196,7.7534,3.9597,3.9619,-0.0546,-0.0025,-0.217,77.4,8831,11400,115.9,0.0,22.8,24.6,discharging,False,True,False,False,False,False,0,0,32770,0,1024,0
2026-08-14T04:03:48.817,2840553,11304,7.9196,7.7534,3.9584,3.9619,-0.0693,-0.0043,-0.275,77.4,8831,11400,115.9,0.0,22.8,24.7,discharging,False,True,False,False,False,False,0,0,32770,0,1024,0
2026-08-14T04:03:49.316,2841053,11306,7.9196,7.7534,3.9584,3.9619,-0.0462,0.0,-0.184,77.4,8831,11400,115.9,0.0,22.8,24.7,discharging,False,True,False,False,False,False,0,0,32770,0,1024,0
2026-08-14T04:03:49.818,2841553,11308,7.9218,7.4678,3.9584,3.9619,-0.02,-0.0043,-0.08,77.4,8831,11400,115.9,0.0,22.8,24.5,idle,False,True,False,False,False,False,0,0,32770,0,1024,0
2026-08-14T04:03:50.313,2842053,11310,7.9218,7.4678,3.9596,3.9619,-0.0475,0.0,-0.188,77.4,8831,11400,115.9,0.0,22.8,24.6,discharging,False,True,False,False,False,False,0,0,32770,0,1024,0
2026-08-14T04:03:50.811,2842553,11312,7.9218,7.3537,3.9596,3.9607,-0.064,-0.0053,-0.254,77.4,8831,11400,115.9,0.0,22.9,24.7,discharging,False,True,False,False,False,False,0,0,32770,0,1024,0
2026-08-14T04:03:51.310,2843053,11314,7.9115,7.3537,3.9596,3.9607,-0.0525,-0.0031,-0.208,77.4,8831,11400,115.9,0.0,22.9,24.6,discharging,False,True,False,False,False,False,0,0,32770,0,1024,0
2026-08-14T04:03:51.809,2843553,11316,7.9115,7.3537,3.9593,3.961,-0.0321,0.0,-0.128,77.4,8831,11400,115.9,0.0,22.9,24.7,discharging,False,True,False,False,False,False,0,0,32770,0,1024,0
2026-08-14T04:03:52.308,2844053,11318,7.9115,7.7668,3.9593,3.961,-0.0325,0.0,-0.129,77.4,8831,11400,115.9,0.0,22.8,24.6,discharging,False,True,False,False,False,False,0,0,32770,0,1024,0
2026-08-14T04:03:52.806,2844553,11320,7.9218,7.7668,3.9593,3.961,-0.0309,-0.0018,-0.123,77.4,8831,11400,115.9,0.0,22.8,24.6,discharging,False,True,False,False,False,False,0,0,32770,0,1024,0
2026-08-14T04:03:53.305,2845053,11322,7.9218,7.7668,3.9599,3.9619,-0.0343,-0.005,-0.137,77.4,8831,11400,115.9,0.0,22.8,24.5,discharging,False,True,False,False,False,False,0,0,32770,0,1024,0
2026-08-14T04:03:53.804,2845553,11324,7.9218,7.8818,3.9599,3.9619,-0.0343,-0.0021,-0.137,77.4,8831,11400,115.9,0.0,22.8,24.6,discharging,False,True,False,False,False,False,0,0,32770,0,1024,0
2026-08-14T04:03:54.302,2846053,11326,7.9159,7.8818,3.9599,3.9619,-0.0484,-0.0031,-0.192,77.4,8831,11400,115.9,0.0,22.8,24.7,discharging,False,True,False,False,False,False,0,0,32770,0,1024,0
2026-08-14T04:03:54.801,2846553,11328,7.9159,7.8818,3.9599,3.9612,-0.0434,0.0,-0.172,77.4,8831,11400,115.9,0.0,22.8,24.7,discharging,False,True,False,False,False,False,0,0,32770,0,1024,0
2026-08-14T04:03:55.299,2847053,11330,7.9228,7.4293,3.9599,3.9612,-0.0162,-0.0031,-0.065,77.4,8831,11400,115.9,0.0,22.8,24.7,idle,False,True,False,False,False,False,0,0,32770,0,1024,0
2026-08-14T04:03:55.798,2847553,11332,7.9228,7.4293,3.9588,3.9612,-0.0565,0.0,-0.224,77.4,8831,11400,115.9,0.0,22.8,24.7,discharging,False,True,False,False,False,False,0,0,32770,0,1024,0
2026-08-14T04:03:56.296,2848053,11334,7.9228,7.4293,3.9588,3.961,-0.0134,-0.0009,-0.054,77.4,8831,11400,115.9,0.0,22.8,24.7,idle,False,True,False,False,False,False,0,0,32770,0,1024,0
2026-08-14T04:03:56.796,2848553,11336,7.9175,7.3106,3.9588,3.961,-0.0515,-0.0034,-0.204,77.4,8831,11400,115.9,0.0,22.8,24.8,discharging,False,True,False,False,False,False,0,0,32770,0,1024,0
2026-08-14T04:03:57.294,2849053,11338,7.9175,7.3106,3.9596,3.961,-0.0343,0.0,-0.137,77.4,8831,11400,115.9,0.0,22.8,24.6,discharging,False,True,False,False,False,False,0,0,32770,0,1024,0
2026-08-14T04:03:57.793,2849553,11340,7.9175,7.7906,3.9596,3.961,-0.0318,-0.005,-0.126,77.4,8831,11400,115.9,0.0,22.8,24.7,discharging,False,True,False,False,False,False,0,0,32770,0,1024,0
2026-08-14T04:03:58.291,2850053,11342,7.9159,7.7906,3.9596,3.961,-0.0306,-0.0018,-0.121,77.4,8831,11400,115.9,0.0,22.8,24.7,discharging,False,True,False,False,False,False,0,0,32770,0,1024,0
2026-08-14T04:03:58.789,2850553,11344,7.9159,7.7906,3.9616,3.961,-0.0184,-0.0031,-0.073,77.4,8831,11400,115.9,0.0,22.8,24.6,idle,False,True,False,False,False,False,0,0,32770,0,1024,0
2026-08-14T04:03:59.288,2851053,11346,7.9159,7.7403,3.9616,3.9593,-0.0162,-0.0009,-0.065,77.4,8831,11400,115.9,0.0,22.8,24.7,idle,False,True,False,False,False,False,0,0,32770,0,1024,0
2026-08-14T04:03:59.787,2851553,11348,7.9196,7.7403,3.9616,3.9593,-0.0584,0.0,-0.232,77.4,8831,11400,115.9,0.0,22.8,24.6,discharging,False,True,False,False,False,False,0,0,32770,0,1024,0
2026-08-14T04:04:00.286,2852053,11350,7.9196,7.7403,3.9584,3.9605,-0.0681,-0.0071,-0.27,77.4,8831,11400,115.9,0.0,22.8,24.5,discharging,False,True,False,False,False,False,0,0,32770,0,1024,0
2026-08-14T04:04:00.785,2852553,11352,7.9196,7.3062,3.9584,3.9605,-0.0728,-0.0046,-0.289,77.4,8831,11400,115.9,0.0,22.8,24.4,discharging,False,True,False,False,False,False,0,0,32770,0,1024,0
2026-08-14T04:04:01.284,2853053,11354,7.9212,7.3062,3.9586,3.9605,-0.0368,-0.0075,-0.147,77.4,8831,11400,115.9,0.0,22.8,24.6,discharging,False,True,False,False,False,False,0,0,32770,0,1024,0
2026-08-14T04:04:01.781,2853553,11356,7.9212,7.3062,3.9586,3.9607,-0.019,-0.0012,-0.076,77.4,8831,11400,115.9,0.0,22.8,24.6,idle,False,True,False,False,False,False,0,0,32770,0,1024,0
2026-08-14T04:04:02.280,2854053,11358,7.9212,7.6281,3.9586,3.9607,-0.0515,0.0,-0.204,77.4,8831,11400,115.9,0.0,22.8,24.6,discharging,False,True,False,False,False,False,0,0,32770,0,1024,0
2026-08-14T04:04:02.779,2854553,11360,7.9168,7.6281,3.959,3.9607,-0.0481,0.0,-0.192,77.4,8831,11400,115.9,0.0,22.8,24.5,discharging,False,True,False,False,False,False,0,0,32770,0,1024,0
2026-08-14T04:04:03.278,2855053,11362,7.9168,7.6281,3.959,3.9607,-0.0381,-0.0025,-0.152,77.4,8831,11400,115.9,0.0,22.8,24.5,discharging,False,True,False,False,False,False,0,0,32770,0,1024,0
2026-08-14T04:04:03.776,2855553,11364,7.919,7.5153,3.959,3.9607,-0.0512,-0.0031,-0.203,77.4,8831,11400,115.9,0.0,22.8,24.4,discharging,False,True,False,False,False,False,0,0,32770,0,1024,0
2026-08-14T04:04:04.274,2856053,11366,7.919,7.5153,3.9596,3.9607,-0.0184,-0.004,-0.073,77.4,8831,11400,115.9,0.0,22.8,24.6,idle,False,True,False,False,False,False,0,0,32770,0,1024,0
2026-08-14T04:04:04.774,2856553,11368,7.919,7.35,3.9596,3.9623,-0.0671,-0.0087,-0.267,77.4,8831,11400,115.9,0.0,22.8,24.6,discharging,False,True,False,False,False,False,0,0,32770,0,1024,0
2026-08-14T04:04:05.272,2857053,11370,7.9181,7.35,3.9596,3.9623,-0.0481,-0.0028,-0.192,77.4,8831,11400,115.9,0.0,22.8,24.7,discharging,False,True,False,False,False,False,0,0,32770,0,1024,0
2026-08-14T04:04:05.771,2857553,11372,7.9181,7.35,3.9588,3.9623,-0.0353,0.0,-0.14,77.4,8831,11400,115.9,0.0,22.8,24.6,discharging,False,True,False,False,False,False,0,0,32770,0,1024,0
2026-08-14T04:04:06.269,2858053,11374,7.9181,7.8268,3.9588,3.9607,-0.0262,0.0,-0.104,77.4,8831,11400,115.9,0.0,22.8,24.7,idle,False,True,False,False,False,False,0,0,32770,0,1024,0
2026-08-14T04:04:06.768,2858553,11376,7.9181,7.8268,3.9588,3.9607,-0.0303,-0.0021,-0.12,77.4,8831,11400,115.9,0.0,22.8,24.6,discharging,False,True,False,False,False,False,0,0,32770,0,1024,0
2026-08-14T04:04:07.267,2859053,11378,7.9181,7.8268,3.9588,3.9612,-0.0365,-0.0028,-0.145,77.4,8831,11400,115.9,0.0,22.9,24.6,discharging,False,True,False,False,False,False,0,0,32770,0,1024,0
2026-08-14T04:04:07.765,2859553,11380,7.9181,7.8521,3.9588,3.9612,-0.0362,-0.0021,-0.144,77.4,8831,11400,115.9,0.0,22.9,24.5,discharging,False,True,False,False,False,False,0,0,32770,0,1024,0
2026-08-14T04:04:08.263,2860053,11382,7.9153,7.8521,3.959,3.9612,-0.05,0.0,-0.198,77.4,8831,11400,115.9,0.0,22.9,24.6,discharging,False,True,False,False,False,False,0,0,32770,0,1024,0
2026-08-14T04:04:08.762,2860553,11384,7.9153,7.8521,3.959,3.9614,-0.0384,-0.0053,-0.153,77.4,8831,11400,115.9,0.0,22.8,24.6,discharging,False,True,False,False,False,False,0,0,32770,0,1024,0
2026-08-14T04:04:09.260,2861053,11386,7.9153,7.8521,3.9601,3.9614,-0.0287,-0.0018,-0.115,77.4,8831,11400,115.9,0.0,22.8,24.6,idle,True,True,False,False,False,False,0,0,32770,0,1024,0
2026-08-14T04:04:09.760,2861553,11388,7.9153,7.8521,3.9603,3.9603,-0.0237,-0.0056,-0.094,77.4,8831,11400,115.9,0.0,22.8,24.6,idle,True,True,False,False,False,False,0,0,32770,0,1024,0
2026-08-14T04:04:10.257,2862053,11390,7.9153,7.8521,3.9603,3.9607,-0.0284,-0.0071,-0.113,77.4,8831,11400,115.9,0.0,22.8,24.6,idle,True,True,False,False,False,False,0,0,32770,0,1024,0
2026-08-14T04:04:10.756,2862553,11392,7.9153,7.8521,3.9584,3.9605,-0.0284,-0.0087,-0.113,77.4,8831,11400,115.9,0.0,22.8,24.6,idle,True,True,False,False,False,False,0,0,32770,0,1024,0
2026-08-14T04:04:11.255,2863053,11394,7.9153,7.8521,3.9608,3.9605,-0.0362,-0.0115,-0.144,77.4,8831,11400,115.9,0.0,22.8,24.6,discharging,True,True,False,False,False,False,0,0,32770,0,1024,0
2026-08-14T04:04:11.753,2863553,11396,7.9153,7.8521,3.9584,3.9617,-0.0359,-0.0128,-0.142,77.4,8831,11400,115.9,0.0,22.8,24.6,discharging,True,True,False,False,False,False,0,0,32770,0,1024,0
2026-08-14T04:04:12.252,2864053,11398,7.9153,7.8521,3.9584,3.9605,-0.0425,-0.0159,-0.169,77.4,8831,11400,115.9,0.0,22.8,24.6,discharging,True,True,False,False,False,False,0,0,32770,0,1024,0
2026-08-14T04:04:12.751,2864553,11400,7.9153,7.8521,3.9601,3.9605,-0.0425,-0.0178,-0.169,77.4,8831,11400,115.9,0.0,22.8,24.5,discharging,True,True,False,False,False,False,0,0,32770,0,1024,0
2026-08-14T04:04:13.249,2865053,11402,7.9153,7.8521,3.9605,3.9608,-0.0431,-0.0196,-0.171,77.4,8831,11400,115.9,0.0,22.8,24.6,discharging,True,True,False,False,False,False,0,0,32770,0,1024,0
2026-08-14T04:04:13.748,2865553,11404,7.9153,7.8521,3.9605,3.9612,-0.0318,-0.0203,-0.126,77.4,8831,11400,115.9,0.0,22.8,24.6,discharging,True,True,False,False,False,False,0,0,32770,0,1024,0
2026-08-14T04:04:14.246,2866053,11406,7.9153,7.8521,3.9578,3.9603,-0.0381,-0.0206,-0.152,77.4,8831,11400,115.9,0.0,22.8,24.5,discharging,True,True,False,False,False,False,0,0,32770,0,1024,0
2026-08-14T04:04:14.744,2866553,11408,7.9153,7.8521,3.959,3.9603,-0.03,-0.0221,-0.12,77.4,8831,11400,115.9,0.0,22.8,24.7,idle,True,True,False,False,False,False,0,0,32770,0,1024,0
2026-08-14T04:04:15.242,2867053,11410,7.9153,7.8521,3.959,3.9608,-0.0265,-0.0225,-0.105,77.4,8831,11400,115.9,0.0,22.8,24.4,idle,True,True,False,False,False,False,0,0,32770,0,1024,0
2026-08-14T04:04:15.742,2867553,11412,7.9153,7.8521,3.959,3.9612,-0.034,-0.0237,-0.136,77.4,8831,11400,115.9,0.0,22.8,24.4,discharging,True,True,False,False,False,False,0,0,32770,0,1024,0
2026-08-14T04:04:16.240,2868053,11414,7.9153,7.9062,3.959,3.9612,-0.0309,-0.0243,-0.123,77.4,8831,11400,115.9,0.0,22.8,24.4,discharging,True,True,False,False,False,False,0,0,32770,0,1024,0
2026-08-14T04:04:16.739,2868553,11416,7.9159,7.9062,3.9597,3.9612,-0.04,-0.0256,-0.158,77.4,8831,11400,115.9,0.0,22.8,24.6,discharging,True,True,False,False,False,False,0,0,32770,0,1024,0
2026-08-14T04:04:17.237,2869053,11418,7.9159,7.9062,3.9597,3.9607,-0.0278,-0.0259,-0.11,77.4,8831,11400,115.9,0.0,22.8,24.6,idle,True,True,False,False,False,False,0,0,32770,0,1024,0
2026-08-14T04:04:17.736,2869553,11420,7.9159,7.9062,3.9601,3.9608,-0.0284,-0.0265,-0.113,77.4,8831,11400,115.9,0.0,22.8,24.7,idle,True,True,False,False,False,False,0,0,32770,0,1024,0
2026-08-14T04:04:18.234,2870053,11422,7.9159,7.9062,3.9578,3.9608,-0.0281,-0.0265,-0.112,77.4,8831,11400,115.9,0.0,22.8,24.5,idle,True,True,False,False,False,False,0,0,32770,0,1024,0
2026-08-14T04:04:18.733,2870553,11424,7.9159,7.9062,3.9584,3.9607,-0.0262,-0.0265,-0.104,77.4,8831,11400,115.9,0.0,22.8,24.5,idle,True,True,False,False,False,False,0,0,32770,0,1024,0
2026-08-14T04:04:19.232,2871053,11426,7.9159,7.9062,3.9584,3.9631,-0.0346,-0.0268,-0.137,77.4,8831,11400,115.9,0.0,22.8,24.6,discharging,True,True,False,False,False,False,0,0,32770,0,1024,0
2026-08-14T04:04:19.731,2871553,11428,7.9159,7.9062,3.9578,3.9631,-0.0328,-0.0271,-0.131,77.4,8831,11400,115.9,0.0,22.8,24.5,discharging,True,True,False,False,False,False,0,0,32770,0,1024,0
2026-08-14T04:04:20.230,2872053,11430,7.9159,7.9062,3.9593,3.9614,-0.034,-0.0278,-0.136,77.4,8831,11400,115.9,0.0,22.8,24.7,discharging,True,True,False,False,False,False,0,0,32770,0,1024,0
2026-08-14T04:04:20.728,2872553,11432,7.9159,7.9062,3.9593,3.9605,-0.025,-0.0275,-0.099,77.4,8831,11400,115.9,0.0,22.8,24.7,idle,True,True,False,False,False,False,0,0,32770,0,1024,0
2026-08-14T04:04:21.226,2873053,11434,7.9159,7.9062,3.9581,3.9599,-0.0225,-0.0271,-0.089,77.4,8831,11400,115.9,0.0,22.8,24.6,idle,True,True,False,False,False,False,0,0,32770,0,1024,0
2026-08-14T04:04:21.725,2873553,11436,7.9159,7.9062,3.9593,3.9599,-0.024,-0.0268,-0.096,77.4,8831,11400,115.9,0.0,22.8,24.6,idle,True,True,False,False,False,False,0,0,32770,0,1024,0
2026-08-14T04:04:22.224,2874053,11438,7.9159,7.9062,3.9593,3.9603,-0.0368,-0.0275,-0.147,77.4,8831,11400,115.9,0.0,22.8,24.5,discharging,True,True,False,False,False,False,0,0,32770,0,1024,0
2026-08-14T04:04:22.722,2874553,11440,7.9159,7.9062,3.9593,3.9614,-0.0296,-0.0275,-0.118,77.4,8831,11400,115.9,0.0,22.8,24.6,idle,True,True,False,False,False,False,0,0,32770,0,1024,0
2026-08-14T04:04:23.221,2875053,11442,7.9159,7.9062,3.9596,3.9614,-0.03,-0.0278,-0.12,77.4,8831,11400,115.9,0.0,22.8,24.5,idle,True,True,False,False,False,False,0,0,32770,0,1024,0
2026-08-14T04:04:23.720,2875553,11444,7.9159,7.9062,3.9584,3.9614,-0.0331,-0.0284,-0.131,77.4,8831,11400,115.9,0.0,22.8,24.6,discharging,True,True,False,False,False,False,0,0,32770,0,1024,0
2026-08-14T04:04:24.219,2876053,11446,7.9159,7.9062,3.9584,3.9614,-0.0403,-0.0293,-0.16,77.4,8831,11400,115.9,0.0,22.8,24.6,discharging,True,True,False,False,False,False,0,0,32770,0,1024,0
2026-08-14T04:04:24.718,2876553,11448,7.9159,7.9062,3.959,3.9619,-0.0325,-0.0293,-0.129,77.4,8831,11400,115.9,0.0,22.8,24.7,discharging,True,True,False,False,False,False,0,0,32770,0,1024,0
2026-08-14T04:04:25.216,2877053,11450,7.9159,7.9062,3.9599,3.9619,-0.0296,-0.0296,-0.118,77.4,8831,11400,115.9,0.0,22.8,24.4,idle,True,True,False,False,False,False,0,0,32770,0,1024,0
2026-08-14T04:04:25.714,2877553,11452,7.9159,7.9062,3.9599,3.9601,-0.03,-0.0296,-0.12,77.4,8831,11400,115.9,0.0,22.8,24.4,idle,True,True,False,False,False,False,0,0,32770,0,1024,0
2026-08-14T04:04:26.213,2878053,11454,7.9159,7.9062,3.959,3.9617,-0.0393,-0.03,-0.156,77.4,8831,11400,115.9,0.0,22.8,24.6,discharging,True,True,False,False,False,False,0,0,32770,0,1024,0
2026-08-14T04:04:26.711,2878553,11456,7.9159,7.9062,3.9588,3.9617,-0.025,-0.0296,-0.099,77.4,8831,11400,115.9,0.0,22.8,24.5,idle,True,True,False,False,False,False,0,0,32770,0,1024,0
2026-08-14T04:04:27.211,2879053,11458,7.9159,7.9062,3.9593,3.9614,-0.0309,-0.0303,-0.123,77.4,8831,11400,115.9,0.0,22.8,24.5,discharging,True,True,False,False,False,False,0,0,32770,0,1024,0
2026-08-14T04:04:27.709,2879553,11460,7.9159,7.9062,3.9593,3.9593,-0.0184,-0.0293,-0.073,77.4,8831,11400,115.9,0.0,22.8,24.6,idle,True,True,False,False,False,False,0,0,32770,0,1024,0
2026-08-14T04:04:28.208,2880053,11462,7.9159,7.9062,3.9586,3.9603,-0.0381,-0.03,-0.152,77.4,8831,11400,115.9,0.0,22.8,24.6,discharging,True,True,False,False,False,False,0,0,32770,0,1024,0
2026-08-14T04:04:28.706,2880553,11464,7.9159,7.9062,3.9592,3.9603,-0.029,-0.0306,-0.115,77.4,8831,11400,115.9,0.0,22.8,24.5,idle,True,True,False,False,False,False,0,0,32770,0,1024,0
2026-08-14T04:04:29.205,2881053,11466,7.9159,7.9062,3.9592,3.9599,-0.0431,-0.0312,-0.171,77.4,8831,11400,115.9,0.0,22.8,24.4,discharging,True,True,False,False,False,False,0,0,32770,0,1024,0
2026-08-14T04:04:29.704,2881553,11468,7.9159,7.9062,3.959,3.9596,-0.0381,-0.0312,-0.152,77.4,8831,11400,115.9,0.0,22.8,24.6,discharging,True,True,False,False,False,False,0,0,32770,0,1024,0
2026-08-14T04:04:30.203,2882053,11470,7.9159,7.9062,3.9593,3.9596,-0.0331,-0.0315,-0.131,77.4,8831,11400,115.9,0.0,22.8,24.7,discharging,True,True,False,False,False,False,0,0,32770,0,1024,0
2026-08-14T04:04:30.701,2882553,11472,7.9159,7.9062,3.959,3.9614,-0.0187,-0.0312,-0.075,77.4,8831,11400,115.9,0.0,22.8,24.7,idle,True,True,False,False,False,False,0,0,32770,0,1024,0
2026-08-14T04:04:31.200,2883053,11474,7.9159,7.9062,3.959,3.9607,-0.0362,-0.0315,-0.144,77.4,8831,11400,115.9,0.0,22.8,24.7,discharging,True,True,False,False,False,False,0,0,32770,0,1024,0
2026-08-14T04:04:31.699,2883553,11476,7.9159,7.9062,3.9586,3.9601,-0.0318,-0.0318,-0.126,77.4,8831,11400,115.9,0.0,22.8,24.7,discharging,True,True,False,False,False,False,0,0,32770,0,1024,0
2026-08-14T04:04:32.197,2884053,11478,7.9159,7.9062,3.9588,3.9601,-0.039,-0.0321,-0.155,77.4,8831,11400,115.9,0.0,22.8,24.6,discharging,True,True,False,False,False,False,0,0,32770,0,1024,0
2026-08-14T04:04:32.696,2884553,11480,7.9159,7.9062,3.9588,3.961,-0.0365,-0.0325,-0.145,77.4,8831,11400,115.9,0.0,22.8,24.6,discharging,True,True,False,False,False,False,0,0,32770,0,1024,0
2026-08-14T04:04:33.195,2885053,11482,7.9159,7.9062,3.9592,3.9614,-0.0434,-0.0334,-0.172,77.4,8831,11400,115.9,0.0,22.8,24.5,discharging,True,True,False,False,False,False,0,0,32770,0,1024,0
2026-08-14T04:04:33.693,2885553,11484,7.9159,7.9062,3.9599,3.9614,-0.0318,-0.0331,-0.126,77.4,8831,11400,115.9,0.0,22.8,24.4,discharging,True,True,False,False,False,False,0,0,32770,0,1024,0
2026-08-14T04:04:34.192,2886053,11486,7.9159,7.9062,3.9597,3.9619,-0.0328,-0.0328,-0.131,77.4,8831,11400,115.9,0.0,22.8,24.6,discharging,True,True,False,False,False,False,0,0,32770,0,1024,0
2026-08-14T04:04:34.691,2886553,11488,7.9159,7.9062,3.9597,3.9605,-0.0303,-0.0325,-0.121,77.4,8831,11400,115.9,0.0,22.8,24.6,discharging,True,True,False,False,False,False,0,0,32770,0,1024,0
2026-08-14T04:04:35.189,2887053,11490,7.9159,7.9062,3.9573,3.9616,-0.0287,-0.0321,-0.115,77.4,8831,11400,115.9,0.0,22.8,24.6,idle,True,True,False,False,False,False,0,0,32770,0,1024,0
2026-08-14T04:04:35.688,2887553,11492,7.9159,7.9062,3.9593,3.9616,-0.0381,-0.0318,-0.152,77.4,8831,11400,115.9,0.0,22.8,24.7,discharging,True,True,False,False,False,False,0,0,32770,0,1024,0
2026-08-14T04:04:36.186,2888053,11494,7.9159,7.9062,3.9593,3.9612,-0.0246,-0.0315,-0.099,77.4,8831,11400,115.9,0.0,22.8,24.5,idle,True,True,False,False,False,False,0,0,32770,0,1024,0
2026-08-14T04:04:36.685,2888553,11496,7.9159,7.9062,3.9586,3.9616,-0.0343,-0.0315,-0.137,77.4,8831,11400,115.9,0.0,22.8,24.8,discharging,True,True,False,False,False,False,0,0,32770,0,1024,0
2026-08-14T04:04:37.183,2889053,11498,7.9159,7.9062,3.9584,3.9616,-0.0215,-0.0309,-0.086,77.4,8831,11400,115.9,0.0,22.8,24.5,idle,True,True,False,False,False,False,0,0,32770,0,1024,0
2026-08-14T04:04:37.682,2889553,11500,7.9159,7.9062,3.9597,3.9614,-0.0418,-0.0315,-0.166,77.4,8831,11400,115.9,0.0,22.8,24.7,discharging,True,True,False,False,False,False,0,0,32770,0,1024,0
2026-08-14T04:04:38.181,2890053,11502,7.9159,7.9062,3.9597,3.9614,-0.0368,-0.0318,-0.147,77.4,8831,11400,115.9,0.0,22.8,24.7,discharging,True,True,False,False,False,False,0,0,32770,0,1024,0
2026-08-14T04:04:38.679,2890553,11504,7.9153,7.9062,3.9597,3.9614,-0.0137,-0.0321,-0.056,77.4,8831,11400,115.9,0.0,22.8,24.6,idle,True,True,False,False,False,False,0,0,32770,0,1024,0
2026-08-14T04:04:39.178,2891053,11506,7.9153,7.9062,3.9581,3.9614,-0.024,-0.0306,-0.096,77.4,8831,11400,115.9,0.0,22.8,24.5,idle,True,True,False,False,False,False,0,0,32770,0,1024,0
2026-08-14T04:04:39.677,2891553,11508,7.9153,7.9062,3.9581,3.9603,-0.0362,-0.0309,-0.144,77.4,8831,11400,115.9,0.0,22.8,24.5,discharging,True,True,False,False,False,False,0,0,32770,0,1024,0
2026-08-14T04:04:40.175,2892053,11510,7.9153,7.9062,3.9596,3.961,-0.039,-0.0318,-0.155,77.4,8831,11400,115.9,0.0,22.8,24.6,discharging,True,True,False,False,False,False,0,0,32770,0,1024,0
2026-08-14T04:04:40.673,2892553,11512,7.9153,7.9062,3.9597,3.961,-0.0328,-0.0318,-0.131,77.4,8831,11400,115.9,0.0,22.8,24.3,discharging,True,True,False,False,False,False,0,0,32770,0,1024,0
2026-08-14T04:04:41.172,2893053,11514,7.9153,7.9062,3.959,3.9603,-0.0303,-0.0315,-0.121,77.4,8831,11400,115.9,0.0,22.8,24.6,discharging,True,True,False,False,False,False,0,0,32770,0,1024,0
2026-08-14T04:04:41.671,2893553,11516,7.9153,7.9062,3.959,3.9608,-0.0303,-0.0315,-0.121,77.4,8831,11400,115.9,0.0,22.8,24.7,discharging,True,True,False,False,False,False,0,0,32770,0,1024,0
2026-08-14T04:04:42.169,2894053,11518,7.9153,7.9062,3.9596,3.9608,-0.0412,-0.0321,-0.164,77.4,8831,11400,115.9,0.0,22.8,24.4,discharging,True,True,False,False,False,False,0,0,32770,0,1024,0
2026-08-14T04:04:42.667,2894553,11520,7.9153,7.9062,3.9596,3.9603,-0.0296,-0.0321,-0.118,77.4,8831,11400,115.9,0.0,22.8,24.6,idle,True,True,False,False,False,False,0,0,32770,0,1024,0
2026-08-14T04:04:43.166,2895053,11522,7.9153,7.9062,3.9596,3.9614,-0.0281,-0.0318,-0.112,77.4,8831,11400,115.9,0.0,22.8,24.4,idle,True,True,False,False,False,False,0,0,32770,0,1024,0
2026-08-14T04:04:43.664,2895553,11524,7.9153,7.9062,3.959,3.9608,-0.0237,-0.0315,-0.094,77.4,8831,11400,115.9,0.0,22.8,24.4,idle,True,True,False,False,False,False,0,0,32770,0,1024,0
2026-08-14T04:04:44.164,2896053,11526,7.9153,7.9062,3.9577,3.9608,-0.0325,-0.0315,-0.129,77.4,8831,11400,115.9,0.0,22.8,24.6,discharging,True,True,False,False,False,False,0,0,32770,0,1024,0
2026-08-14T04:04:44.662,2896553,11528,7.9153,7.9062,3.9582,3.9608,-0.0353,-0.0321,-0.14,77.4,8831,11400,115.9,0.0,22.8,24.6,discharging,True,True,False,False,False,False,0,0,32770,0,1024,0
2026-08-14T04:04:45.160,2897053,11530,7.9153,7.9062,3.9582,3.9625,-0.0278,-0.0321,-0.11,77.4,8831,11400,115.9,0.0,22.8,24.6,idle,True,True,False,False,False,False,0,0,32770,0,1024,0
2026-08-14T04:04:45.660,2897553,11532,7.9153,7.9062,3.9596,3.9625,-0.0362,-0.0321,-0.144,77.4,8831,11400,115.9,0.0,22.8,24.6,discharging,True,True,False,False,False,False,0,0,32770,0,1024,0
2026-08-14T04:04:46.158,2898053,11534,7.9153,7.9062,3.959,3.9603,-0.0325,-0.0321,-0.129,77.4,8831,11400,115.9,0.0,22.8,24.6,discharging,True,True,False,False,False,False,0,0,32770,0,1024,0
2026-08-14T04:04:46.657,2898553,11536,7.9153,7.9062,3.959,3.9597,-0.0306,-0.0321,-0.121,77.4,8831,11400,115.9,0.0,22.8,24.6,discharging,True,True,False,False,False,False,0,0,32770,0,1024,0
2026-08-14T04:04:47.155,2899053,11538,7.9153,7.9062,3.9588,3.9601,-0.0228,-0.0315,-0.091,77.4,8831,11400,115.9,0.0,22.8,24.6,idle,True,True,False,False,False,False,0,0,32770,0,1024,0
2026-08-14T04:04:47.654,2899553,11540,7.9153,7.9062,3.9575,3.9601,-0.0331,-0.0315,-0.131,77.4,8831,11400,115.9,0.0,22.8,24.4,discharging,True,True,False,False,False,False,0,0,32770,0,1024,0
2026-08-14T04:04:48.152,2900053,11542,7.9153,7.9062,3.9586,3.961,-0.0221,-0.0315,-0.088,77.4,8831,11400,115.9,0.0,22.8,24.5,idle,True,True,False,False,False,False,0,0,32770,0,1024,0
2026-08-14T04:04:48.652,2900553,11544,7.9153,7.9062,3.9586,3.9614,-0.0378,-0.0315,-0.15,77.4,8831,11400,115.9,0.0,22.8,24.4,discharging,True,True,False,False,False,False,0,0,32770,0,1024,0
2026-08-14T04:04:49.150,2901053,11546,7.9153,7.9062,3.9582,3.9614,-0.0321,-0.0315,-0.128,77.4,8831,11400,115.9,0.0,22.8,24.5,discharging,True,True,False,False,False,False,0,0,32770,0,1024,0
2026-08-14T04:04:49.649,2901553,11548,7.9153,7.9062,3.9592,3.9608,-0.0312,-0.0321,-0.124,77.4,8831,11400,115.9,0.0,22.8,24.6,discharging,True,True,False,False,False,False,0,0,32770,0,1024,0
2026-08-14T04:04:50.148,2902053,11550,7.9153,7.9062,3.9592,3.9623,-0.0318,-0.0321,-0.126,77.4,8831,11400,115.9,0.0,22.8,24.4,discharging,True,True,False,False,False,False,0,0,32770,0,1024,0
2026-08-14T04:04:50.646,2902553,11552,7.9153,7.9062,3.9596,3.9607,-0.0321,-0.0328,-0.128,77.4,8831,11400,115.9,0.0,22.8,24.6,discharging,True,True,False,False,False,False,0,0,32770,0,1024,0
2026-08-14T04:04:51.144,2903053,11554,7.9153,7.9062,3.9592,3.9607,-0.03,-0.0325,-0.12,77.4,8831,11400,115.9,0.0,22.8,24.6,idle,True,True,False,False,False,False,0,0,32770,0,1024,0
2026-08-14T04:04:51.643,2903553,11556,7.9153,7.9062,3.9588,3.9597,-0.0325,-0.0328,-0.129,77.4,8831,11400,115.9,0.0,22.8,24.6,discharging,True,True,False,False,False,False,0,0,32770,0,1024,0
2026-08-14T04:04:52.142,2904053,11558,7.9153,7.9062,3.9588,3.9603,-0.0378,-0.0331,-0.15,77.4,8831,11400,115.9,0.0,22.8,24.6,discharging,True,True,False,False,False,False,0,0,32770,0,1024,0
2026-08-14T04:04:52.640,2904553,11560,7.9153,7.9062,3.9584,3.9603,-0.0271,-0.0325,-0.108,77.4,8831,11400,115.9,0.0,22.8,24.5,idle,True,True,False,False,False,False,0,0,32770,0,1024,0
2026-08-14T04:04:53.138,2905053,11562,7.9153,7.9062,3.9588,3.9608,-0.0225,-0.0325,-0.089,77.4,8831,11400,115.9,0.0,22.8,24.3,idle,True,True,False,False,False,False,0,0,32770,0,1024,0
2026-08-14T04:04:53.637,2905553,11564,7.9153,7.9062,3.9588,3.9597,-0.0256,-0.0318,-0.102,77.4,8831,11400,115.9,0.0,22.8,24.3,idle,True,True,False,False,False,False,0,0,32770,0,1024,0
2026-08-14T04:04:54.136,2906053,11566,7.9153,7.9062,3.9592,3.9605,-0.0281,-0.0315,-0.112,77.4,8831,11400,115.9,0.0,22.8,24.6,idle,True,True,False,False,False,False,0,0,32770,0,1024,0
2026-08-14T04:04:54.635,2906553,11568,7.9153,7.9062,3.9592,3.9605,-0.0384,-0.0318,-0.153,77.4,8831,11400,115.9,0.0,22.8,24.4,discharging,True,True,False,False,False,False,0,0,32770,0,1024,0
2026-08-14T04:04:55.134,2907053,11570,7.9153,7.9062,3.9603,3.9605,-0.0325,-0.0312,-0.129,77.4,8831,11400,115.9,0.0,22.8,24.6,discharging,True,True,False,False,False,False,0,0,32770,0,1024,0
2026-08-14T04:04:55.633,2907553,11572,7.9153,7.9062,3.9603,3.9614,-0.0346,-0.0315,-0.137,77.4,8831,11400,115.9,0.0,22.8,24.4,discharging,True,True,False,False,False,False,0,0,32770,0,1024,0
2026-08-14T04:04:56.131,2908053,11574,7.9153,7.9062,3.9601,3.9614,-0.0265,-0.0312,-0.105,77.4,8831,11400,115.9,0.0,22.8,24.5,idle,True,True,False,False,False,False,0,0,32770,0,1024,0
2026-08-14T04:04:56.629,2908553,11576,7.9153,7.9062,3.9584,3.9601,-0.03,-0.0309,-0.12,77.4,8831,11400,115.9,0.0,22.8,24.6,idle,True,True,False,False,False,False,0,0,32770,0,1024,0
2026-08-14T04:04:57.129,2909053,11578,7.9153,7.9062,3.9584,3.961,-0.0337,-0.0309,-0.134,77.4,8831,11400,115.9,0.0,22.8,24.5,discharging,True,True,False,False,False,False,0,0,32770,0,1024,0
2026-08-14T04:04:57.627,2909553,11580,7.9153,7.9062,3.9592,3.9614,-0.0371,-0.0312,-0.148,77.4,8831,11400,115.9,0.0,22.8,24.6,discharging,True,True,False,False,False,False,0,0,32770,0,1024,0
2026-08-14T04:04:58.126,2910053,11582,7.9153,7.9062,3.9581,3.9614,-0.0306,-0.0315,-0.121,77.4,8831,11400,115.9,0.0,22.8,24.7,discharging,True,True,False,False,False,False,0,0,32770,0,1024,0
2026-08-14T04:04:58.624,2910553,11584,7.9153,7.9062,3.9614,3.9592,-0.0321,-0.0315,-0.128,77.4,8831,11400,115.9,0.0,22.8,24.5,discharging,True,True,False,False,False,False,0,0,32770,0,1024,0
2026-08-14T04:04:59.123,2911053,11586,7.9153,7.9062,3.9614,3.9601,-0.0346,-0.0325,-0.137,77.4,8831,11400,115.9,0.0,22.8,24.5,discharging,True,True,False,False,False,False,0,0,32770,0,1024,0
2026-08-14T04:04:59.621,2911553,11588,7.9153,7.9062,3.9586,3.9601,-0.0259,-0.0318,-0.104,77.4,8831,11400,115.9,0.0,22.8,24.4,idle,True,True,False,False,False,False,0,0,32770,0,1024,0
2026-08-14T04:05:00.120,2912053,11590,7.9153,7.9062,3.9592,3.961,-0.0287,-0.0315,-0.115,77.4,8831,11400,115.9,0.0,22.8,24.5,idle,True,True,False,False,False,False,0,0,32770,0,1024,0
2026-08-14T04:05:00.619,2912553,11592,7.9153,7.9062,3.9592,3.9632,-0.0365,-0.0318,-0.145,77.4,8831,11400,115.9,0.0,22.8,24.5,discharging,True,True,False,False,False,False,0,0,32770,0,1024,0
2026-08-14T04:05:01.118,2913053,11594,7.9153,7.9084,3.9592,3.9632,-0.0309,-0.0318,-0.123,77.4,8831,11400,115.9,0.0,22.8,24.5,discharging,True,True,False,False,False,False,0,0,32770,0,1024,0
2026-08-14T04:05:01.617,2913553,11596,7.9153,7.9084,3.9578,3.9632,-0.0337,-0.0318,-0.134,77.4,8831,11400,115.9,0.0,22.8,24.4,discharging,True,True,False,False,False,False,0,0,32770,0,1024,0
2026-08-14T04:05:02.115,2914053,11598,7.9153,7.9084,3.9601,3.9603,-0.0246,-0.0315,-0.099,77.4,8831,11400,115.9,0.0,22.8,24.4,idle,True,True,False,False,False,False,0,0,32770,0,1024,0
2026-08-14T04:05:02.614,2914553,11600,7.9153,7.9084,3.9601,3.961,-0.0296,-0.0315,-0.118,77.4,8831,11400,115.9,0.0,22.8,24.6,idle,True,True,False,False,False,False,0,0,32770,0,1024,0
2026-08-14T04:05:03.113,2915053,11602,7.9153,7.9084,3.9581,3.961,-0.0284,-0.0315,-0.113,77.4,8831,11400,115.9,0.0,22.8,24.5,idle,True,True,False,False,False,False,0,0,32770,0,1024,0
2026-08-14T04:05:03.612,2915553,11604,7.9153,7.9084,3.9586,3.961,-0.0331,-0.0315,-0.131,77.4,8831,11400,115.9,0.0,22.8,24.6,discharging,True,True,False,False,False,False,0,0,32770,0,1024,0
2026-08-14T04:05:04.110,2916053,11606,7.9153,7.9084,3.9586,3.9597,-0.0178,-0.0306,-0.072,77.4,8831,11400,115.9,0.0,22.8,24.5,idle,True,True,False,False,False,False,0,0,32770,0,1024,0
2026-08-14T04:05:04.610,2916553,11608,7.9153,7.9084,3.9586,3.961,-0.0309,-0.0306,-0.123,77.4,8831,11400,115.9,0.0,22.8,24.5,discharging,True,True,False,False,False,False,0,0,32770,0,1024,0
2026-08-14T04:05:05.108,2917053,11610,7.9153,7.9084,3.9581,3.961,-0.0365,-0.0309,-0.145,77.4,8831,11400,115.9,0.0,22.8,24.5,discharging,True,True,False,False,False,False,0,0,32770,0,1024,0
2026-08-14T04:05:05.607,2917553,11612,7.9153,7.9084,3.9581,3.961,-0.024,-0.0306,-0.096,77.4,8831,11400,115.9,0.0,22.8,24.3,idle,True,True,False,False,False,False,0,0,32770,0,1024,0
2026-08-14T04:05:06.106,2918053,11614,7.9153,7.9084,3.9578,3.9619,-0.02,-0.03,-0.08,77.4,8831,11400,115.9,0.0,22.8,24.3,idle,True,True,False,False,False,False,0,0,32770,0,1024,0
2026-08-14T04:05:06.605,2918553,11616,7.9153,7.9084,3.9593,3.9619,-0.0403,-0.0306,-0.16,77.4,8831,11400,115.9,0.0,22.8,24.6,discharging,True,True,False,False,False,False,0,0,32770,0,1024,0
2026-08-14T04:05:07.104,2919053,11618,7.9153,7.9084,3.9581,3.961,-0.04,-0.0309,-0.158,77.4,8831,11400,115.9,0.0,22.8,24.4,discharging,True,True,False,False,False,False,0,0,32770,0,1024,0
2026-08-14T04:05:07.602,2919553,11620,7.9153,7.9084,3.9581,3.961,-0.0346,-0.0312,-0.137,77.4,8831,11400,115.9,0.0,22.8,24.4,discharging,True,True,False,False,False,False,0,0,32770,0,1024,0
2026-08-14T04:05:08.101,2920053,11622,7.9153,7.9084,3.9571,3.9607,-0.0312,-0.0315,-0.124,77.4,8831,11400,115.9,0.0,22.8,24.4,discharging,True,True,False,False,False,False,0,0,32770,0,1024,0
2026-08-14T04:05:08.600,2920553,11624,7.9153,7.9084,3.9599,3.9607,-0.0359,-0.0318,-0.142,77.4,8831,11400,115.9,0.0,22.8,24.5,discharging,True,True,False,False,False,False,0,0,32770,0,1024,0
2026-08-14T04:05:09.098,2921053,11626,7.9153,7.9084,3.9599,3.9601,-0.035,-0.0321,-0.139,77.4,8831,11400,115.9,0.0,22.8,24.5,discharging,True,True,False,False,False,False,0,0,32770,0,1024,0
2026-08-14T04:05:09.597,2921553,11628,7.9153,7.9084,3.9578,3.9607,-0.0337,-0.0321,-0.134,77.4,8831,11400,115.9,0.0,22.8,24.6,discharging,True,True,False,False,False,False,0,0,32770,0,1024,0
2026-08-14T04:05:10.096,2922053,11630,7.9153,7.9084,3.9577,3.9607,-0.0384,-0.0325,-0.153,77.4,8831,11400,115.9,0.0,22.8,24.5,discharging,True,True,False,False,False,False,0,0,32770,0,1024,0
2026-08-14T04:05:10.594,2922553,11632,7.9153,7.9084,3.9577,3.9614,-0.0346,-0.0334,-0.137,77.4,8831,11400,115.9,0.0,22.8,24.4,discharging,True,True,False,False,False,False,0,0,32770,0,1024,0
2026-08-14T04:05:11.093,2923053,11634,7.9153,7.9084,3.9577,3.9616,-0.0303,-0.0334,-0.12,77.4,8831,11400,115.9,0.0,22.8,24.4,discharging,True,True,False,False,False,False,0,0,32770,0,1024,0
2026-08-14T04:05:11.592,2923553,11636,7.9153,7.9084,3.9586,3.9612,-0.024,-0.0337,-0.096,77.4,8831,11400,115.9,0.0,22.8,24.4,idle,True,True,False,False,False,False,0,0,32770,0,1024,0
2026-08-14T04:05:12.090,2924053,11638,7.9153,7.9084,3.9586,3.9612,-0.0346,-0.0331,-0.137,77.4,8831,11400,115.9,0.0,22.8,24.6,discharging,True,True,False,False,False,False,0,0,32770,0,1024,0
2026-08-14T04:05:12.589,2924553,11640,7.9153,7.9084,3.9586,3.9628,-0.034,-0.0331,-0.136,77.4,8831,11400,115.9,0.0,22.8,24.5,discharging,True,True,False,False,False,False,0,0,32770,0,1024,0
2026-08-14T04:05:13.088,2925053,11642,7.9153,7.9084,3.9607,3.959,-0.0368,-0.0331,-0.147,77.4,8831,11400,115.9,0.0,22.8,24.5,discharging,True,True,False,False,False,False,0,0,32770,0,1024,0
2026-08-14T04:05:13.586,2925553,11644,7.9153,7.9084,3.9603,3.959,-0.0346,-0.0331,-0.137,77.4,8831,11400,115.9,0.0,22.8,24.5,discharging,True,True,False,False,False,False,0,0,32770,0,1024,0
2026-08-14T04:05:14.085,2926053,11646,7.9153,7.9084,3.9582,3.9616,-0.0368,-0.0337,-0.147,77.4,8831,11400,115.9,0.0,22.8,24.7,discharging,True,True,False,False,False,False,0,0,32770,0,1024,0
2026-08-14T04:05:14.584,2926553,11648,7.9153,7.9084,3.9582,3.9603,-0.0353,-0.0337,-0.14,77.4,8831,11400,115.9,0.0,22.8,24.7,discharging,True,True,False,False,False,False,0,0,32770,0,1024,0
2026-08-14T04:05:15.082,2927053,11650,7.9153,7.9084,3.9584,3.9617,-0.0309,-0.0337,-0.123,77.4,8831,11400,115.9,0.0,22.8,24.4,discharging,True,True,False,False,False,False,0,0,32770,0,1024,0
2026-08-14T04:05:15.581,2927553,11652,7.9153,7.9084,3.9592,3.9617,-0.0406,-0.034,-0.161,77.4,8831,11400,115.9,0.0,22.8,24.5,discharging,True,True,False,False,False,False,0,0,32770,0,1024,0
2026-08-14T04:05:16.080,2928053,11654,7.9153,7.9084,3.9592,3.9614,-0.0362,-0.0343,-0.144,77.4,8831,11400,115.9,0.0,22.8,24.5,discharging,True,True,False,False,False,False,0,0,32770,0,1024,0
2026-08-14T04:05:16.578,2928553,11656,7.9153,7.9084,3.9596,3.961,-0.0309,-0.034,-0.123,77.4,8831,11400,115.9,0.0,22.8,24.4,discharging,True,True,False,False,False,False,0,0,32770,0,1024,0
2026-08-14T04:05:17.077,2929053,11658,7.9153,7.9084,3.9592,3.961,-0.0378,-0.0343,-0.15,77.4,8831,11400,115.9,0.0,22.8,24.4,discharging,True,True,False,False,False,False,0,0,32770,0,1024,0
2026-08-14T04:05:17.576,2929553,11660,7.9153,7.9084,3.9586,3.9599,-0.0337,-0.0346,-0.134,77.4,8831,11400,115.9,0.0,22.8,24.2,discharging,True,True,False,False,False,False,0,0,32770,0,1024,0
2026-08-14T04:05:18.075,2930053,11662,7.9153,7.9084,3.9586,3.9614,-0.0359,-0.0346,-0.142,77.4,8831,11400,115.9,0.0,22.8,24.4,discharging,True,True,False,False,False,False,0,0,32770,0,1024,0
2026-08-14T04:05:18.573,2930553,11664,7.9153,7.9084,3.9592,3.9621,-0.0278,-0.034,-0.11,77.4,8831,11400,115.9,0.0,22.8,24.6,idle,True,True,False,False,False,False,0,0,32770,0,1024,0
2026-08-14T04:05:19.072,2931053,11666,7.9153,7.9084,3.9586,3.9621,-0.0228,-0.0334,-0.091,77.4,8831,11400,115.9,0.0,22.8,24.6,idle,True,True,False,False,False,False,0,0,32770,0,1024,0
2026-08-14T04:05:19.570,2931553,11668,7.9153,7.9084,3.9586,3.9612,-0.0143,-0.0321,-0.057,77.4,8831,11400,115.9,0.0,22.8,24.4,idle,True,True,False,False,False,False,0,0,32770,0,1024,0
2026-08-14T04:05:20.070,2932053,11670,7.9153,7.9084,3.9597,3.9603,-0.0393,-0.0325,-0.156,77.4,8831,11400,115.9,0.0,22.8,24.7,discharging,True,True,False,False,False,False,0,0,32770,0,1024,0
2026-08-14T04:05:20.569,2932553,11672,7.9153,7.9084,3.9571,3.9603,-0.0359,-0.0328,-0.142,77.4,8831,11400,115.9,0.0,22.8,24.6,discharging,True,True,False,False,False,False,0,0,32770,0,1024,0
2026-08-14T04:05:21.067,2933053,11674,7.9153,7.9084,3.9582,3.9608,-0.0209,-0.0321,-0.083,77.4,8831,11400,115.9,0.0,22.8,24.4,idle,True,True,False,False,False,False,0,0,32770,0,1024,0
2026-08-14T04:05:21.566,2933553,11676,7.9153,7.9084,3.9582,3.9608,-0.0418,-0.0328,-0.166,77.4,8831,11400,115.9,0.0,22.8,24.4,discharging,True,True,False,False,False,False,0,0,32770,0,1024,0
2026-08-14T04:05:22.064,2934053,11678,7.9153,7.9084,3.9584,3.9612,-0.0284,-0.0325,-0.113,77.4,8831,11400,115.9,0.0,22.8,24.5,idle,True,True,False,False,False,False,0,0,32770,0,1024,0
2026-08-14T04:05:22.563,2934553,11680,7.9153,7.9084,3.9592,3.9612,-0.025,-0.0315,-0.099,77.4,8831,11400,115.9,0.0,22.8,24.3,idle,True,True,False,False,False,False,0,0,32770,0,1024,0
2026-08-14T04:05:23.062,2935053,11682,7.9153,7.9084,3.9592,3.9612,-0.0284,-0.0312,-0.113,77.4,8831,11400,115.9,0.0,22.8,24.3,idle,True,True,False,False,False,False,0,0,32770,0,1024,0
2026-08-14T04:05:23.561,2935553,11684,7.919,7.9078,3.9592,3.9612,-0.0403,-0.0315,-0.16,77.4,8831,11400,115.9,0.0,22.8,24.3,discharging,True,True,False,False,False,False,0,0,32770,0,1024,0
2026-08-14T04:05:24.060,2936053,11686,7.919,7.9078,3.9584,3.9612,-0.0328,-0.0315,-0.131,77.4,8831,11400,115.9,0.0,22.8,24.5,discharging,True,True,False,False,False,False,0,0,32770,0,1024,0
2026-08-14T04:05:24.558,2936553,11688,7.919,7.9078,3.9597,3.9608,-0.0278,-0.0315,-0.11,77.4,8831,11400,115.9,0.0,22.8,24.4,idle,True,True,False,False,False,False,0,0,32770,0,1024,0
2026-08-14T04:05:25.057,2937053,11690,7.919,7.9078,3.9597,3.9614,-0.0184,-0.0309,-0.073,77.4,8831,11400,115.9,0.0,22.8,24.3,idle,True,True,False,False,False,False,0,0,32770,0,1024,0
2026-08-14T04:05:25.555,2937553,11692,7.919,7.9078,3.9592,3.9614,-0.0271,-0.0306,-0.108,77.4,8831,11400,115.9,0.0,22.8,24.5,idle,True,True,False,False,False,False,0,0,32770,0,1024,0
2026-08-14T04:05:26.055,2938053,11694,7.919,7.9078,3.9596,3.9603,-0.0425,-0.0309,-0.169,77.4,8831,11400,115.9,0.0,22.8,24.4,discharging,True,True,False,False,False,False,0,0,32770,0,1024,0
2026-08-14T04:05:26.554,2938553,11696,7.919,7.9078,3.9596,3.9607,-0.0318,-0.0309,-0.126,77.4,8831,11400,115.9,0.0,22.8,24.4,discharging,True,True,False,False,False,False,0,0,32770,0,1024,0
2026-08-14T04:05:27.051,2939053,11698,7.919,7.9078,3.9601,3.9612,-0.0225,-0.0303,-0.089,77.4,8831,11400,115.9,0.0,22.8,24.5,idle,True,True,False,False,False,False,0,0,32770,0,1024,0
2026-08-14T04:05:27.551,2939553,11700,7.919,7.9078,3.9588,3.9612,-0.0321,-0.0303,-0.128,77.4,8831,11400,115.9,0.0,22.8,24.5,discharging,True,True,False,False,False,False,0,0,32770,0,1024,0
2026-08-14T04:05:28.049,2940053,11702,7.919,7.9078,3.9582,3.9608,-0.03,-0.0303,-0.12,77.4,8831,11400,115.9,0.0,22.8,24.4,idle,True,True,False,False,False,False,0,0,32770,0,1024,0
2026-08-14T04:05:28.547,2940553,11704,7.919,7.9078,3.9582,3.9599,-0.02,-0.0296,-0.08,77.4,8831,11400,115.9,0.0,22.8,24.4,idle,True,True,False,False,False,False,0,0,32770,0,1024,0
2026-08-14T04:05:29.047,2941053,11706,7.919,7.9078,3.959,3.9599,-0.0328,-0.0296,-0.131,77.4,8831,11400,115.9,0.0,22.8,24.5,discharging,True,True,False,False,False,False,0,0,32770,0,1024,0
2026-08-14T04:05:29.548,2941553,11708,7.919,7.9078,3.9596,3.9607,-0.0337,-0.0303,-0.134,77.4,8831,11400,115.9,0.0,22.8,24.5,discharging,True,True,False,False,False,False,0,0,32770,0,1024,0
2026-08-14T04:05:30.044,2942053,11710,7.919,7.9078,3.9596,3.9603,-0.0303,-0.0303,-0.121,77.4,8831,11400,115.9,0.0,22.8,24.5,discharging,True,True,False,False,False,False,0,0,32770,0,1024,0
2026-08-14T04:05:30.543,2942553,11712,7.919,7.9078,3.9593,3.9612,-0.0406,-0.0309,-0.161,77.4,8831,11400,115.9,0.0,22.8,24.5,discharging,True,True,False,False,False,False,0,0,32770,0,1024,0
2026-08-14T04:05:31.042,2943053,11714,7.919,7.9078,3.9581,3.9612,-0.0409,-0.0315,-0.163,77.4,8831,11400,115.9,0.0,22.8,24.6,discharging,True,True,False,False,False,False,0,0,32770,0,1024,0
2026-08-14T04:05:31.540,2943553,11716,7.919,7.9078,3.959,3.9621,-0.025,-0.0315,-0.099,77.4,8831,11400,115.9,0.0,22.8,24.4,idle,True,True,False,False,False,False,0,0,32770,0,1024,0
2026-08-14T04:05:32.039,2944053,11718,7.919,7.9078,3.959,3.9603,-0.0312,-0.0309,-0.124,77.4,8831,11400,115.9,0.0,22.8,24.4,discharging,True,True,False,False,False,False,0,0,32770,0,1024,0
2026-08-14T04:05:32.537,2944553,11720,7.919,7.9078,3.9592,3.9603,-0.0271,-0.0309,-0.108,77.4,8831,11400,115.9,0.0,22.8,24.4,idle,True,True,False,False,False,False,0,0,32770,0,1024,0
2026-08-14T04:05:33.036,2945053,11722,7.919,7.9078,3.9603,3.9616,-0.035,-0.0315,-0.139,77.4,8831,11400,115.9,0.0,22.8,24.4,discharging,True,True,False,False,False,False,0,0,32770,0,1024,0
2026-08-14T04:05:33.535,2945553,11724,7.919,7.9078,3.9603,3.9612,-0.0262,-0.0312,-0.104,77.4,8831,11400,115.9,0.0,22.8,24.4,idle,True,True,False,False,False,False,0,0,32770,0,1024,0
2026-08-14T04:05:34.034,2946053,11726,7.919,7.9078,3.9599,3.961,-0.0328,-0.0303,-0.131,77.4,8831,11400,115.9,0.0,22.8,24.4,discharging,True,True,False,False,False,False,0,0,32770,0,1024,0
2026-08-14T04:05:34.532,2946553,11728,7.919,7.9078,3.9578,3.961,-0.0203,-0.03,-0.081,77.4,8831,11400,115.9,0.0,22.8,24.5,idle,True,True,False,False,False,False,0,0,32770,0,1024,0
2026-08-14T04:05:35.031,2947053,11730,7.919,7.9078,3.9588,3.961,-0.0296,-0.03,-0.118,77.4,8831,11400,115.9,0.0,22.8,24.6,idle,True,True,False,False,False,False,0,0,32770,0,1024,0
2026-08-14T04:05:35.530,2947553,11732,7.919,7.9078,3.9588,3.9617,-0.0337,-0.0303,-0.134,77.4,8831,11400,115.9,0.0,22.8,24.6,discharging,True,True,False,False,False,False,0,0,32770,0,1024,0
2026-08-14T04:05:36.028,2948053,11734,7.919,7.9078,3.9581,3.9617,-0.0278,-0.0303,-0.11,77.4,8831,11400,115.9,0.0,22.8,24.5,idle,True,True,False,False,False,False,0,0,32770,0,1024,0
2026-08-14T04:05:36.527,2948553,11736,7.919,7.9078,3.9596,3.9601,-0.034,-0.03,-0.136,77.4,8831,11400,115.9,0.0,22.8,24.7,discharging,True,True,False,False,False,False,0,0,32770,0,1024,0
2026-08-14T04:05:37.025,2949053,11738,7.919,7.9078,3.9596,3.9608,-0.0268,-0.03,-0.107,77.4,8831,11400,115.9,0.0,22.8,24.7,idle,True,True,False,False,False,False,0,0,32770,0,1024,0
2026-08-14T04:05:37.529,2949553,11740,7.919,7.9078,3.9592,3.9621,-0.0412,-0.0303,-0.164,77.4,8831,11400,115.9,0.0,22.8,24.5,discharging,True,True,False,False,False,False,0,0,32770,0,1024,0
2026-08-14T04:05:38.023,2950053,11742,7.919,7.9078,3.9593,3.9621,-0.0309,-0.0309,-0.123,77.4,8831,11400,115.9,0.0,22.8,24.4,discharging,True,True,False,False,False,False,0,0,32770,0,1024,0
2026-08-14T04:05:38.522,2950553,11744,7.919,7.9078,3.9582,3.9612,-0.0337,-0.0309,-0.134,77.4,8831,11400,115.9,0.0,22.8,24.4,discharging,True,True,False,False,False,False,0,0,32770,0,1024,0
2026-08-14T04:05:39.021,2951053,11746,7.919,7.9078,3.9582,3.961,-0.0384,-0.0315,-0.153,77.4,8831,11400,115.9,0.0,22.8,24.4,discharging,True,True,False,False,False,False,0,0,32770,0,1024,0
2026-08-14T04:05:39.519,2951553,11748,7.919,7.9078,3.9592,3.961,-0.034,-0.0318,-0.136,77.4,8831,11400,115.9,0.0,22.8,24.4,discharging,True,True,False,False,False,False,0,0,32770,0,1024,0
2026-08-14T04:05:40.017,2952053,11750,7.919,7.9078,3.9597,3.9603,-0.0284,-0.0315,-0.113,77.4,8832,11400,115.9,0.0,22.8,24.4,idle,True,True,False,False,False,False,0,0,32770,0,1024,0
2026-08-14T04:05:40.516,2952553,11752,7.919,7.9078,3.9597,3.9619,-0.0159,-0.0306,-0.064,77.4,8832,11400,115.9,0.0,22.8,24.4,idle,True,True,False,False,False,False,0,0,32770,0,1024,0
2026-08-14T04:05:41.015,2953053,11754,7.919,7.9078,3.9582,3.961,-0.0265,-0.0309,-0.105,77.4,8832,11400,115.9,0.0,22.7,24.5,idle,True,True,False,False,False,False,0,0,32770,0,1024,0
2026-08-14T04:05:41.514,2953553,11756,7.919,7.9078,3.959,3.961,-0.0337,-0.0309,-0.134,77.4,8832,11400,115.9,0.0,22.7,24.5,discharging,True,True,False,False,False,False,0,0,32770,0,1024,0
2026-08-14T04:05:42.012,2954053,11758,7.919,7.9078,3.9578,3.9603,-0.0443,-0.0309,-0.176,77.4,8832,11400,115.9,0.0,22.7,24.5,discharging,True,True,False,False,False,False,0,0,32770,0,1024,0
2026-08-14T04:05:42.510,2954553,11760,7.919,7.9078,3.9578,3.9616,-0.0265,-0.0312,-0.105,77.4,8832,11400,115.9,0.0,22.8,24.5,idle,True,True,False,False,False,False,0,0,32770,0,1024,0
2026-08-14T04:05:43.009,2955053,11762,7.919,7.9078,3.9593,3.9616,-0.0325,-0.0315,-0.129,77.4,8832,11400,115.9,0.0,22.8,24.5,discharging,True,True,False,False,False,False,0,0,32770,0,1024,0
2026-08-14T04:05:43.508,2955553,11764,7.919,7.9078,3.9603,3.961,-0.0318,-0.0315,-0.126,77.4,8832,11400,115.9,0.0,22.8,24.4,discharging,True,True,False,False,False,False,0,0,32770,0,1024,0
2026-08-14T04:05:44.007,2956053,11766,7.919,7.9078,3.9603,3.9623,-0.0453,-0.0321,-0.18,77.4,8832,11400,115.9,0.0,22.8,24.4,discharging,True,True,False,False,False,False,0,0,32770,0,1024,0
2026-08-14T04:05:44.505,2956553,11768,7.919,7.9078,3.9593,3.9619,-0.029,-0.0318,-0.115,77.4,8832,11400,115.9,0.0,22.8,24.4,idle,True,True,False,False,False,False,0,0,32770,0,1024,0
2026-08-14T04:05:45.005,2957053,11770,7.919,7.9078,3.9596,3.9619,-0.0225,-0.0312,-0.089,77.4,8832,11400,115.9,0.0,22.8,24.4,idle,True,True,False,False,False,False,0,0,32770,0,1024,0
2026-08-14T04:05:45.503,2957553,11772,7.919,7.8996,3.9596,3.9607,-0.0362,-0.0315,-0.144,77.4,8832,11400,115.9,0.0,22.8,24.2,discharging,True,True,False,False,False,False,0,0,32770,0,1024,0
2026-08-14T04:05:46.001,2958053,11774,7.9212,7.8996,3.9596,3.9607,-0.0284,-0.0321,-0.113,77.4,8832,11400,115.9,0.0,22.8,24.4,idle,True,True,False,False,False,False,0,0,32770,0,1024,0
2026-08-14T04:05:46.500,2958553,11776,7.9212,7.8996,3.9597,3.9607,-0.0343,-0.0325,-0.137,77.4,8832,11400,115.9,0.0,22.8,24.4,discharging,True,True,False,False,False,False,0,0,32770,0,1024,0
2026-08-14T04:05:46.998,2959053,11778,7.9212,7.8996,3.9581,3.961,-0.0271,-0.0318,-0.108,77.4,8832,11400,115.9,0.0,22.8,24.5,idle,True,True,False,False,False,False,0,0,32770,0,1024,0
2026-08-14T04:05:47.497,2959553,11780,7.9212,7.8996,3.9581,3.961,-0.0115,-0.0306,-0.046,77.4,8832,11400,115.9,0.0,22.8,24.4,idle,True,True,False,False,False,False,0,0,32770,0,1024,0
2026-08-14T04:05:47.996,2960053,11782,7.9212,7.8996,3.9592,3.9607,-0.0371,-0.0306,-0.148,77.4,8832,11400,115.9,0.0,22.8,24.5,discharging,True,True,False,False,False,False,0,0,32770,0,1024,0
2026-08-14T04:05:48.495,2960553,11784,7.9212,7.8996,3.9586,3.9607,-0.0359,-0.0312,-0.142,77.4,8832,11400,115.9,0.0,22.8,24.4,discharging,True,True,False,False,False,False,0,0,32770,0,1024,0
2026-08-14T04:05:48.993,2961053,11786,7.9212,7.8996,3.9586,3.9605,-0.0268,-0.0312,-0.107,77.4,8832,11400,115.9,0.0,22.8,24.5,idle,True,True,False,False,False,False,0,0,32770,0,1024,0
2026-08-14T04:05:49.492,2961553,11788,7.9212,7.8996,3.9597,3.9596,-0.0287,-0.0312,-0.115,77.4,8832,11400,115.9,0.0,22.8,24.6,idle,True,True,False,False,False,False,0,0,32770,0,1024,0
2026-08-14T04:05:49.992,2962053,11790,7.9212,7.8996,3.9573,3.9596,-0.0309,-0.0312,-0.123,77.4,8832,11400,115.9,0.0,22.8,24.4,discharging,True,True,False,False,False,False,0,0,32770,0,1024,0
2026-08-14T04:05:50.489,2962553,11792,7.9212,7.8996,3.9581,3.9596,-0.0296,-0.0315,-0.118,77.4,8832,11400,115.9,0.0,22.8,24.5,idle,True,True,False,False,False,False,0,0,32770,0,1024,0
2026-08-14T04:05:50.987,2963053,11794,7.9212,7.8996,3.9581,3.9605,-0.0268,-0.0312,-0.107,77.4,8832,11400,115.9,0.0,22.8,24.5,idle,True,True,False,False,False,False,0,0,32770,0,1024,0
2026-08-14T04:05:51.487,2963553,11796,7.9212,7.8996,3.9588,3.9616,-0.0406,-0.0312,-0.161,77.4,8832,11400,115.9,0.0,22.8,24.5,discharging,True,True,False,False,False,False,0,0,32770,0,1024,0
2026-08-14T04:05:51.986,2964053,11798,7.9212,7.8996,3.9592,3.9616,-0.025,-0.0315,-0.099,77.4,8832,11400,115.9,0.0,22.8,24.4,idle,True,True,False,False,False,False,0,0,32770,0,1024,0
2026-08-14T04:05:52.484,2964553,11800,7.9212,7.8996,3.9592,3.961,-0.0325,-0.0315,-0.129,77.4,8832,11400,115.9,0.0,22.7,24.4,discharging,True,True,False,False,False,False,0,0,32770,0,1024,0
2026-08-14T04:05:52.982,2965053,11802,7.9212,7.8996,3.9575,3.9599,-0.0371,-0.0325,-0.147,77.4,8832,11400,115.9,0.0,22.7,24.5,discharging,True,True,False,False,False,False,0,0,32770,0,1024,0
2026-08-14T04:05:53.481,2965553,11804,7.9212,7.8996,3.9586,3.9599,-0.035,-0.0325,-0.139,77.4,8832,11400,115.9,0.0,22.7,24.3,discharging,True,True,False,False,False,False,0,0,32770,0,1024,0
2026-08-14T04:05:53.979,2966053,11806,7.9212,7.8996,3.959,3.9614,-0.0203,-0.0318,-0.081,77.4,8832,11400,115.9,0.0,22.7,24.5,idle,True,True,False,False,False,False,0,0,32770,0,1024,0
2026-08-14T04:05:54.479,2966553,11808,7.9212,7.8996,3.959,3.961,-0.0378,-0.0321,-0.15,77.4,8832,11400,115.9,0.0,22.7,24.5,discharging,True,True,False,False,False,False,0,0,32770,0,1024,0
2026-08-14T04:05:54.977,2967053,11810,7.9212,7.8996,3.9586,3.9614,-0.0325,-0.0318,-0.129,77.4,8832,11400,115.9,0.0,22.7,24.5,discharging,True,True,False,False,False,False,0,0,32770,0,1024,0
2026-08-14T04:05:55.476,2967553,11812,7.9212,7.8996,3.9603,3.9614,-0.0368,-0.0321,-0.147,77.4,8832,11400,115.9,0.0,22.7,24.4,discharging,True,True,False,False,False,False,0,0,32770,0,1024,0
2026-08-14T04:05:55.974,2968053,11814,7.9212,7.8996,3.9603,3.9619,-0.0368,-0.0325,-0.147,77.4,8832,11400,115.9,0.0,22.7,24.4,discharging,True,True,False,False,False,False,0,0,32770,0,1024,0
2026-08-14T04:05:56.473,2968553,11816,7.9212,7.8996,3.9577,3.9607,-0.0362,-0.0331,-0.144,77.4,8832,11400,115.9,0.0,22.7,24.3,discharging,True,True,False,False,False,False,0,0,32770,0,1024,0
2026-08-14T04:05:56.971,2969053,11818,7.9212,7.8996,3.9592,3.9607,-0.0387,-0.0334,-0.153,77.4,8832,11400,115.9,0.0,22.7,24.4,discharging,True,True,False,False,False,False,0,0,32770,0,1024,0
2026-08-14T04:05:57.469,2969553,11820,7.9212,7.8996,3.959,3.9608,-0.0181,-0.0328,-0.072,77.4,8832,11400,115.9,0.0,22.7,24.5,idle,True,True,False,False,False,False,0,0,32770,0,1024,0
2026-08-14T04:05:57.968,2970053,11822,7.9212,7.8996,3.959,3.9605,-0.0346,-0.0328,-0.137,77.4,8832,11400,115.9,0.0,22.7,24.5,discharging,True,True,False,False,False,False,0,0,32770,0,1024,0
2026-08-14T04:05:58.468,2970553,11824,7.9212,7.8996,3.9577,3.9607,-0.0384,-0.0328,-0.153,77.4,8832,11400,115.9,0.0,22.7,24.3,discharging,True,True,False,False,False,False,0,0,32770,0,1024,0
2026-08-14T04:05:58.965,2971053,11826,7.9212,7.8996,3.959,3.9607,-0.0237,-0.0325,-0.094,77.4,8832,11400,115.9,0.0,22.7,24.3,idle,True,True,False,False,False,False,0,0,32770,0,1024,0
2026-08-14T04:05:59.464,2971553,11828,7.9212,7.8996,3.959,3.9607,-0.0443,-0.0331,-0.176,77.4,8832,11400,115.9,0.0,22.7,24.3,discharging,True,True,False,False,False,False,0,0,32770,0,1024,0
2026-08-14T04:05:59.962,2972053,11830,7.9212,7.8996,3.9592,3.9612,-0.0346,-0.0334,-0.137,77.4,8832,11400,115.9,0.0,22.7,24.4,discharging,True,True,False,False,False,False,0,0,32770,0,1024,0
2026-08-14T04:06:00.461,2972553,11832,7.9212,7.8996,3.9592,3.9612,-0.04,-0.0337,-0.158,77.4,8832,11400,115.9,0.0,22.7,24.3,discharging,True,True,False,False,False,False,0,0,32770,0,1024,0
2026-08-14T04:06:00.960,2973053,11834,7.9212,7.8996,3.9588,3.9634,-0.034,-0.034,-0.136,77.4,8832,11400,115.9,0.0,22.7,24.5,discharging,True,True,False,False,False,False,0,0,32770,0,1024,0
2026-08-14T04:06:01.458,2973553,11836,7.9212,7.8996,3.9588,3.9616,-0.0331,-0.0337,-0.131,77.4,8832,11400,115.9,0.0,22.7,24.3,discharging,True,True,False,False,False,False,0,0,32770,0,1024,0
2026-08-14T04:06:01.956,2974053,11838,7.9212,7.8996,3.9588,3.9612,-0.0371,-0.034,-0.148,77.4,8832,11400,115.9,0.0,22.7,24.4,discharging,True,True,False,False,False,False,0,0,32770,0,1024,0
2026-08-14T04:06:02.455,2974553,11840,7.9212,7.8996,3.9592,3.9612,-0.025,-0.0337,-0.099,77.4,8832,11400,115.9,0.0,22.7,24.4,idle,True,True,False,False,False,False,0,0,32770,0,1024,0
2026-08-14T04:06:02.953,2975053,11842,7.9212,7.8996,3.9592,3.961,-0.0296,-0.0334,-0.118,77.4,8832,11400,115.9,0.0,22.7,24.6,idle,True,True,False,False,False,False,0,0,32770,0,1024,0
2026-08-14T04:06:03.452,2975553,11844,7.9212,7.8996,3.9584,3.9599,-0.0406,-0.0337,-0.161,77.4,8832,11400,115.9,0.0,22.7,24.2,discharging,True,True,False,False,False,False,0,0,32770,0,1024,0
2026-08-14T04:06:03.950,2976053,11846,7.9212,7.8996,3.9593,3.9599,-0.0309,-0.0334,-0.123,77.4,8832,11400,115.9,0.0,22.7,24.5,discharging,True,True,False,False,False,False,0,0,32770,0,1024,0
2026-08-14T04:06:04.449,2976553,11848,7.9212,7.8996,3.9592,3.9614,-0.0406,-0.034,-0.161,77.4,8832,11400,115.9,0.0,22.7,24.3,discharging,True,True,False,False,False,False,0,0,32770,0,1024,0
2026-08-14T04:06:04.948,2977053,11850,7.9212,7.8996,3.9592,3.9599,-0.0431,-0.0343,-0.171,77.4,8832,11400,115.9,0.0,22.7,24.3,discharging,True,True,False,False,False,False,0,0,32770,0,1024,0
2026-08-14T04:06:05.445,2977553,11852,7.9212,7.8996,3.9584,3.9607,-0.025,-0.034,-0.099,77.4,8832,11400,115.9,0.0,22.7,24.4,idle,True,True,False,False,False,False,0,0,32770,0,1024,0
2026-08-14T04:06:05.945,2978053,11854,7.9212,7.8996,3.9603,3.9607,-0.0428,-0.0343,-0.169,77.4,8832,11400,115.9,0.0,22.7,24.4,discharging,True,True,False,False,False,False,0,0,32770,0,1024,0
2026-08-14T04:06:06.442,2978553,11856,7.9212,7.8996,3.9603,3.961,-0.0246,-0.0337,-0.099,77.4,8832,11400,115.9,0.0,22.7,24.4,idle,True,True,False,False,False,False,0,0,32770,0,1024,0
2026-08-14T04:06:06.941,2979053,11858,7.9212,7.8996,3.9588,3.9596,-0.0287,-0.0328,-0.115,77.4,8832,11400,115.9,0.0,22.7,24.5,idle,True,True,False,False,False,False,0,0,32770,0,1024,0
2026-08-14T04:06:07.440,2979553,11860,7.9212,7.8996,3.9582,3.9596,-0.0421,-0.0334,-0.168,77.4,8832,11400,115.9,0.0,22.7,24.4,discharging,True,True,False,False,False,False,0,0,32770,0,1024,0
2026-08-14T04:06:07.939,2980053,11862,7.9212,7.9093,3.9582,3.9603,-0.0393,-0.034,-0.156,77.4,8832,11400,115.9,0.0,22.8,24.6,discharging,True,True,False,False,False,False,0,0,32770,0,1024,0
2026-08-14T04:06:08.436,2980553,11864,7.9168,7.9093,3.9582,3.9603,-0.0221,-0.0331,-0.088,77.4,8832,11400,115.9,0.0,22.8,24.3,idle,True,True,False,False,False,False,0,0,32770,0,1024,0
2026-08-14T04:06:08.935,2981053,11866,7.9168,7.9093,3.9586,3.9603,-0.0321,-0.0331,-0.128,77.4,8832,11400,115.9,0.0,22.8,24.3,discharging,True,True,False,False,False,False,0,0,32770,0,1024,0
2026-08-14T04:06:09.440,2981553,11868,7.9168,7.9093,3.9599,3.961,-0.0406,-0.0334,-0.161,77.4,8832,11400,115.9,0.0,22.7,24.5,discharging,True,True,False,False,False,False,0,0,32770,0,1024,0
2026-08-14T04:06:09.932,2982053,11870,7.9168,7.9093,3.9599,3.9607,-0.0312,-0.0331,-0.124,77.4,8832,11400,115.9,0.0,22.7,24.3,discharging,True,True,False,False,False,False,0,0,32770,0,1024,0
2026-08-14T04:06:10.431,2982553,11872,7.9168,7.9093,3.9582,3.9616,-0.0321,-0.0331,-0.128,77.4,8832,11400,115.9,0.0,22.7,24.3,discharging,True,True,False,False,False,False,0,0,32770,0,1024,0
2026-08-14T04:06:10.929,2983053,11874,7.9168,7.9093,3.9592,3.9616,-0.0284,-0.0328,-0.113,77.4,8832,11400,115.9,0.0,22.7,24.4,idle,True,True,False,False,False,False,0,0,32770,0,1024,0
2026-08-14T04:06:11.427,2983553,11876,7.9168,7.9093,3.9588,3.9612,-0.0284,-0.0325,-0.113,77.4,8832,11400,115.9,0.0,22.7,24.5,idle,True,True,False,False,False,False,0,0,32770,0,1024,0
2026-08-14T04:06:11.927,2984053,11878,7.9168,7.9093,3.9588,3.9603,-0.0337,-0.0325,-0.134,77.4,8832,11400,115.9,0.0,22.7,24.5,discharging,True,True,False,False,False,False,0,0,32770,0,1024,0
2026-08-14T04:06:12.425,2984553,11880,7.9168,7.9093,3.9601,3.9603,-0.0337,-0.0325,-0.134,77.4,8832,11400,115.9,0.0,22.7,24.4,discharging,True,True,False,False,False,False,0,0,32770,0,1024,0
2026-08-14T04:06:12.924,2985053,11882,7.9168,7.9093,3.9592,3.9605,-0.0343,-0.0321,-0.137,77.4,8832,11400,115.9,0.0,22.7,24.4,discharging,True,True,False,False,False,False,0,0,32770,0,1024,0
2026-08-14T04:06:13.422,2985553,11884,7.9168,7.9093,3.9592,3.9597,-0.0262,-0.0318,-0.104,77.4,8832,11400,115.9,0.0,22.7,24.4,idle,True,True,False,False,False,False,0,0,32770,0,1024,0
2026-08-14T04:06:13.921,2986053,11886,7.9168,7.9093,3.961,3.9608,-0.0343,-0.0321,-0.137,77.4,8832,11400,115.9,0.0,22.7,24.4,discharging,True,True,False,False,False,False,0,0,32770,0,1024,0
2026-08-14T04:06:14.419,2986553,11888,7.9168,7.9093,3.9596,3.9608,-0.03,-0.0318,-0.12,77.4,8832,11400,115.9,0.0,22.7,24.3,idle,True,True,False,False,False,False,0,0,32770,0,1024,0
2026-08-14T04:06:14.917,2987053,11890,7.9168,7.9093,3.9588,3.9617,-0.029,-0.0321,-0.115,77.4,8832,11400,115.9,0.0,22.7,24.5,idle,True,True,False,False,False,False,0,0,32770,0,1024,0
2026-08-14T04:06:15.416,2987553,11892,7.9168,7.9093,3.9588,3.959,-0.03,-0.0318,-0.12,77.4,8832,11400,115.9,0.0,22.7,24.4,idle,True,True,False,False,False,False,0,0,32770,0,1024,0
2026-08-14T04:06:15.915,2988053,11894,7.9168,7.9093,3.9582,3.959,-0.0431,-0.0325,-0.171,77.4,8832,11400,115.9,0.0,22.7,24.4,discharging,True,True,False,False,False,False,0,0,32770,0,1024,0
2026-08-14T04:06:16.413,2988553,11896,7.9168,7.9093,3.9597,3.961,-0.0343,-0.0325,-0.137,77.4,8832,11400,115.9,0.0,22.7,24.3,discharging,True,True,False,False,False,False,0,0,32770,0,1024,0
2026-08-14T04:06:16.912,2989053,11898,7.9168,7.9093,3.9597,3.9612,-0.04,-0.0331,-0.158,77.4,8832,11400,115.9,0.0,22.7,24.4,discharging,True,True,False,False,False,False,0,0,32770,0,1024,0
2026-08-14T04:06:17.410,2989553,11900,7.9168,7.9093,3.9597,3.9608,-0.0287,-0.0328,-0.115,77.4,8832,11400,115.9,0.0,22.7,24.4,idle,True,True,False,False,False,False,0,0,32770,0,1024,0
2026-08-14T04:06:17.909,2990053,11902,7.9168,7.9093,3.9588,3.9608,-0.0381,-0.0328,-0.152,77.4,8832,11400,115.9,0.0,22.7,24.3,discharging,True,True,False,False,False,False,0,0,32770,0,1024,0
2026-08-14T04:06:18.407,2990553,11904,7.9168,7.9093,3.959,3.9599,-0.0393,-0.0328,-0.156,77.4,8832,11400,115.9,0.0,22.7,24.4,discharging,True,True,False,False,False,False,0,0,32770,0,1024,0
2026-08-14T04:06:18.906,2991053,11906,7.9168,7.9093,3.959,3.9607,-0.0309,-0.0331,-0.123,77.4,8832,11400,115.9,0.0,22.7,24.4,discharging,True,True,False,False,False,False,0,0,32770,0,1024,0
2026-08-14T04:06:19.404,2991553,11908,7.9168,7.9093,3.959,3.9607,-0.0365,-0.0331,-0.145,77.4,8832,11400,115.9,0.0,22.7,24.5,discharging,True,True,False,False,False,False,0,0,32770,0,1024,0
2026-08-14T04:06:19.903,2992053,11910,7.9168,7.9093,3.9593,3.9601,-0.0378,-0.0334,-0.15,77.4,8832,11400,115.9,0.0,22.7,24.4,discharging,True,True,False,False,False,False,0,0,32770,0,1024,0
2026-08-14T04:06:20.402,2992553,11912,7.9168,7.9093,3.9593,3.9601,-0.0343,-0.0334,-0.137,77.4,8832,11400,115.9,0.0,22.7,24.4,discharging,True,True,False,False,False,False,0,0,32770,0,1024,0
2026-08-14T04:06:20.900,2993053,11914,7.9168,7.9093,3.9588,3.9592,-0.0328,-0.0325,-0.131,77.4,8832,11400,115.9,0.0,22.7,24.4,discharging,True,True,False,False,False,False,0,0,32770,0,1024,0
2026-08-14T04:06:21.398,2993553,11916,7.9168,7.9093,3.9597,3.9592,-0.03,-0.0325,-0.12,77.4,8832,11400,115.9,0.0,22.7,24.3,idle,True,True,False,False,False,False,0,0,32770,0,1024,0
2026-08-14T04:06:21.897,2994053,11918,7.9168,7.9093,3.9582,3.9614,-0.0359,-0.0325,-0.142,77.4,8832,11400,115.9,0.0,22.7,24.2,discharging,True,True,False,False,False,False,0,0,32770,0,1024,0
2026-08-14T04:06:22.396,2994553,11920,7.9168,7.9093,3.9582,3.9627,-0.0228,-0.0321,-0.091,77.4,8832,11400,115.9,0.0,22.7,24.3,idle,True,True,False,False,False,False,0,0,32770,0,1024,0
2026-08-14T04:06:22.895,2995053,11922,7.9168,7.9093,3.959,3.9627,-0.0359,-0.0325,-0.142,77.4,8832,11400,115.9,0.0,22.7,24.4,discharging,True,True,False,False,False,False,0,0,32770,0,1024,0
2026-08-14T04:06:23.394,2995553,11924,7.9168,7.9093,3.9597,3.9597,-0.0368,-0.0321,-0.147,77.4,8832,11400,115.9,0.0,22.7,24.4,discharging,True,True,False,False,False,False,0,0,32770,0,1024,0
2026-08-14T04:06:23.892,2996053,11926,7.9168,7.9093,3.9597,3.9603,-0.0393,-0.0325,-0.156,77.4,8832,11400,115.9,0.0,22.7,24.4,discharging,True,True,False,False,False,False,0,0,32770,0,1024,0
2026-08-14T04:06:24.391,2996553,11928,7.9168,7.9093,3.959,3.9612,-0.0403,-0.0328,-0.16,77.4,8832,11400,115.9,0.0,22.7,24.5,discharging,True,True,False,False,False,False,0,0,32770,0,1024,0
2026-08-14T04:06:24.889,2997053,11930,7.9168,7.9093,3.9593,3.9612,-0.0256,-0.0328,-0.102,77.4,8832,11400,115.9,0.0,22.7,24.4,idle,True,True,False,False,False,False,0,0,32770,0,1024,0
2026-08-14T04:06:25.388,2997553,11932,7.9168,7.9093,3.9584,3.9603,-0.0381,-0.0331,-0.152,77.4,8832,11400,115.9,0.0,22.7,24.3,discharging,True,True,False,False,False,False,0,0,32770,0,1024,0
2026-08-14T04:06:25.887,2998053,11934,7.9168,7.9093,3.9584,3.9608,-0.0331,-0.0331,-0.131,77.4,8832,11400,115.9,0.0,22.7,24.3,discharging,True,True,False,False,False,False,0,0,32770,0,1024,0
2026-08-14T04:06:26.385,2998553,11936,7.9168,7.9093,3.9592,3.9608,-0.0318,-0.0331,-0.126,77.4,8832,11400,115.9,0.0,22.7,24.3,discharging,True,True,False,False,False,False,0,0,32770,0,1024,0
2026-08-14T04:06:26.884,2999053,11938,7.9168,7.9093,3.959,3.9608,-0.0325,-0.0334,-0.129,77.4,8832,11400,115.9,0.0,22.7,24.4,discharging,True,True,False,False,False,False,0,0,32770,0,1024,0
2026-08-14T04:06:27.383,2999553,11940,7.9168,7.9093,3.959,3.9607,-0.0353,-0.0337,-0.14,77.4,8832,11400,115.9,0.0,22.7,24.4,discharging,True,True,False,False,False,False,0,0,32770,0,1024,0
2026-08-14T04:06:27.881,3000053,11942,7.9168,7.9093,3.9601,3.9596,-0.0365,-0.0337,-0.145,77.4,8832,11400,115.9,0.0,22.7,24.4,discharging,True,True,False,False,False,False,0,0,32770,0,1024,0
2026-08-14T04:06:28.380,3000553,11944,7.9168,7.9093,3.9597,3.9596,-0.0406,-0.0343,-0.161,77.4,8832,11400,115.9,0.0,22.7,24.5,discharging,True,True,False,False,False,False,0,0,32770,0,1024,0
2026-08-14T04:06:28.878,3001053,11946,7.9168,7.9093,3.9597,3.961,-0.0278,-0.034,-0.11,77.4,8832,11400,115.9,0.0,22.7,24.2,idle,True,True,False,False,False,False,0,0,32770,0,1024,0
2026-08-14T04:06:29.377,3001553,11948,7.9168,7.9093,3.9593,3.9607,-0.04,-0.0343,-0.158,77.4,8832,11400,115.9,0.0,22.7,24.4,discharging,True,True,False,False,False,False,0,0,32770,0,1024,0
2026-08-14T04:06:29.875,3002053,11950,7.9168,7.9093,3.9596,3.9607,-0.0268,-0.034,-0.107,77.4,8832,11400,115.9,0.0,22.7,24.3,idle,True,True,False,False,False,False,0,0,32770,0,1024,0
2026-08-14T04:06:30.374,3002553,11952,7.9168,7.9084,3.9596,3.9627,-0.0303,-0.034,-0.121,77.4,8832,11400,115.9,0.0,22.7,24.4,discharging,True,True,False,False,False,False,0,0,32770,0,1024,0
2026-08-14T04:06:30.872,3003053,11954,7.9228,7.9084,3.9596,3.9627,-0.0231,-0.0331,-0.092,77.4,8832,11400,115.9,0.0,22.7,24.3,idle,True,True,False,False,False,False,0,0,32770,0,1024,0
2026-08-14T04:06:31.372,3003553,11956,7.9228,7.9084,3.9601,3.9597,-0.0428,-0.0334,-0.169,77.4,8832,11400,115.9,0.0,22.7,24.4,discharging,True,True,False,False,False,False,0,0,32770,0,1024,0
2026-08-14T04:06:31.870,3004053,11958,7.9228,7.9084,3.9586,3.9597,-0.029,-0.0337,-0.115,77.4,8832,11400,115.9,0.0,22.7,24.4,idle,True,True,False,False,False,False,0,0,32770,0,1024,0
2026-08-14T04:06:32.369,3004553,11960,7.9228,7.9084,3.9586,3.9597,-0.0359,-0.0337,-0.142,77.4,8832,11400,115.9,0.0,22.7,24.4,discharging,True,True,False,False,False,False,0,0,32770,0,1024,0
2026-08-14T04:06:32.867,3005053,11962,7.9228,7.9084,3.9599,3.9603,-0.0256,-0.0331,-0.102,77.4,8832,11400,115.9,0.0,22.7,24.4,idle,True,True,False,False,False,False,0,0,32770,0,1024,0
2026-08-14T04:06:33.368,3005553,11964,7.9228,7.9084,3.9596,3.9603,-0.0306,-0.0328,-0.121,77.4,8832,11400,115.9,0.0,22.7,24.3,discharging,True,True,False,False,False,False,0,0,32770,0,1024,0
2026-08-14T04:06:33.865,3006053,11966,7.9228,7.9084,3.9592,3.9584,-0.0378,-0.0337,-0.15,77.4,8832,11400,115.9,0.0,22.7,24.3,discharging,True,True,False,False,False,False,0,0,32770,0,1024,0
2026-08-14T04:06:34.364,3006553,11968,7.9228,7.9084,3.9592,3.9617,-0.0321,-0.0337,-0.128,77.4,8832,11400,115.9,0.0,22.7,24.3,discharging,True,True,False,False,False,False,0,0,32770,0,1024,0
2026-08-14T04:06:34.862,3007053,11970,7.9228,7.9084,3.9592,3.9607,-0.0284,-0.0334,-0.113,77.4,8832,11400,115.9,0.0,22.7,24.4,idle,True,True,False,False,False,False,0,0,32770,0,1024,0
2026-08-14T04:06:35.360,3007553,11972,7.9228,7.9084,3.9588,3.9607,-0.0296,-0.0331,-0.118,77.4,8832,11400,115.9,0.0,22.7,24.4,idle,True,True,False,False,False,False,0,0,32770,0,1024,0
2026-08-14T04:06:35.859,3008053,11974,7.9228,7.9084,3.9588,3.9607,-0.0312,-0.0328,-0.124,77.4,8832,11400,115.9,0.0,22.7,24.4,discharging,True,True,False,False,False,False,0,0,32770,0,1024,0
2026-08-14T04:06:36.357,3008553,11976,7.9228,7.9084,3.9577,3.9605,-0.0278,-0.0325,-0.11,77.4,8832,11400,115.9,0.0,22.7,24.3,idle,True,True,False,False,False,False,0,0,32770,0,1024,0
2026-08-14T04:06:36.856,3009053,11978,7.9228,7.9084,3.9586,3.9605,-0.0281,-0.0325,-0.112,77.4,8832,11400,115.9,0.0,22.7,24.4,idle,True,True,False,False,False,False,0,0,32770,0,1024,0
2026-08-14T04:06:37.355,3009553,11980,7.9228,7.9084,3.9588,3.9617,-0.0337,-0.0328,-0.134,77.4,8832,11400,115.9,0.0,22.7,24.4,discharging,True,True,False,False,False,False,0,0,32770,0,1024,0
2026-08-14T04:06:37.854,3010053,11982,7.9228,7.9084,3.9588,3.961,-0.034,-0.0328,-0.136,77.4,8832,11400,115.9,0.0,22.7,24.4,discharging,True,True,False,False,False,False,0,0,32770,0,1024,0
2026-08-14T04:06:38.353,3010553,11984,7.9228,7.9084,3.9577,3.9601,-0.0337,-0.0331,-0.134,77.4,8832,11400,115.9,0.0,22.7,24.4,discharging,True,True,False,False,False,False,0,0,32770,0,1024,0
2026-08-14T04:06:38.851,3011053,11986,7.9228,7.9084,3.9584,3.9601,-0.029,-0.0331,-0.115,77.4,8832,11400,115.9,0.0,22.7,24.3,idle,True,True,False,False,False,False,0,0,32770,0,1024,0
2026-08-14T04:06:39.350,3011553,11988,7.9228,7.9084,3.9584,3.9619,-0.0362,-0.0331,-0.144,77.4,8832,11400,115.9,0.0,22.7,24.3,discharging,True,True,False,False,False,False,0,0,32770,0,1024,0
2026-08-14T04:06:39.848,3012053,11990,7.9228,7.9084,3.9584,3.9597,-0.025,-0.0325,-0.099,77.4,8832,11400,115.9,0.0,22.7,24.4,idle,True,True,False,False,False,False,0,0,32770,0,1024,0
2026-08-14T04:06:40.347,3012553,11992,7.9228,7.9084,3.9596,3.9597,-0.034,-0.0325,-0.136,77.4,8832,11400,115.9,0.0,22.7,24.5,discharging,True,True,False,False,False,False,0,0,32770,0,1024,0
2026-08-14T04:06:40.845,3013053,11994,7.9228,7.9084,3.959,3.9614,-0.044,-0.0328,-0.176,77.4,8832,11400,115.9,0.0,22.7,24.4,discharging,True,True,False,False,False,False,0,0,32770,0,1024,0
2026-08-14T04:06:41.344,3013553,11996,7.9228,7.9084,3.959,3.9601,-0.0303,-0.0328,-0.121,77.4,8832,11400,115.9,0.0,22.7,24.4,discharging,True,True,False,False,False,False,0,0,32770,0,1024,0
2026-08-14T04:06:41.843,3014053,11998,7.9228,7.9084,3.9599,3.9607,-0.0378,-0.0325,-0.15,77.4,8832,11400,115.9,0.0,22.7,24.4,discharging,True,True,False,False,False,False,0,0,32770,0,1024,0
2026-08-14T04:06:42.341,3014553,12000,7.9228,7.9084,3.9592,3.9607,-0.0318,-0.0325,-0.126,77.4,8832,11400,115.9,0.0,22.7,24.3,discharging,True,True,False,False,False,False,0,0,32770,0,1024,0
2026-08-14T04:06:42.840,3015053,12002,7.9228,7.9084,3.9592,3.9605,-0.0343,-0.0328,-0.137,77.4,8832,11400,115.9,0.0,22.7,24.3,discharging,True,True,False,False,False,False,0,0,32770,0,1024,0
2026-08-14T04:06:43.338,3015553,12004,7.9228,7.9084,3.9584,3.9607,-0.0346,-0.0334,-0.137,77.4,8832,11400,115.9,0.0,22.7,24.4,discharging,True,True,False,False,False,False,0,0,32770,0,1024,0
2026-08-14T04:06:43.837,3016053,12006,7.9228,7.9084,3.9586,3.9607,-0.0406,-0.0337,-0.161,77.4,8832,11400,115.9,0.0,22.7,24.5,discharging,True,True,False,False,False,False,0,0,32770,0,1024,0
2026-08-14T04:06:44.335,3016553,12008,7.9228,7.9084,3.9582,3.9627,-0.03,-0.0337,-0.12,77.4,8832,11400,115.9,0.0,22.7,24.4,idle,True,True,False,False,False,False,0,0,32770,0,1024,0
2026-08-14T04:06:44.833,3017053,12010,7.9228,7.9084,3.9582,3.9619,-0.0246,-0.0331,-0.099,77.4,8832,11400,115.9,0.0,22.7,24.4,idle,True,True,False,False,False,False,0,0,32770,0,1024,0
2026-08-14T04:06:45.333,3017553,12012,7.9228,7.9084,3.9582,3.9603,-0.0331,-0.0331,-0.131,77.4,8832,11400,115.9,0.0,22.7,24.4,discharging,True,True,False,False,False,False,0,0,32770,0,1024,0
2026-08-14T04:06:45.832,3018053,12014,7.9228,7.9084,3.9592,3.9603,-0.0359,-0.0337,-0.142,77.4,8832,11400,115.9,0.0,22.7,24.5,discharging,True,True,False,False,False,False,0,0,32770,0,1024,0
2026-08-14T04:06:46.330,3018553,12016,7.9228,7.9084,3.9592,3.9616,-0.0362,-0.034,-0.144,77.4,8832,11400,115.9,0.0,22.7,24.4,discharging,True,True,False,False,False,False,0,0,32770,0,1024,0
2026-08-14T04:06:46.828,3019053,12018,7.9228,7.9084,3.9582,3.9603,-0.0296,-0.034,-0.118,77.4,8832,11400,115.9,0.0,22.7,24.3,idle,True,True,False,False,False,False,0,0,32770,0,1024,0
2026-08-14T04:06:47.327,3019553,12020,7.9228,7.9084,3.9597,3.9603,-0.0296,-0.0337,-0.118,77.4,8832,11400,115.9,0.0,22.7,24.5,idle,True,True,False,False,False,False,0,0,32770,0,1024,0
2026-08-14T04:06:47.826,3020053,12022,7.9228,7.9084,3.9592,3.9599,-0.0312,-0.0343,-0.124,77.4,8832,11400,115.9,0.0,22.7,24.4,discharging,True,True,False,False,False,False,0,0,32770,0,1024,0
2026-08-14T04:06:48.325,3020553,12024,7.9228,7.9084,3.9592,3.9593,-0.0337,-0.0343,-0.134,77.4,8832,11400,115.9,0.0,22.7,24.4,discharging,True,True,False,False,False,False,0,0,32770,0,1024,0
2026-08-14T04:06:48.823,3021053,12026,7.9228,7.9084,3.9599,3.9607,-0.0343,-0.0343,-0.137,77.4,8832,11400,115.9,0.0,22.7,24.4,discharging,True,True,False,False,False,False,0,0,32770,0,1024,0
2026-08-14T04:06:49.322,3021553,12028,7.9228,7.9084,3.9603,3.9607,-0.0318,-0.034,-0.126,77.4,8832,11400,115.9,0.0,22.7,24.3,discharging,True,True,False,False,False,False,0,0,32770,0,1024,0
2026-08-14T04:06:49.820,3022053,12030,7.9228,7.9084,3.9603,3.9614,-0.03,-0.0337,-0.12,77.4,8832,11400,115.9,0.0,22.7,24.3,idle,True,True,False,False,False,False,0,0,32770,0,1024,0
2026-08-14T04:06:50.318,3022553,12032,7.9228,7.9084,3.9599,3.9596,-0.0165,-0.0331,-0.065,77.4,8832,11400,115.9,0.0,22.7,24.3,idle,True,True,False,False,False,False,0,0,32770,0,1024,0
2026-08-14T04:06:50.817,3023053,12034,7.9228,7.9084,3.9588,3.9596,-0.0312,-0.0328,-0.124,77.4,8832,11400,115.9,0.0,22.7,24.3,discharging,True,True,False,False,False,False,0,0,32770,0,1024,0
2026-08-14T04:06:51.316,3023553,12036,7.9228,7.9084,3.9569,3.9607,-0.0378,-0.0325,-0.15,77.4,8832,11400,115.9,0.0,22.7,24.4,discharging,True,True,False,False,False,False,0,0,32770,0,1024,0
2026-08-14T04:06:51.814,3024053,12038,7.9228,7.9084,3.9569,3.9603,-0.0181,-0.0318,-0.072,77.4,8832,11400,115.9,0.0,22.7,24.4,idle,True,True,False,False,False,False,0,0,32770,0,1024,0
2026-08-14T04:06:52.314,3024553,12040,7.9228,7.9084,3.9578,3.9603,-0.0425,-0.0325,-0.169,77.4,8832,11400,115.9,0.0,22.7,24.4,discharging,True,True,False,False,False,False,0,0,32770,0,1024,0
2026-08-14T04:06:52.812,3025053,12042,7.9228,7.905,3.9578,3.9603,-0.0403,-0.0328,-0.16,77.4,8832,11400,115.9,0.0,22.7,24.3,discharging,True,True,False,False,False,False,0,0,32770,0,1024,0
2026-08-14T04:06:53.311,3025553,12044,7.9168,7.905,3.9578,3.9603,-0.0378,-0.0331,-0.15,77.4,8832,11400,115.9,0.0,22.7,24.3,discharging,True,True,False,False,False,False,0,0,32770,0,1024,0
2026-08-14T04:06:53.810,3026053,12046,7.9168,7.905,3.9584,3.9614,-0.0353,-0.0331,-0.14,77.4,8832,11400,115.9,0.0,22.7,24.4,discharging,True,True,False,False,False,False,0,0,32770,0,1024,0
2026-08-14T04:06:54.307,3026553,12048,7.9168,7.905,3.9596,3.9614,-0.0296,-0.0328,-0.118,77.4,8832,11400,115.9,0.0,22.7,24.3,idle,True,True,False,False,False,False,0,0,32770,0,1024,0
2026-08-14T04:06:54.806,3027053,12050,7.9168,7.905,3.9586,3.9603,-0.0221,-0.0328,-0.088,77.4,8832,11400,115.9,0.0,22.7,24.6,idle,True,True,False,False,False,False,0,0,32770,0,1024,0
2026-08-14T04:06:55.305,3027553,12052,7.9168,7.905,3.9586,3.9608,-0.0271,-0.0318,-0.108,77.4,8832,11400,115.9,0.0,22.7,24.6,idle,True,True,False,False,False,False,0,0,32770,0,1024,0
2026-08-14T04:06:55.803,3028053,12054,7.9168,7.905,3.9593,3.9608,-0.029,-0.0315,-0.115,77.4,8832,11400,115.9,0.0,22.7,24.5,idle,True,True,False,False,False,False,0,0,32770,0,1024,0
2026-08-14T04:06:56.302,3028553,12056,7.9168,7.905,3.9596,3.9608,-0.0328,-0.0318,-0.131,77.4,8832,11400,115.9,0.0,22.7,24.4,discharging,True,True,False,False,False,False,0,0,32770,0,1024,0
2026-08-14T04:06:56.801,3029053,12058,7.9168,7.905,3.9596,3.9596,-0.0359,-0.0321,-0.142,77.4,8832,11400,115.9,0.0,22.7,24.4,discharging,True,True,False,False,False,False,0,0,32770,0,1024,0
2026-08-14T04:06:57.299,3029553,12060,7.9168,7.905,3.9601,3.9612,-0.0196,-0.0315,-0.078,77.4,8832,11400,115.9,0.0,22.7,24.2,idle,True,True,False,False,False,False,0,0,32770,0,1024,0
2026-08-14T04:06:57.797,3030053,12062,7.9168,7.905,3.9588,3.9612,-0.03,-0.0315,-0.12,77.4,8832,11400,115.9,0.0,22.7,24.4,idle,True,True,False,False,False,False,0,0,32770,0,1024,0
2026-08-14T04:06:58.296,3030553,12064,7.9168,7.905,3.959,3.9601,-0.0362,-0.0315,-0.144,77.4,8832,11400,115.9,0.0,22.7,24.2,discharging,True,True,False,False,False,False,0,0,32770,0,1024,0
2026-08-14T04:06:58.795,3031053,12066,7.9168,7.905,3.959,3.961,-0.035,-0.0318,-0.139,77.4,8832,11400,115.9,0.0,22.7,24.3,discharging,True,True,False,False,False,False,0,0,32770,0,1024,0
2026-08-14T04:06:59.294,3031553,12068,7.9168,7.905,3.9577,3.961,-0.034,-0.0321,-0.136,77.4,8832,11400,115.9,0.0,22.7,24.1,discharging,True,True,False,False,False,False,0,0,32770,0,1024,0
2026-08-14T04:06:59.792,3032053,12070,7.9168,7.905,3.9581,3.9592,-0.0365,-0.0321,-0.145,77.4,8832,11400,115.9,0.0,22.7,24.4,discharging,True,True,False,False,False,False,0,0,32770,0,1024,0
2026-08-14T04:07:00.290,3032553,12072,7.9168,7.905,3.9581,3.9612,-0.03,-0.0318,-0.12,77.4,8832,11400,115.9,0.0,22.7,24.3,idle,True,True,False,False,False,False,0,0,32770,0,1024,0
2026-08-14T04:07:00.789,3033053,12074,7.9168,7.905,3.9578,3.9607,-0.0325,-0.0321,-0.129,77.4,8832,11400,115.9,0.0,22.7,24.5,discharging,True,True,False,False,False,False,0,0,32770,0,1024,0
2026-08-14T04:07:01.288,3033553,12076,7.9168,7.905,3.9588,3.9607,-0.0393,-0.0325,-0.156,77.4,8832,11400,115.9,0.0,22.7,24.4,discharging,True,True,False,False,False,False,0,0,32770,0,1024,0
2026-08-14T04:07:01.787,3034053,12078,7.9168,7.905,3.9588,3.9599,-0.0321,-0.0325,-0.128,77.4,8832,11400,115.9,0.0,22.7,24.4,discharging,True,True,False,False,False,False,0,0,32770,0,1024,0
2026-08-14T04:07:02.285,3034553,12080,7.9168,7.905,3.9588,3.9603,-0.0337,-0.0325,-0.134,77.4,8832,11400,115.9,0.0,22.7,24.4,discharging,True,True,False,False,False,False,0,0,32770,0,1024,0
2026-08-14T04:07:02.784,3035053,12082,7.9168,7.905,3.9593,3.9603,-0.0431,-0.0331,-0.171,77.4,8832,11400,115.9,0.0,22.7,24.3,discharging,True,True,False,False,False,False,0,0,32770,0,1024,0
2026-08-14T04:07:03.282,3035553,12084,7.9168,7.905,3.9597,3.9612,-0.0287,-0.0331,-0.115,77.4,8832,11400,115.9,0.0,22.7,24.4,idle,True,True,False,False,False,False,0,0,32770,0,1024,0
2026-08-14T04:07:03.781,3036053,12086,7.9168,7.905,3.9597,3.9593,-0.035,-0.0331,-0.139,77.4,8832,11400,115.9,0.0,22.7,24.4,discharging,True,True,False,False,False,False,0,0,32770,0,1024,0
2026-08-14T04:07:04.279,3036553,12088,7.9168,7.905,3.959,3.9607,-0.0303,-0.0334,-0.121,77.4,8832,11400,115.9,0.0,22.7,24.3,discharging,True,True,False,False,False,False,0,0,32770,0,1024,0
2026-08-14T04:07:04.778,3037053,12090,7.9168,7.905,3.9577,3.9607,-0.0303,-0.0331,-0.12,77.4,8832,11400,115.9,0.0,22.7,24.2,discharging,True,True,False,False,False,False,0,0,32770,0,1024,0
2026-08-14T04:07:05.276,3037553,12092,7.9168,7.905,3.9586,3.9612,-0.0231,-0.0331,-0.092,77.4,8832,11400,115.9,0.0,22.7,24.4,idle,True,True,False,False,False,False,0,0,32770,0,1024,0
2026-08-14T04:07:05.774,3038053,12094,7.9168,7.905,3.9586,3.961,-0.0271,-0.0321,-0.108,77.4,8832,11400,115.9,0.0,22.7,24.3,idle,True,True,False,False,False,False,0,0,32770,0,1024,0
2026-08-14T04:07:06.274,3038553,12096,7.9168,7.905,3.9582,3.961,-0.0187,-0.0312,-0.075,77.4,8832,11400,115.9,0.0,22.7,24.4,idle,True,True,False,False,False,False,0,0,32770,0,1024,0
2026-08-14T04:07:06.772,3039053,12098,7.9168,7.905,3.9581,3.9619,-0.039,-0.0318,-0.155,77.4,8832,11400,115.9,0.0,22.7,24.4,discharging,True,True,False,False,False,False,0,0,32770,0,1024,0
2026-08-14T04:07:07.270,3039553,12100,7.9168,7.905,3.9581,3.9607,-0.0296,-0.0318,-0.118,77.4,8832,11400,115.9,0.0,22.7,24.3,idle,True,True,False,False,False,False,0,0,32770,0,1024,0
2026-08-14T04:07:07.769,3040053,12102,7.9168,7.905,3.9592,3.9593,-0.0387,-0.0325,-0.153,77.4,8832,11400,115.9,0.0,22.7,24.4,discharging,True,True,False,False,False,False,0,0,32770,0,1024,0
2026-08-14T04:07:08.268,3040553,12104,7.9168,7.905,3.9592,3.9593,-0.0359,-0.0331,-0.142,77.4,8832,11400,115.9,0.0,22.7,24.5,discharging,True,True,False,False,False,False,0,0,32770,0,1024,0
2026-08-14T04:07:08.767,3041053,12106,7.9168,7.905,3.9582,3.9608,-0.034,-0.0334,-0.136,77.4,8832,11400,115.9,0.0,22.7,24.3,discharging,True,True,False,False,False,False,0,0,32770,0,1024,0
2026-08-14T04:07:09.266,3041553,12108,7.9168,7.905,3.9582,3.9601,-0.0368,-0.0337,-0.147,77.4,8832,11400,115.9,0.0,22.7,24.3,discharging,True,True,False,False,False,False,0,0,32770,0,1024,0
2026-08-14T04:07:09.764,3042053,12110,7.9168,7.905,3.9577,3.9601,-0.0384,-0.034,-0.153,77.4,8832,11400,115.9,0.0,22.7,24.4,discharging,True,True,False,False,False,False,0,0,32770,0,1024,0
2026-08-14T04:07:10.262,3042553,12112,7.9168,7.905,3.9581,3.9617,-0.0296,-0.0337,-0.118,77.4,8832,11400,115.9,0.0,22.7,24.2,idle,True,True,False,False,False,False,0,0,32770,0,1024,0
2026-08-14T04:07:10.761,3043053,12114,7.9168,7.905,3.9581,3.959,-0.0303,-0.0337,-0.12,77.4,8832,11400,115.9,0.0,22.7,24.2,discharging,True,True,False,False,False,False,0,0,32770,0,1024,0
2026-08-14T04:07:11.260,3043553,12116,7.9168,7.905,3.9586,3.9612,-0.034,-0.0334,-0.136,77.4,8832,11400,115.9,0.0,22.7,24.4,discharging,True,True,False,False,False,False,0,0,32770,0,1024,0
2026-08-14T04:07:11.758,3044053,12118,7.9168,7.905,3.9582,3.9612,-0.0312,-0.0334,-0.124,77.4,8832,11400,115.9,0.0,22.7,24.3,discharging,True,True,False,False,False,False,0,0,32770,0,1024,0
2026-08-14T04:07:12.257,3044553,12120,7.9168,7.905,3.9582,3.9601,-0.0459,-0.034,-0.182,77.4,8832,11400,115.9,0.0,22.7,24.4,discharging,True,True,False,False,False,False,0,0,32770,0,1024,0
2026-08-14T04:07:12.755,3045053,12122,7.9168,7.905,3.9593,3.9616,-0.0309,-0.034,-0.123,77.4,8832,11400,115.9,0.0,22.7,24.3,discharging,True,True,False,False,False,False,0,0,32770,0,1024,0
2026-08-14T04:07:13.254,3045553,12124,7.9168,7.905,3.9581,3.9616,-0.0281,-0.0337,-0.112,77.4,8832,11400,115.9,0.0,22.7,24.3,idle,True,True,False,False,False,False,0,0,32770,0,1024,0
2026-08-14T04:07:13.753,3046053,12126,7.9168,7.905,3.9586,3.9608,-0.0328,-0.0331,-0.131,77.4,8832,11400,115.9,0.0,22.7,24.4,discharging,True,True,False,False,False,False,0,0,32770,0,1024,0
2026-08-14T04:07:14.251,3046553,12128,7.9168,7.905,3.9586,3.9616,-0.0287,-0.0328,-0.115,77.4,8832,11400,115.9,0.0,22.7,24.4,idle,True,True,False,False,False,False,0,0,32770,0,1024,0
2026-08-14T04:07:14.750,3047053,12130,7.9168,7.905,3.9593,3.9612,-0.0393,-0.0325,-0.156,77.4,8832,11400,115.9,0.0,22.7,24.2,discharging,True,True,False,False,False,False,0,0,32770,0,1024,0
2026-08-14T04:07:15.251,3047553,12132,7.9168,7.91,3.9593,3.9612,-0.024,-0.0325,-0.096,77.4,8832,11400,115.9,0.0,22.7,24.2,idle,True,True,False,False,False,False,0,0,32770,0,1024,0
2026-08-14T04:07:15.747,3048053,12134,7.9153,7.91,3.9593,3.9612,-0.0412,-0.0328,-0.164,77.4,8832,11400,115.9,0.0,22.7,24.2,discharging,True,True,False,False,False,False,0,0,32770,0,1024,0
2026-08-14T04:07:16.244,3048553,12136,7.9153,7.91,3.9601,3.9605,-0.0243,-0.0321,-0.097,77.4,8832,11400,115.9,0.0,22.7,24.3,idle,True,True,False,False,False,False,0,0,32770,0,1024,0
2026-08-14T04:07:16.744,3049053,12138,7.9153,7.91,3.959,3.9605,-0.0368,-0.0325,-0.147,77.4,8832,11400,115.9,0.0,22.7,24.3,discharging,True,True,False,False,False,False,0,0,32770,0,1024,0
2026-08-14T04:07:17.243,3049553,12140,7.9153,7.91,3.9584,3.9603,-0.0321,-0.0325,-0.128,77.4,8832,11400,115.9,0.0,22.7,24.4,discharging,True,True,False,False,False,False,0,0,32770,0,1024,0
2026-08-14T04:07:17.741,3050053,12142,7.9153,7.91,3.9584,3.9612,-0.0331,-0.0325,-0.131,77.4,8832,11400,115.9,0.0,22.7,24.4,discharging,True,True,False,False,False,False,0,0,32770,0,1024,0
2026-08-14T04:07:18.239,3050553,12144,7.9153,7.91,3.9593,3.9608,-0.0309,-0.0328,-0.123,77.4,8832,11400,115.9,0.0,22.7,24.4,discharging,True,True,False,False,False,False,0,0,32770,0,1024,0
2026-08-14T04:07:18.737,3051053,12146,7.9153,7.91,3.9599,3.9608,-0.0262,-0.0321,-0.104,77.4,8832,11400,115.9,0.0,22.7,24.2,idle,True,True,False,False,False,False,0,0,32770,0,1024,0
2026-08-14T04:07:19.237,3051553,12148,7.9153,7.91,3.9599,3.9608,-0.0412,-0.0328,-0.164,77.4,8832,11400,115.9,0.0,22.7,24.2,discharging,True,True,False,False,False,False,0,0,32770,0,1024,0
2026-08-14T04:07:19.735,3052053,12150,7.9153,7.91,3.9588,3.9612,-0.0337,-0.0328,-0.134,77.4,8832,11400,115.9,0.0,22.7,24.2,discharging,True,True,False,False,False,False,0,0,32770,0,1024,0
2026-08-14T04:07:20.234,3052553,12152,7.9153,7.91,3.959,3.9612,-0.035,-0.0331,-0.139,77.4,8832,11400,115.9,0.0,22.7,24.3,discharging,True,True,False,False,False,False,0,0,32770,0,1024,0
2026-08-14T04:07:20.731,3053053,12154,7.9153,7.91,3.9593,3.9607,-0.0265,-0.0321,-0.105,77.4,8832,11400,115.9,0.0,22.7,24.4,idle,True,True,False,False,False,False,0,0,32770,0,1024,0
2026-08-14T04:07:21.230,3053553,12156,7.9153,7.91,3.9593,3.9605,-0.0387,-0.0325,-0.153,77.4,8832,11400,115.9,0.0,22.7,24.4,discharging,True,True,False,False,False,False,0,0,32770,0,1024,0
2026-08-14T04:07:21.728,3054053,12158,7.9153,7.91,3.9596,3.9607,-0.019,-0.0318,-0.076,77.4,8832,11400,115.9,0.0,22.7,24.4,idle,True,True,False,False,False,False,0,0,32770,0,1024,0
2026-08-14T04:07:22.227,3054553,12160,7.9153,7.91,3.9592,3.9607,-0.0306,-0.0312,-0.121,77.4,8832,11400,115.9,0.0,22.7,24.2,discharging,True,True,False,False,False,False,0,0,32770,0,1024,0
2026-08-14T04:07:22.725,3055053,12162,7.9153,7.91,3.9592,3.9605,-0.0309,-0.0312,-0.123,77.4,8832,11400,115.9,0.0,22.7,24.4,discharging,True,True,False,False,False,False,0,0,32770,0,1024,0
2026-08-14T04:07:23.223,3055553,12164,7.9153,7.91,3.9582,3.9601,-0.0268,-0.0303,-0.107,77.4,8832,11400,115.9,0.0,22.7,24.3,idle,True,True,False,False,False,False,0,0,32770,0,1024,0
2026-08-14T04:07:23.723,3056053,12166,7.9153,7.91,3.9588,3.9601,-0.0331,-0.0306,-0.131,77.4,8832,11400,115.9,0.0,22.7,24.1,discharging,True,True,False,False,False,False,0,0,32770,0,1024,0
2026-08-14T04:07:24.220,3056553,12168,7.9153,7.91,3.9601,3.9619,-0.0284,-0.0303,-0.113,77.4,8832,11400,115.9,0.0,22.7,24.2,idle,True,True,False,False,False,False,0,0,32770,0,1024,0
2026-08-14T04:07:24.719,3057053,12170,7.9153,7.91,3.9601,3.9599,-0.0268,-0.03,-0.107,77.4,8832,11400,115.9,0.0,22.7,24.2,idle,True,True,False,False,False,False,0,0,32770,0,1024,0
2026-08-14T04:07:25.218,3057553,12172,7.9153,7.91,3.9582,3.9599,-0.0215,-0.0296,-0.086,77.4,8832,11400,115.9,0.0,22.7,24.5,idle,True,True,False,False,False,False,0,0,32770,0,1024,0
2026-08-14T04:07:25.716,3058053,12174,7.9153,7.91,3.9601,3.9599,-0.0287,-0.029,-0.115,77.4,8832,11400,115.9,0.0,22.7,24.2,idle,True,True,False,False,False,False,0,0,32770,0,1024,0
2026-08-14T04:07:26.215,3058553,12176,7.9153,7.91,3.9601,3.9603,-0.0231,-0.0287,-0.092,77.4,8832,11400,115.9,0.0,22.7,24.2,idle,True,True,False,False,False,False,0,0,32770,0,1024,0
2026-08-14T04:07:26.713,3059053,12178,7.9153,7.91,3.9597,3.9617,-0.03,-0.0296,-0.12,77.4,8832,11400,115.9,0.0,22.7,24.5,idle,True,True,False,False,False,False,0,0,32770,0,1024,0
2026-08-14T04:07:27.212,3059553,12180,7.9153,7.91,3.9588,3.9617,-0.0353,-0.03,-0.14,77.4,8832,11400,115.9,0.0,22.7,24.3,discharging,True,True,False,False,False,False,0,0,32770,0,1024,0
2026-08-14T04:07:27.711,3060053,12182,7.9153,7.91,3.9588,3.9614,-0.0325,-0.0303,-0.129,77.4,8832,11400,115.9,0.0,22.7,24.3,discharging,True,True,False,False,False,False,0,0,32770,0,1024,0
2026-08-14T04:07:28.209,3060553,12184,7.9153,7.91,3.9588,3.9614,-0.0343,-0.0306,-0.137,77.4,8832,11400,115.9,0.0,22.7,24.3,discharging,True,True,False,False,False,False,0,0,32770,0,1024,0
2026-08-14T04:07:28.707,3061053,12186,7.9153,7.91,3.9584,3.9612,-0.0343,-0.0309,-0.137,77.4,8832,11400,115.9,0.0,22.7,24.2,discharging,True,True,False,False,False,False,0,0,32770,0,1024,0
2026-08-14T04:07:29.206,3061553,12188,7.9153,7.91,3.959,3.9612,-0.0243,-0.0309,-0.097,77.4,8832,11400,115.9,0.0,22.7,24.4,idle,True,True,False,False,False,False,0,0,32770,0,1024,0
2026-08-14T04:07:29.705,3062053,12190,7.9153,7.91,3.959,3.9603,-0.0409,-0.0315,-0.163,77.4,8832,11400,115.9,0.0,22.7,24.3,discharging,True,True,False,False,False,False,0,0,32770,0,1024,0
2026-08-14T04:07:30.204,3062553,12192,7.9153,7.91,3.9592,3.9614,-0.0393,-0.0318,-0.156,77.4,8832,11400,115.9,0.0,22.7,24.3,discharging,True,True,False,False,False,False,0,0,32770,0,1024,0
2026-08-14T04:07:30.702,3063053,12194,7.9153,7.91,3.9593,3.9614,-0.0446,-0.0328,-0.177,77.4,8832,11400,115.9,0.0,22.7,24.3,discharging,True,True,False,False,False,False,0,0,32770,0,1024,0
2026-08-14T04:07:31.202,3063553,12196,7.9153,7.91,3.9596,3.9605,-0.045,-0.0337,-0.179,77.4,8832,11400,115.9,0.0,22.7,24.3,discharging,True,True,False,False,False,False,0,0,32770,0,1024,0
2026-08-14T04:07:31.698,3064053,12198,7.9153,7.91,3.9596,3.9601,-0.0287,-0.0334,-0.115,77.4,8832,11400,115.9,0.0,22.7,24.3,idle,True,True,False,False,False,False,0,0,32770,0,1024,0
2026-08-14T04:07:32.198,3064553,12200,7.9153,7.91,3.9582,3.9601,-0.035,-0.0334,-0.139,77.4,8832,11400,115.9,0.0,22.7,24.2,discharging,True,True,False,False,False,False,0,0,32770,0,1024,0
2026-08-14T04:07:32.696,3065053,12202,7.9153,7.91,3.9601,3.9599,-0.0337,-0.0337,-0.134,77.4,8832,11400,115.9,0.0,22.7,24.4,discharging,True,True,False,False,False,False,0,0,32770,0,1024,0
2026-08-14T04:07:33.194,3065553,12204,7.9153,7.91,3.9601,3.9621,-0.029,-0.0334,-0.115,77.4,8832,11400,115.9,0.0,22.7,24.4,idle,True,True,False,False,False,False,0,0,32770,0,1024,0
2026-08-14T04:07:33.693,3066053,12206,7.9153,7.91,3.9584,3.9601,-0.0331,-0.0337,-0.131,77.4,8832,11400,115.9,0.0,22.7,24.3,discharging,True,True,False,False,False,False,0,0,32770,0,1024,0
2026-08-14T04:07:34.191,3066553,12208,7.9153,7.91,3.959,3.9601,-0.0284,-0.0334,-0.113,77.4,8832,11400,115.9,0.0,22.7,24.4,idle,True,True,False,False,False,False,0,0,32770,0,1024,0
2026-08-14T04:07:34.691,3067053,12210,7.9153,7.91,3.9582,3.9593,-0.0256,-0.0331,-0.102,77.4,8832,11400,115.9,0.0,22.7,24.3,idle,True,True,False,False,False,False,0,0,32770,0,1024,0
2026-08-14T04:07:35.188,3067553,12212,7.9153,7.91,3.9582,3.9614,-0.0243,-0.0321,-0.097,77.4,8832,11400,115.9,0.0,22.7,24.3,idle,True,True,False,False,False,False,0,0,32770,0,1024,0
2026-08-14T04:07:35.687,3068053,12214,7.9153,7.91,3.9584,3.9614,-0.0296,-0.0318,-0.118,77.4,8832,11400,115.9,0.0,22.7,24.4,idle,True,True,False,False,False,False,0,0,32770,0,1024,0
2026-08-14T04:07:36.185,3068553,12216,7.9153,7.91,3.9596,3.9607,-0.0371,-0.0315,-0.148,77.4,8832,11400,115.9,0.0,22.7,24.4,discharging,True,True,False,False,False,False,0,0,32770,0,1024,0
2026-08-14T04:07:36.684,3069053,12218,7.9153,7.91,3.9596,3.9597,-0.0325,-0.0315,-0.129,77.4,8832,11400,115.9,0.0,22.7,24.4,discharging,True,True,False,False,False,False,0,0,32770,0,1024,0
2026-08-14T04:07:37.183,3069553,12220,7.9153,7.91,3.9586,3.9596,-0.0303,-0.0318,-0.12,77.4,8832,11400,115.9,0.0,22.7,24.2,discharging,True,True,False,False,False,False,0,0,32770,0,1024,0
2026-08-14T04:07:37.682,3070053,12222,7.9153,7.9056,3.9586,3.9596,-0.0359,-0.0321,-0.142,77.4,8832,11400,115.9,0.0,22.7,24.3,discharging,True,True,False,False,False,False,0,0,32770,0,1024,0
2026-08-14T04:07:38.180,3070553,12224,7.9203,7.9056,3.9586,3.9596,-0.0353,-0.0318,-0.14,77.4,8832,11400,115.9,0.0,22.7,24.3,discharging,True,True,False,False,False,False,0,0,32770,0,1024,0
2026-08-14T04:07:38.679,3071053,12226,7.9203,7.9056,3.9586,3.9616,-0.0343,-0.0321,-0.137,77.4,8832,11400,115.9,0.0,22.7,24.3,discharging,True,True,False,False,False,False,0,0,32770,0,1024,0
2026-08-14T04:07:39.178,3071553,12228,7.9203,7.9056,3.9584,3.9616,-0.0406,-0.0328,-0.161,77.4,8832,11400,115.9,0.0,22.7,24.2,discharging,True,True,False,False,False,False,0,0,32770,0,1024,0
2026-08-14T04:07:39.676,3072053,12230,7.9203,7.9056,3.9596,3.9597,-0.0309,-0.0325,-0.123,77.4,8832,11400,115.9,0.0,22.7,24.4,discharging,True,True,False,False,False,False,0,0,32770,0,1024,0
2026-08-14T04:07:40.174,3072553,12232,7.9203,7.9056,3.9596,3.9616,-0.0296,-0.0321,-0.118,77.4,8832,11400,115.9,0.0,22.7,24.4,idle,True,True,False,False,False,False,0,0,32770,0,1024,0
2026-08-14T04:07:40.675,3073053,12234,7.9203,7.9056,3.9588,3.9599,-0.0331,-0.0315,-0.131,77.4,8832,11400,115.9,0.0,22.7,24.3,discharging,True,True,False,False,False,False,0,0,32770,0,1024,0
2026-08-14T04:07:41.171,3073553,12236,7.9203,7.9056,3.9586,3.9599,-0.0243,-0.0309,-0.097,77.4,8832,11400,115.9,0.0,22.7,24.2,idle,True,True,False,False,False,False,0,0,32770,0,1024,0
2026-08-14T04:07:41.671,3074053,12238,7.9203,7.9056,3.9577,3.9614,-0.0381,-0.0309,-0.152,77.4,8832,11400,115.9,0.0,22.7,24.2,discharging,True,True,False,False,False,False,0,0,32770,0,1024,0
2026-08-14T04:07:42.170,3074553,12240,7.9203,7.9056,3.9577,3.9603,-0.0328,-0.0315,-0.131,77.4,8832,11400,115.9,0.0,22.7,24.2,discharging,True,True,False,False,False,False,0,0,32770,0,1024,0
2026-08-14T04:07:42.668,3075053,12242,7.9203,7.9056,3.9597,3.9603,-0.0353,-0.0315,-0.14,77.4,8832,11400,115.9,0.0,22.7,24.3,discharging,True,True,False,False,False,False,0,0,32770,0,1024,0
2026-08-14T04:07:43.167,3075553,12244,7.9203,7.9056,3.9592,3.9605,-0.0318,-0.0318,-0.126,77.4,8832,11400,115.9,0.0,22.6,24.3,discharging,True,True,False,False,False,False,0,0,32770,0,1024,0
2026-08-14T04:07:43.665,3076053,12246,7.9203,7.9056,3.9592,3.9616,-0.0243,-0.0312,-0.097,77.4,8832,11400,115.9,0.0,22.6,24.3,idle,True,True,False,False,False,False,0,0,32770,0,1024,0
2026-08-14T04:07:44.164,3076553,12248,7.9203,7.9056,3.9582,3.9616,-0.0371,-0.0312,-0.147,77.4,8832,11400,115.9,0.0,22.7,24.2,discharging,True,True,False,False,False,False,0,0,32770,0,1024,0
2026-08-14T04:07:44.663,3077053,12250,7.9203,7.9056,3.9601,3.9616,-0.0325,-0.0315,-0.129,77.4,8832,11400,115.9,0.0,22.7,24.3,discharging,True,True,False,False,False,False,0,0,32770,0,1024,0
2026-08-14T04:07:45.161,3077553,12252,7.9203,7.9056,3.9575,3.9607,-0.0256,-0.0315,-0.102,77.4,8832,11400,115.9,0.0,22.7,24.4,idle,True,True,False,False,False,False,0,0,32770,0,1024,0
2026-08-14T04:07:45.660,3078053,12254,7.9203,7.9056,3.9575,3.9612,-0.0271,-0.0309,-0.108,77.4,8832,11400,115.9,0.0,22.7,24.4,idle,True,True,False,False,False,False,0,0,32770,0,1024,0
2026-08-14T04:07:46.158,3078553,12256,7.9203,7.9056,3.9599,3.9612,-0.0262,-0.0306,-0.104,77.4,8832,11400,115.9,0.0,22.7,24.2,idle,True,True,False,False,False,False,0,0,32770,0,1024,0
2026-08-14T04:07:46.658,3079053,12258,7.9203,7.9056,3.9601,3.9593,-0.0453,-0.0312,-0.18,77.4,8832,11400,115.9,0.0,22.7,24.2,discharging,True,True,False,False,False,False,0,0,32770,0,1024,0
2026-08-14T04:07:47.156,3079553,12260,7.9203,7.9056,3.9601,3.9596,-0.0387,-0.0315,-0.153,77.4,8832,11400,115.9,0.0,22.7,24.2,discharging,True,True,False,False,False,False,0,0,32770,0,1024,0
2026-08-14T04:07:47.655,3080053,12262,7.9203,7.9056,3.9596,3.9607,-0.0368,-0.0315,-0.147,77.4,8832,11400,115.9,0.0,22.7,24.2,discharging,True,True,False,False,False,False,0,0,32770,0,1024,0
2026-08-14T04:07:48.153,3080553,12264,7.9203,7.9056,3.9597,3.9607,-0.044,-0.0325,-0.176,77.4,8832,11400,115.9,0.0,22.7,24.3,discharging,True,True,False,False,False,False,0,0,32770,0,1024,0
2026-08-14T04:07:48.652,3081053,12266,7.9203,7.9056,3.9588,3.9614,-0.0443,-0.0334,-0.176,77.4,8832,11400,115.9,0.0,22.7,24.3,discharging,True,True,False,False,False,False,0,0,32770,0,1024,0
2026-08-14T04:07:49.150,3081553,12268,7.9203,7.9056,3.9588,3.961,-0.0421,-0.0337,-0.168,77.4,8832,11400,115.9,0.0,22.7,24.4,discharging,True,True,False,False,False,False,0,0,32770,0,1024,0
2026-08-14T04:07:49.648,3082053,12270,7.9203,7.9056,3.9578,3.961,-0.02,-0.0328,-0.08,77.4,8832,11400,115.9,0.0,22.7,24.3,idle,True,True,False,False,False,False,0,0,32770,0,1024,0
2026-08-14T04:07:50.147,3082553,12272,7.9203,7.9056,3.9584,3.961,-0.0328,-0.0321,-0.131,77.4,8832,11400,115.9,0.0,22.7,24.5,discharging,True,True,False,False,False,False,0,0,32770,0,1024,0
2026-08-14T04:07:50.646,3083053,12274,7.9203,7.9056,3.9584,3.9601,-0.0281,-0.0318,-0.112,77.4,8832,11400,115.9,0.0,22.7,24.3,idle,True,True,False,False,False,False,0,0,32770,0,1024,0
2026-08-14T04:07:51.145,3083553,12276,7.9203,7.9056,3.9592,3.9608,-0.0412,-0.0312,-0.164,77.4,8832,11400,115.9,0.0,22.7,24.4,discharging,True,True,False,False,False,False,0,0,32770,0,1024,0
2026-08-14T04:07:51.643,3084053,12278,7.9203,7.9056,3.9581,3.9608,-0.03,-0.0315,-0.12,77.4,8832,11400,115.9,0.0,22.7,24.3,idle,True,True,False,False,False,False,0,0,32770,0,1024,0
2026-08-14T04:07:52.142,3084553,12280,7.9203,7.9056,3.9581,3.9593,-0.0303,-0.0315,-0.12,77.4,8832,11400,115.9,0.0,22.7,24.1,discharging,True,True,False,False,False,False,0,0,32770,0,1024,0
2026-08-14T04:07:52.640,3085053,12282,7.9203,7.9056,3.9596,3.9614,-0.0368,-0.0318,-0.147,77.4,8832,11400,115.9,0.0,22.7,24.2,discharging,True,True,False,False,False,False,0,0,32770,0,1024,0
2026-08-14T04:07:53.139,3085553,12284,7.9203,7.9056,3.9581,3.9614,-0.0312,-0.0318,-0.124,77.4,8832,11400,115.9,0.0,22.7,24.2,discharging,True,True,False,False,False,False,0,0,32770,0,1024,0
2026-08-14T04:07:53.638,3086053,12286,7.9203,7.9056,3.9592,3.9607,-0.0409,-0.0331,-0.163,77.4,8832,11400,115.9,0.0,22.7,24.4,discharging,True,True,False,False,False,False,0,0,32770,0,1024,0
2026-08-14T04:07:54.136,3086553,12288,7.9203,7.9056,3.9592,3.9597,-0.0378,-0.0334,-0.15,77.4,8832,11400,115.9,0.0,22.6,24.4,discharging,True,True,False,False,False,False,0,0,32770,0,1024,0
2026-08-14T04:07:54.634,3087053,12290,7.9203,7.9056,3.9597,3.9607,-0.0265,-0.0325,-0.105,77.4,8832,11400,115.9,0.0,22.6,24.3,idle,True,True,False,False,False,False,0,0,32770,0,1024,0
2026-08-14T04:07:55.133,3087553,12292,7.9203,7.9056,3.959,3.9607,-0.0409,-0.0328,-0.163,77.4,8832,11400,115.9,0.0,22.6,24.3,discharging,True,True,False,False,False,False,0,0,32770,0,1024,0
2026-08-14T04:07:55.631,3088053,12294,7.9203,7.9056,3.959,3.9601,-0.0281,-0.0325,-0.112,77.4,8832,11400,115.9,0.0,22.7,24.3,idle,True,True,False,False,False,False,0,0,32770,0,1024,0
2026-08-14T04:07:56.131,3088553,12296,7.9203,7.9056,3.9592,3.961,-0.0421,-0.0331,-0.168,77.4,8832,11400,115.9,0.0,22.7,24.2,discharging,True,True,False,False,False,False,0,0,32770,0,1024,0
2026-08-14T04:07:56.629,3089053,12298,7.9203,7.9056,3.9599,3.961,-0.015,-0.0318,-0.06,77.4,8832,11400,115.9,0.0,22.7,24.4,idle,True,True,False,False,False,False,0,0,32770,0,1024,0
2026-08-14T04:07:57.128,3089553,12300,7.9203,7.9056,3.9596,3.9601,-0.0425,-0.0318,-0.169,77.4,8832,11400,115.9,0.0,22.6,24.3,discharging,True,True,False,False,False,False,0,0,32770,0,1024,0
2026-08-14T04:07:57.627,3090053,12302,7.9203,7.9056,3.9596,3.9605,-0.0331,-0.0318,-0.131,77.4,8832,11400,115.9,0.0,22.6,24.4,discharging,True,True,False,False,False,False,0,0,32770,0,1024,0
2026-08-14T04:07:58.124,3090553,12304,7.9203,7.9056,3.9586,3.9612,-0.0365,-0.0321,-0.145,77.4,8832,11400,115.9,0.0,22.7,24.3,discharging,True,True,False,False,False,False,0,0,32770,0,1024,0
2026-08-14T04:07:58.623,3091053,12306,7.9203,7.9056,3.959,3.9612,-0.0318,-0.0325,-0.126,77.4,8832,11400,115.9,0.0,22.7,24.3,discharging,True,True,False,False,False,False,0,0,32770,0,1024,0
2026-08-14T04:07:59.122,3091553,12308,7.9203,7.9056,3.959,3.9601,-0.04,-0.0328,-0.158,77.4,8832,11400,115.9,0.0,22.7,24.3,discharging,True,True,False,False,False,False,0,0,32770,0,1024,0
2026-08-14T04:07:59.620,3092053,12310,7.9203,7.9056,3.9592,3.9605,-0.0328,-0.0331,-0.131,77.4,8832,11400,115.9,0.0,22.7,24.3,discharging,True,True,False,False,False,False,0,0,32770,0,1024,0
2026-08-14T04:08:00.119,3092553,12312,7.9203,7.9062,3.9592,3.9605,-0.0318,-0.0331,-0.126,77.4,8832,11400,115.9,0.0,22.7,24.3,discharging,True,True,False,False,False,False,0,0,32770,0,1024,0
2026-08-14T04:08:00.617,3093053,12314,7.9175,7.9062,3.9588,3.9605,-0.0187,-0.0325,-0.075,77.4,8832,11400,115.9,0.0,22.7,24.3,idle,True,True,False,False,False,False,0,0,32770,0,1024,0
2026-08-14T04:08:01.116,3093553,12316,7.9175,7.9062,3.9588,3.9608,-0.0365,-0.0328,-0.145,77.4,8832,11400,115.9,0.0,22.7,24.3,discharging,True,True,False,False,False,False,0,0,32770,0,1024,0
2026-08-14T04:08:01.614,3094053,12318,7.9175,7.9062,3.9586,3.9607,-0.0446,-0.0318,-0.177,77.4,8832,11400,115.9,0.0,22.7,24.2,discharging,True,True,False,False,False,False,0,0,32770,0,1024,0
2026-08-14T04:08:02.113,3094553,12320,7.9175,7.9062,3.959,3.9607,-0.0328,-0.0328,-0.131,77.4,8832,11400,115.9,0.0,22.7,24.1,discharging,True,True,False,False,False,False,0,0,32770,0,1024,0
2026-08-14T04:08:02.611,3095053,12322,7.9175,7.9062,3.959,3.9614,-0.0259,-0.0321,-0.104,77.4,8832,11400,115.9,0.0,22.7,24.1,idle,True,True,False,False,False,False,0,0,32770,0,1024,0
2026-08-14T04:08:03.111,3095553,12324,7.9175,7.9062,3.959,3.961,-0.0412,-0.0328,-0.164,77.4,8832,11400,115.9,0.0,22.7,24.3,discharging,True,True,False,False,False,False,0,0,32770,0,1024,0
2026-08-14T04:08:03.608,3096053,12326,7.9175,7.9062,3.9593,3.961,-0.0259,-0.0321,-0.104,77.4,8832,11400,115.9,0.0,22.7,24.2,idle,True,True,False,False,False,False,0,0,32770,0,1024,0
2026-08-14T04:08:04.107,3096553,12328,7.9175,7.9062,3.9582,3.9612,-0.0281,-0.0325,-0.112,77.4,8832,11400,115.9,0.0,22.6,24.3,idle,True,True,False,False,False,False,0,0,32770,0,1024,0
2026-08-14T04:08:04.605,3097053,12330,7.9175,7.9062,3.9582,3.9601,-0.0281,-0.0321,-0.112,77.4,8832,11400,115.9,0.0,22.6,24.4,idle,True,True,False,False,False,False,0,0,32770,0,1024,0
2026-08-14T04:08:05.105,3097553,12332,7.9175,7.9062,3.9592,3.9603,-0.0368,-0.0325,-0.147,77.4,8832,11400,115.9,0.0,22.6,24.2,discharging,True,True,False,False,False,False,0,0,32770,0,1024,0
2026-08-14T04:08:05.603,3098053,12334,7.9175,7.9062,3.9592,3.9603,-0.0412,-0.0325,-0.164,77.4,8832,11400,115.9,0.0,22.6,24.3,discharging,True,True,False,False,False,False,0,0,32770,0,1024,0
2026-08-14T04:08:06.102,3098553,12336,7.9175,7.9062,3.9592,3.9601,-0.0403,-0.0331,-0.16,77.4,8832,11400,115.9,0.0,22.6,24.4,discharging,True,True,False,False,False,False,0,0,32770,0,1024,0
2026-08-14T04:08:06.600,3099053,12338,7.9175,7.9062,3.9593,3.9586,-0.0384,-0.0334,-0.153,77.4,8832,11400,115.9,0.0,22.6,24.3,discharging,True,True,False,False,False,False,0,0,32770,0,1024,0
2026-08-14T04:08:07.099,3099553,12340,7.9175,7.9062,3.9582,3.9586,-0.0312,-0.0334,-0.124,77.4,8832,11400,115.9,0.0,22.6,24.2,discharging,True,True,False,False,False,False,0,0,32770,0,1024,0
2026-08-14T04:08:07.598,3100053,12342,7.9175,7.9062,3.9586,3.961,-0.0331,-0.0334,-0.131,77.4,8832,11400,115.9,0.0,22.6,24.4,discharging,True,True,False,False,False,False,0,0,32770,0,1024,0
2026-08-14T04:08:08.096,3100553,12344,7.9175,7.9062,3.9586,3.9612,-0.0231,-0.0328,-0.092,77.4,8832,11400,115.9,0.0,22.6,24.4,idle,True,True,False,False,False,False,0,0,32770,0,1024,0
2026-08-14T04:08:08.596,3101053,12346,7.9175,7.9062,3.9571,3.9605,-0.0381,-0.0331,-0.137,77.4,8832,11400,115.9,0.0,22.6,24.3,discharging,True,True,False,False,False,False,0,0,32770,0,1024,0
2026-08-14T04:08:09.095,3101553,12348,7.9175,7.9062,3.9582,3.9605,-0.0246,-0.0328,-0.099,77.4,8832,11400,115.9,0.0,22.6,24.2,idle,True,True,False,False,False,False,0,0,32770,0,1024,0
2026-08-14T04:08:09.593,3102053,12350,7.9175,7.9062,3.9582,3.9614,-0.0346,-0.0328,-0.137,77.4,8832,11400,115.9,0.0,22.6,24.2,discharging,True,True,False,False,False,False,0,0,32770,0,1024,0
2026-08-14T04:08:10.091,3102553,12352,7.9175,7.9062,3.9592,3.9614,-0.0309,-0.0328,-0.123,77.4,8832,11400,115.9,0.0,22.6,24.4,discharging,True,True,False,False,False,False,0,0,32770,0,1024,0
2026-08-14T04:08:10.590,3103053,12354,7.9175,7.9062,3.959,3.9614,-0.0331,-0.0328,-0.131,77.4,8832,11400,115.9,0.0,22.6,24.1,discharging,True,True,False,False,False,False,0,0,32770,0,1024,0
2026-08-14T04:08:11.088,3103553,12356,7.9175,7.9062,3.9586,3.9608,-0.0412,-0.0331,-0.164,77.4,8832,11400,115.9,0.0,22.6,24.2,discharging,True,True,False,False,False,False,0,0,32770,0,1024,0
2026-08-14T04:08:11.586,3104053,12358,7.9175,7.9062,3.9586,3.961,-0.02,-0.0321,-0.08,77.4,8832,11400,115.9,0.0,22.6,24.2,idle,True,True,False,False,False,False,0,0,32770,0,1024,0
2026-08-14T04:08:12.085,3104553,12360,7.9175,7.9062,3.9603,3.9612,-0.0225,-0.0315,-0.089,77.4,8832,11400,115.9,0.0,22.6,24.1,idle,True,True,False,False,False,False,0,0,32770,0,1024,0
2026-08-14T04:08:12.584,3105053,12362,7.9175,7.9062,3.9588,3.9612,-0.0425,-0.0321,-0.169,77.4,8832,11400,115.9,0.0,22.6,24.4,discharging,True,True,False,False,False,False,0,0,32770,0,1024,0
2026-08-14T04:08:13.082,3105553,12364,7.9175,7.9062,3.9588,3.961,-0.0403,-0.0325,-0.16,77.4,8832,11400,115.9,0.0,22.6,24.3,discharging,True,True,False,False,False,False,0,0,32770,0,1024,0
2026-08-14T04:08:13.581,3106053,12366,7.9175,7.9062,3.9588,3.9601,-0.0362,-0.0328,-0.144,77.4,8832,11400,115.9,0.0,22.6,24.3,discharging,True,True,False,False,False,False,0,0,32770,0,1024,0
2026-08-14T04:08:14.079,3106553,12368,7.9175,7.9062,3.9593,3.9601,-0.0287,-0.0325,-0.115,77.4,8832,11400,115.9,0.0,22.6,24.3,idle,True,True,False,False,False,False,0,0,32770,0,1024,0
2026-08-14T04:08:14.579,3107053,12370,7.9175,7.9062,3.9575,3.9601,-0.0368,-0.0331,-0.147,77.4,8832,11400,115.9,0.0,22.6,24.4,discharging,True,True,False,False,False,False,0,0,32770,0,1024,0
2026-08-14T04:08:15.077,3107553,12372,7.9175,7.9062,3.9575,3.9608,-0.0412,-0.0337,-0.164,77.4,8832,11400,115.9,0.0,22.6,24.4,discharging,True,True,False,False,False,False,0,0,32770,0,1024,0
2026-08-14T04:08:15.575,3108053,12374,7.9175,7.9062,3.9592,3.9608,-0.0271,-0.0331,-0.108,77.4,8832,11400,115.9,0.0,22.6,24.3,idle,True,True,False,False,False,False,0,0,32770,0,1024,0
2026-08-14T04:08:16.075,3108553,12376,7.9175,7.9062,3.9586,3.9605,-0.0384,-0.0334,-0.153,77.4,8832,11400,115.9,0.0,22.6,24.2,discharging,True,True,False,False,False,False,0,0,32770,0,1024,0
2026-08-14T04:08:16.573,3109053,12378,7.9175,7.9062,3.9586,3.9616,-0.0231,-0.0328,-0.092,77.4,8832,11400,115.9,0.0,22.6,24.2,idle,True,True,False,False,False,False,0,0,32770,0,1024,0
2026-08-14T04:08:17.072,3109553,12380,7.9175,7.9062,3.9581,3.961,-0.0312,-0.0331,-0.124,77.4,8832,11400,115.9,0.0,22.6,24.2,discharging,True,True,False,False,False,False,0,0,32770,0,1024,0
2026-08-14T04:08:17.571,3110053,12382,7.9175,7.9062,3.9571,3.961,-0.04,-0.0334,-0.158,77.4,8832,11400,115.9,0.0,22.6,24.4,discharging,True,True,False,False,False,False,0,0,32770,0,1024,0
2026-08-14T04:08:18.069,3110553,12384,7.9175,7.9062,3.9581,3.9608,-0.0371,-0.0343,-0.147,77.4,8832,11400,115.9,0.0,22.6,24.3,discharging,True,True,False,False,False,False,0,0,32770,0,1024,0
2026-08-14T04:08:18.567,3111053,12386,7.9175,7.9062,3.9581,3.961,-0.0287,-0.0337,-0.115,77.4,8832,11400,115.9,0.0,22.6,24.3,idle,True,True,False,False,False,False,0,0,32770,0,1024,0
2026-08-14T04:08:19.066,3111553,12388,7.9175,7.9062,3.9581,3.961,-0.0365,-0.034,-0.145,77.4,8832,11400,115.9,0.0,22.6,24.2,discharging,True,True,False,False,False,False,0,0,32770,0,1024,0
2026-08-14T04:08:19.564,3112053,12390,7.9175,7.9062,3.959,3.9608,-0.0296,-0.034,-0.118,77.4,8832,11400,115.9,0.0,22.6,24.4,idle,True,True,False,False,False,False,0,0,32770,0,1024,0
2026-08-14T04:08:20.063,3112553,12392,7.9175,7.9062,3.959,3.9603,-0.0337,-0.034,-0.134,77.4,8832,11400,115.9,0.0,22.6,24.0,discharging,True,True,False,False,False,False,0,0,32770,0,1024,0
2026-08-14T04:08:20.562,3113053,12394,7.9175,7.9062,3.9586,3.9601,-0.0365,-0.0346,-0.145,77.4,8832,11400,115.9,0.0,22.6,24.1,discharging,True,True,False,False,False,False,0,0,32770,0,1024,0
2026-08-14T04:08:21.060,3113553,12396,7.9175,7.9062,3.9582,3.9601,-0.0228,-0.034,-0.091,77.4,8832,11400,115.9,0.0,22.6,24.2,idle,True,True,False,False,False,False,0,0,32770,0,1024,0
2026-08-14T04:08:21.559,3114053,12398,7.9175,7.9062,3.9596,3.9612,-0.0381,-0.0337,-0.152,77.4,8832,11400,115.9,0.0,22.6,24.1,discharging,True,True,False,False,False,False,0,0,32770,0,1024,0
2026-08-14T04:08:22.058,3114553,12400,7.9175,7.9062,3.9596,3.9597,-0.0359,-0.034,-0.142,77.4,8832,11400,115.9,0.0,22.6,24.1,discharging,True,True,False,False,False,False,0,0,32770,0,1024,0
2026-08-14T04:08:22.556,3115053,12402,7.9175,7.9034,3.9596,3.9597,-0.0312,-0.0337,-0.124,77.4,8832,11400,115.9,0.0,22.6,24.4,discharging,True,True,False,False,False,False,0,0,32770,0,1024,0
2026-08-14T04:08:23.055,3115553,12404,7.9228,7.9034,3.9597,3.9597,-0.0381,-0.034,-0.152,77.4,8832,11400,115.9,0.0,22.6,24.4,discharging,True,True,False,False,False,False,0,0,32770,0,1024,0
2026-08-14T04:08:23.553,3116053,12406,7.9228,7.9034,3.9597,3.9601,-0.0321,-0.034,-0.128,77.4,8832,11400,115.9,0.0,22.6,24.4,discharging,True,True,False,False,False,False,0,0,32770,0,1024,0
2026-08-14T04:08:24.052,3116553,12408,7.9228,7.9034,3.9596,3.9603,-0.039,-0.0346,-0.155,77.4,8832,11400,115.9,0.0,22.6,24.1,discharging,True,True,False,False,False,False,0,0,32770,0,1024,0
2026-08-14T04:08:24.550,3117053,12410,7.9228,7.9034,3.9592,3.9603,-0.035,-0.0346,-0.139,77.4,8832,11400,115.9,0.0,22.6,24.3,discharging,True,True,False,False,False,False,0,0,32770,0,1024,0
2026-08-14T04:08:25.048,3117553,12412,7.9228,7.9034,3.9592,3.9605,-0.0206,-0.034,-0.083,77.4,8832,11400,115.9,0.0,22.6,24.1,idle,True,True,False,False,False,False,0,0,32770,0,1024,0
2026-08-14T04:08:25.548,3118053,12414,7.9228,7.9034,3.9592,3.9607,-0.0487,-0.034,-0.193,77.4,8832,11400,115.9,0.0,22.6,24.2,discharging,True,True,False,False,False,False,0,0,32770,0,1024,0
2026-08-14T04:08:26.046,3118553,12416,7.9228,7.9034,3.9584,3.9607,-0.0265,-0.0337,-0.105,77.4,8832,11400,115.9,0.0,22.6,24.2,idle,True,True,False,False,False,False,0,0,32770,0,1024,0
2026-08-14T04:08:26.545,3119053,12418,7.9228,7.9034,3.9578,3.9599,-0.035,-0.034,-0.139,77.4,8832,11400,115.9,0.0,22.6,24.1,discharging,True,True,False,False,False,False,0,0,32770,0,1024,0
2026-08-14T04:08:27.043,3119553,12420,7.9228,7.9034,3.9578,3.9625,-0.024,-0.0334,-0.096,77.4,8832,11400,115.9,0.0,22.6,24.3,idle,True,True,False,False,False,False,0,0,32770,0,1024,0
2026-08-14T04:08:27.542,3120053,12422,7.9228,7.9034,3.9592,3.9592,-0.0184,-0.034,-0.073,77.4,8832,11400,115.9,0.0,22.6,24.3,idle,True,True,False,False,False,False,0,0,32770,0,1024,0
2026-08-14T04:08:28.041,3120553,12424,7.9228,7.9034,3.9581,3.9592,-0.0343,-0.0331,-0.137,77.4,8832,11400,115.9,0.0,22.6,24.2,discharging,True,True,False,False,False,False,0,0,32770,0,1024,0
2026-08-14T04:08:28.540,3121053,12426,7.9228,7.9034,3.9588,3.9614,-0.0321,-0.0325,-0.128,77.4,8832,11400,115.9,0.0,22.6,24.3,discharging,True,True,False,False,False,False,0,0,32770,0,1024,0
2026-08-14T04:08:29.038,3121553,12428,7.9228,7.9034,3.9588,3.9605,-0.0362,-0.0328,-0.144,77.4,8832,11400,115.9,0.0,22.6,24.3,discharging,True,True,False,False,False,False,0,0,32770,0,1024,0
2026-08-14T04:08:29.537,3122053,12430,7.9228,7.9034,3.9584,3.9605,-0.0196,-0.0321,-0.078,77.4,8832,11400,115.9,0.0,22.6,24.1,idle,True,True,False,False,False,False,0,0,32770,0,1024,0
2026-08-14T04:08:30.035,3122553,12432,7.9228,7.9034,3.9582,3.9605,-0.0278,-0.0318,-0.11,77.4,8832,11400,115.9,0.0,22.6,24.2,idle,True,True,False,False,False,False,0,0,32770,0,1024,0
2026-08-14T04:08:30.534,3123053,12434,7.9228,7.9034,3.9582,3.9601,-0.0365,-0.0321,-0.145,77.4,8832,11400,115.9,0.0,22.6,24.2,discharging,True,True,False,False,False,False,0,0,32770,0,1024,0
2026-08-14T04:08:31.033,3123553,12436,7.9228,7.9034,3.9582,3.9608,-0.0381,-0.0325,-0.152,77.4,8832,11400,115.9,0.0,22.6,24.2,discharging,True,True,False,False,False,False,0,0,32770,0,1024,0
2026-08-14T04:08:31.532,3124053,12438,7.9228,7.9034,3.959,3.9608,-0.0384,-0.0334,-0.153,77.4,8832,11400,115.9,0.0,22.6,24.1,discharging,True,True,False,False,False,False,0,0,32770,0,1024,0
2026-08-14T04:08:32.029,3124553,12440,7.9228,7.9034,3.9581,3.9601,-0.0271,-0.0334,-0.108,77.4,8832,11400,115.9,0.0,22.6,24.2,idle,True,True,False,False,False,False,0,0,32770,0,1024,0
2026-08-14T04:08:32.529,3125053,12442,7.9228,7.9034,3.9581,3.9616,-0.0271,-0.0328,-0.108,77.4,8832,11400,115.9,0.0,22.6,24.3,idle,True,True,False,False,False,False,0,0,32770,0,1024,0
2026-08-14T04:08:33.027,3125553,12444,7.9228,7.9034,3.9588,3.9616,-0.0265,-0.0321,-0.105,77.4,8832,11400,115.9,0.0,22.6,24.4,idle,True,True,False,False,False,False,0,0,32770,0,1024,0
2026-08-14T04:08:33.526,3126053,12446,7.9228,7.9034,3.959,3.9617,-0.0481,-0.0334,-0.192,77.4,8832,11400,115.9,0.0,22.6,24.2,discharging,True,True,False,False,False,False,0,0,32770,0,1024,0
2026-08-14T04:08:34.025,3126553,12448,7.9228,7.9034,3.959,3.9601,-0.0378,-0.0337,-0.15,77.4,8832,11400,115.9,0.0,22.6,24.2,discharging,True,True,False,False,False,False,0,0,32770,0,1024,0
2026-08-14T04:08:34.523,3127053,12450,7.9228,7.9034,3.9588,3.961,-0.0321,-0.0337,-0.128,77.4,8832,11400,115.9,0.0,22.6,24.3,discharging,True,True,False,False,False,False,0,0,32770,0,1024,0
2026-08-14T04:08:35.022,3127553,12452,7.9228,7.9034,3.9593,3.961,-0.0418,-0.0343,-0.166,77.4,8832,11400,115.9,0.0,22.6,24.3,discharging,True,True,False,False,False,False,0,0,32770,0,1024,0
2026-08-14T04:08:35.521,3128053,12454,7.9228,7.9034,3.9597,3.9603,-0.0362,-0.0343,-0.144,77.4,8832,11400,115.9,0.0,22.6,24.2,discharging,True,True,False,False,False,False,0,0,32770,0,1024,0
2026-08-14T04:08:36.019,3128553,12456,7.9228,7.9034,3.9597,3.9614,-0.0387,-0.0346,-0.153,77.4,8832,11400,115.9,0.0,22.6,24.2,discharging,True,True,False,False,False,False,0,0,32770,0,1024,0
2026-08-14T04:08:36.518,3129053,12458,7.9228,7.9034,3.9582,3.9614,-0.0418,-0.0353,-0.166,77.4,8832,11400,115.9,0.0,22.6,24.2,discharging,True,True,False,False,False,False,0,0,32770,0,1024,0
2026-08-14T04:08:37.017,3129553,12460,7.9228,7.9034,3.9586,3.9592,-0.0428,-0.0359,-0.169,77.4,8832,11400,115.9,0.0,22.6,24.3,discharging,True,True,False,False,False,False,0,0,32770,0,1024,0
2026-08-14T04:08:37.515,3130053,12462,7.9228,7.9034,3.9586,3.9607,-0.0378,-0.0362,-0.15,77.4,8832,11400,115.9,0.0,22.6,24.3,discharging,True,True,False,False,False,False,0,0,32770,0,1024,0
2026-08-14T04:08:38.014,3130553,12464,7.9228,7.9034,3.9586,3.9607,-0.039,-0.0356,-0.155,77.4,8832,11400,115.9,0.0,22.6,24.1,discharging,True,True,False,False,False,False,0,0,32770,0,1024,0
2026-08-14T04:08:38.512,3131053,12466,7.9228,7.9034,3.9581,3.9607,-0.035,-0.0359,-0.139,77.4,8832,11400,115.9,0.0,22.6,24.2,discharging,True,True,False,False,False,False,0,0,32770,0,1024,0
2026-08-14T04:08:39.011,3131553,12468,7.9228,7.9034,3.9582,3.9608,-0.0393,-0.0359,-0.156,77.4,8832,11400,115.9,0.0,22.6,24.3,discharging,True,True,False,False,False,False,0,0,32770,0,1024,0
2026-08-14T04:08:39.510,3132053,12470,7.9228,7.9034,3.9582,3.9601,-0.0403,-0.0365,-0.16,77.4,8832,11400,115.9,0.0,22.6,24.3,discharging,True,True,False,False,False,False,0,0,32770,0,1024,0
2026-08-14T04:08:40.008,3132553,12472,7.9228,7.9034,3.9599,3.9601,-0.0365,-0.0365,-0.145,77.4,8832,11400,115.9,0.0,22.6,24.1,discharging,True,True,False,False,False,False,0,0,32770,0,1024,0
2026-08-14T04:08:40.507,3133053,12474,7.9228,7.9034,3.9593,3.9608,-0.0384,-0.0359,-0.153,77.4,8832,11400,115.9,0.0,22.6,24.0,discharging,True,True,False,False,False,False,0,0,32770,0,1024,0
2026-08-14T04:08:41.005,3133553,12476,7.9228,7.9034,3.9593,3.9597,-0.0406,-0.0362,-0.161,77.4,8832,11400,115.9,0.0,22.6,24.2,discharging,True,True,False,False,False,False,0,0,32770,0,1024,0
2026-08-14T04:08:41.504,3134053,12478,7.9228,7.9034,3.9596,3.959,-0.0343,-0.0365,-0.137,77.4,8832,11400,115.9,0.0,22.6,24.1,discharging,True,True,False,False,False,False,0,0,32770,0,1024,0
2026-08-14T04:08:42.001,3134553,12480,7.9228,7.9034,3.9592,3.959,0.0015,-0.034,0.004,77.4,8832,11400,115.9,0.0,22.6,24.1,idle,True,True,False,False,False,False,0,0,32770,0,1024,0
2026-08-14T04:08:42.500,3135053,12482,7.9228,7.9034,3.9582,3.9614,-0.0021,-0.0318,-0.009,77.4,8832,11400,115.9,0.0,22.6,24.2,idle,True,True,False,False,False,False,0,0,32770,0,1024,0
2026-08-14T04:08:42.999,3135553,12484,7.9228,7.9034,3.9582,3.9608,-0.0021,-0.0284,-0.009,77.4,8832,11400,115.9,0.0,22.6,24.2,idle,True,True,False,False,False,False,0,0,32770,0,1024,0
2026-08-14T04:08:43.497,3136053,12486,7.9228,7.9034,3.9592,3.9608,-0.0015,-0.0265,-0.006,77.4,8832,11400,115.9,0.0,22.6,24.3,idle,True,True,False,False,False,False,0,0,32770,0,1024,0
2026-08-14T04:08:43.996,3136553,12488,7.9228,7.9034,3.9584,3.961,-0.0018,-0.0237,-0.008,77.4,8832,11400,115.9,0.0,22.6,24.3,idle,True,True,False,False,False,False,0,0,32770,0,1024,0
2026-08-14T04:08:44.494,3137053,12490,7.9228,7.9034,3.9584,3.9614,0.0003,-0.0221,0.0,77.4,8832,11400,115.9,0.0,22.6,24.3,idle,True,True,False,False,False,False,0,0,32770,0,1024,0
2026-08-14T04:08:44.994,3137553,12492,7.9168,7.9109,3.9584,3.9614,-0.0006,-0.0209,-0.003,77.4,8832,11400,115.9,0.0,22.6,24.3,idle,True,True,False,False,False,False,0,0,32770,0,1024,0
2026-08-14T04:08:45.491,3138053,12494,7.9168,7.9109,3.9596,3.9614,0.0015,-0.0181,0.004,77.4,8832,11400,115.9,0.0,22.6,24.5,idle,True,True,False,False,False,False,0,0,32770,0,1024,0
2026-08-14T04:08:45.990,3138553,12496,7.9168,7.9109,3.9596,3.961,-0.0018,-0.0171,-0.008,77.4,8832,11400,115.9,0.0,22.6,24.5,idle,True,True,False,False,False,False,0,0,32770,0,1024,0
2026-08-14T04:08:46.488,3139053,12498,7.9168,7.9109,3.959,3.9607,-0.0046,-0.0153,-0.019,77.4,8832,11400,115.9,0.0,22.6,24.2,idle,True,True,False,False,False,False,0,0,32770,0,1024,0
2026-08-14T04:08:46.987,3139553,12500,7.9168,7.9109,3.9593,3.9607,-0.0021,-0.0146,-0.009,77.4,8832,11400,115.9,0.0,22.6,24.2,idle,True,True,False,False,False,False,0,0,32770,0,1024,0
2026-08-14T04:08:47.485,3140053,12502,7.9168,7.9109,3.9605,3.9616,0.0,-0.0128,0.0,77.4,8832,11400,115.9,0.0,22.6,24.4,idle,True,True,False,False,False,False,0,0,32770,0,1024,0
2026-08-14T04:08:47.984,3140553,12504,7.9168,7.9109,3.9605,3.9605,0.0021,-0.0118,0.008,77.4,8832,11400,115.9,0.0,22.6,24.1,idle,True,True,False,False,False,False,0,0,32770,0,1024,0
2026-08-14T04:08:48.482,3141053,12506,7.9168,7.9109,3.9588,3.9603,-0.0012,-0.0115,-0.006,77.4,8832,11400,115.9,0.0,22.6,24.4,idle,True,True,False,False,False,False,0,0,32770,0,1024,0
2026-08-14T04:08:48.981,3141553,12508,7.9168,7.9109,3.9603,3.9603,0.0021,-0.01,0.008,77.4,8832,11400,115.9,0.0,22.6,24.2,idle,True,True,False,False,False,False,0,0,32770,0,1024,0
2026-08-14T04:08:49.480,3142053,12510,7.9168,7.9109,3.9603,3.9621,-0.0034,-0.0096,-0.014,77.4,8832,11400,115.9,0.0,22.6,24.2,idle,True,True,False,False,False,False,0,0,32770,0,1024,0
2026-08-14T04:08:49.978,3142553,12512,7.9168,7.9109,3.9581,3.9607,0.0,-0.0084,0.0,77.4,8832,11400,115.9,0.0,22.6,24.2,idle,True,True,False,False,False,False,0,0,32770,0,1024,0
2026-08-14T04:08:50.476,3143053,12514,7.9168,7.9109,3.9596,3.9607,0.0015,-0.0078,0.004,77.4,8832,11400,115.9,0.0,22.6,24.2,idle,True,True,False,False,False,False,0,0,32770,0,1024,0
2026-08-14T04:08:50.975,3143553,12516,7.9168,7.9109,3.9592,3.9608,-0.0012,-0.0068,-0.006,77.4,8832,11400,115.9,0.0,22.6,24.1,idle,True,True,False,False,False,False,0,0,32770,0,1024,0
2026-08-14T04:08:51.474,3144053,12518,7.9168,7.9109,3.9592,3.9603,0.0012,-0.0062,0.004,77.4,8832,11400,115.9,0.0,22.6,24.1,idle,True,True,False,False,False,False,0,0,32770,0,1024,0
2026-08-14T04:08:51.972,3144553,12520,7.9168,7.9109,3.9593,3.9616,0.0012,-0.0059,0.004,77.4,8832,11400,115.9,0.0,22.6,24.1,idle,True,True,False,False,False,False,0,0,32770,0,1024,0
2026-08-14T04:08:52.471,3145053,12522,7.9168,7.9109,3.9588,3.9616,0.0021,-0.005,0.008,77.4,8832,11400,115.9,0.0,22.6,24.3,idle,True,True,False,False,False,False,0,0,32770,0,1024,0
2026-08-14T04:08:52.969,3145553,12524,7.9168,7.9109,3.9588,3.9603,-0.0015,-0.0046,-0.006,77.4,8832,11400,115.9,0.0,22.6,24.3,idle,True,True,False,False,False,False,0,0,32770,0,1024,0
2026-08-14T04:08:53.468,3146053,12526,7.9168,7.9109,3.9593,3.9619,0.0006,-0.004,0.001,77.4,8832,11400,115.9,0.0,22.6,24.2,idle,True,True,False,False,False,False,0,0,32770,0,1024,0
2026-08-14T04:08:53.966,3146553,12528,7.9168,7.9109,3.9596,3.9619,-0.0003,-0.0037,-0.001,77.4,8832,11400,115.9,0.0,22.6,24.2,idle,True,True,False,False,False,False,0,0,32770,0,1024,0
2026-08-14T04:08:54.465,3147053,12530,7.9168,7.9109,3.9597,3.9605,0.0003,-0.0034,0.0,77.4,8832,11400,115.9,0.0,22.6,24.4,idle,True,True,False,False,False,False,0,0,32770,0,1024,0
2026-08-14T04:08:54.964,3147553,12532,7.9168,7.9109,3.9597,3.9599,-0.0015,-0.0034,-0.006,77.4,8832,11400,115.9,0.0,22.6,24.4,idle,True,True,False,False,False,False,0,0,32770,0,1024,0
2026-08-14T04:08:55.462,3148053,12534,7.9168,7.9109,3.9588,3.9608,0.0018,-0.0031,0.006,77.4,8832,11400,115.9,0.0,22.6,24.1,idle,True,True,False,False,False,False,0,0,32770,0,1024,0
2026-08-14T04:08:55.961,3148553,12536,7.9168,7.9109,3.9607,3.9608,0.0003,-0.0025,0.0,77.4,8832,11400,115.9,0.0,22.6,24.2,idle,True,True,False,False,False,False,0,0,32770,0,1024,0
2026-08-14T04:08:56.459,3149053,12538,7.9168,7.9109,3.9607,3.961,0.0003,-0.0025,0.0,77.4,8832,11400,115.9,0.0,22.6,24.1,idle,True,True,False,False,False,False,0,0,32770,0,1024,0
2026-08-14T04:08:56.958,3149553,12540,7.9168,7.9109,3.9578,3.9603,0.0,-0.0021,0.0,77.4,8832,11400,115.9,0.0,22.6,24.2,idle,True,True,False,False,False,False,0,0,32770,0,1024,0
2026-08-14T04:08:57.456,3150053,12542,7.9168,7.9109,3.9596,3.9603,-0.004,-0.0021,-0.017,77.4,8832,11400,115.9,0.0,22.6,24.2,idle,True,True,False,False,False,False,0,0,32770,0,1024,0
2026-08-14T04:08:57.955,3150553,12544,7.9168,7.9109,3.959,3.9603,-0.0037,-0.0021,-0.016,77.4,8832,11400,115.9,0.0,22.6,24.0,idle,True,True,False,False,False,False,0,0,32770,0,1024,0
2026-08-14T04:08:58.453,3151053,12546,7.9168,7.9109,3.959,3.9597,0.0056,-0.0015,0.02,77.4,8832,11400,115.9,0.0,22.6,24.0,idle,True,True,False,False,False,False,0,0,32770,0,1024,0
2026-08-14T04:08:58.952,3151553,12548,7.9168,7.9109,3.9588,3.9607,0.0006,-0.0015,0.001,77.4,8832,11400,115.9,0.0,22.6,24.2,idle,True,True,False,False,False,False,0,0,32770,0,1024,0
2026-08-14T04:08:59.451,3152053,12550,7.9168,7.9109,3.9586,3.9607,-0.0012,-0.0012,-0.006,77.4,8832,11400,115.9,0.0,22.6,24.1,idle,True,True,False,False,False,False,0,0,32770,0,1024,0
2026-08-14T04:08:59.949,3152553,12552,7.9168,7.9109,3.9586,3.9601,0.0015,-0.0012,0.004,77.4,8832,11400,115.9,0.0,22.6,24.1,idle,True,True,False,False,False,False,0,0,32770,0,1024,0
2026-08-14T04:09:00.447,3153053,12554,7.9168,7.9109,3.9582,3.9597,0.0,-0.0009,0.0,77.4,8832,11400,115.9,0.0,22.6,24.2,idle,True,True,False,False,False,False,0,0,32770,0,1024,0
2026-08-14T04:09:00.946,3153553,12556,7.9168,7.9109,3.9601,3.9597,-0.0025,-0.0009,-0.011,77.4,8832,11400,115.9,0.0,22.6,24.1,idle,True,True,False,False,False,False,0,0,32770,0,1024,0
2026-08-14T04:09:01.445,3154053,12558,7.9168,7.9109,3.9592,3.9614,-0.0021,-0.0009,-0.009,77.4,8832,11400,115.9,0.0,22.6,24.2,idle,True,True,False,False,False,False,0,0,32770,0,1024,0
2026-08-14T04:09:01.944,3154553,12560,7.9168,7.9109,3.9592,3.9601,-0.0025,-0.0009,-0.011,77.4,8832,11400,115.9,0.0,22.6,24.1,idle,True,True,False,False,False,False,0,0,32770,0,1024,0
2026-08-14T04:09:02.442,3155053,12562,7.9168,7.9109,3.9597,3.9612,0.0,-0.0009,0.0,77.4,8832,11400,115.9,0.0,22.6,24.2,idle,True,True,False,False,False,False,0,0,32770,0,1024,0
2026-08-14T04:09:02.940,3155553,12564,7.9168,7.9109,3.9599,3.9612,-0.0015,-0.0009,-0.006,77.4,8832,11400,115.9,0.0,22.6,24.4,idle,True,True,False,False,False,False,0,0,32770,0,1024,0
2026-08-14T04:09:03.439,3156053,12566,7.9168,7.9109,3.9599,3.9607,0.0,-0.0009,0.0,77.4,8832,11400,115.9,0.0,22.6,24.1,idle,True,True,False,False,False,False,0,0,32770,0,1024,0
2026-08-14T04:09:03.937,3156553,12568,7.9168,7.9109,3.9597,3.961,0.0006,-0.0006,0.001,77.4,8832,11400,115.9,0.0,22.6,24.5,idle,True,True,False,False,False,False,0,0,32770,0,1024,0
2026-08-14T04:09:04.436,3157053,12570,7.9168,7.9109,3.9599,3.961,0.0012,-0.0006,0.004,77.4,8832,11400,115.9,0.0,22.6,24.1,idle,True,True,False,False,False,False,0,0,32770,0,1024,0
2026-08-14T04:09:04.934,3157553,12572,7.9168,7.9109,3.9605,3.9628,0.0028,-0.0006,0.009,77.4,8832,11400,115.9,0.0,22.6,24.3,idle,True,True,False,False,False,False,0,0,32770,0,1024,0
2026-08-14T04:09:05.433,3158053,12574,7.9168,7.9109,3.9605,3.9603,0.0015,-0.0003,0.004,77.4,8832,11400,115.9,0.0,22.6,24.3,idle,True,True,False,False,False,False,0,0,32770,0,1024,0
2026-08-14T04:09:05.931,3158553,12576,7.9168,7.9109,3.9599,3.9603,0.0,-0.0003,0.0,77.4,8832,11400,115.9,0.0,22.6,24.2,idle,True,True,False,False,False,False,0,0,32770,0,1024,0
2026-08-14T04:09:06.430,3159053,12578,7.9168,7.9109,3.9592,3.9619,-0.0012,-0.0006,-0.006,77.4,8832,11400,115.9,0.0,22.6,24.0,idle,True,True,False,False,False,False,0,0,32770,0,1024,0
2026-08-14T04:09:06.928,3159553,12580,7.9168,7.9109,3.9592,3.9599,-0.0006,-0.0006,-0.003,77.4,8832,11400,115.9,0.0,22.6,24.0,idle,True,True,False,False,False,False,0,0,32770,0,1024,0
2026-08-14T04:09:07.427,3160053,12582,7.9196,7.9025,3.9592,3.9599,-0.0021,-0.0006,-0.009,77.4,8832,11400,115.9,0.0,22.6,24.2,idle,True,True,False,False,False,False,0,0,32770,0,1024,0
2026-08-14T04:09:07.926,3160553,12584,7.9196,7.9025,3.9597,3.9599,-0.0018,-0.0006,-0.008,77.4,8832,11400,115.9,0.0,22.6,24.1,idle,True,True,False,False,False,False,0,0,32770,0,1024,0
2026-08-14T04:09:08.424,3161053,12586,7.9196,7.9025,3.9601,3.9623,0.0003,-0.0006,0.0,77.4,8832,11400,115.9,0.0,22.6,24.1,idle,True,True,False,False,False,False,0,0,32770,0,1024,0
2026-08-14T04:09:08.923,3161553,12588,7.9196,7.9025,3.9601,3.9621,0.0,-0.0006,0.0,77.4,8832,11400,115.9,0.0,22.6,24.2,idle,True,True,False,False,False,False,0,0,32770,0,1024,0
2026-08-14T04:09:09.421,3162053,12590,7.9196,7.9025,3.9571,3.9621,-0.0003,-0.0006,-0.001,77.4,8832,11400,115.9,0.0,22.6,24.3,idle,True,True,False,False,False,False,0,0,32770,0,1024,0
2026-08-14T04:09:09.920,3162553,12592,7.9196,7.9025,3.959,3.9607,-0.0006,-0.0006,-0.003,77.4,8832,11400,115.9,0.0,22.6,24.3,idle,True,True,False,False,False,False,0,0,32770,0,1024,0
2026-08-14T04:09:10.419,3163053,12594,7.9196,7.9025,3.959,3.9616,-0.0003,-0.0006,-0.001,77.4,8832,11400,115.9,0.0,22.6,24.1,idle,True,True,False,False,False,False,0,0,32770,0,1024,0
2026-08-14T04:09:10.917,3163553,12596,7.9196,7.9025,3.959,3.9616,-0.0006,-0.0006,-0.003,77.4,8832,11400,115.9,0.0,22.6,24.1,idle,True,True,False,False,False,False,0,0,32770,0,1024,0
2026-08-14T04:09:11.416,3164053,12598,7.9196,7.9025,3.9582,3.9616,-0.0018,-0.0006,-0.008,77.4,8832,11400,115.9,0.0,22.6,24.2,idle,True,True,False,False,False,False,0,0,32770,0,1024,0
2026-08-14T04:09:11.914,3164553,12600,7.9196,7.9025,3.9599,3.9607,0.0003,-0.0006,0.0,77.4,8832,11400,115.9,0.0,22.6,24.3,idle,True,True,False,False,False,False,0,0,32770,0,1024,0
2026-08-14T04:09:12.413,3165053,12602,7.9196,7.9025,3.9599,3.9621,0.0018,-0.0003,0.006,77.4,8832,11400,115.9,0.0,22.5,24.3,idle,True,True,False,False,False,False,0,0,32770,0,1024,0
2026-08-14T04:09:12.912,3165553,12604,7.9196,7.9025,3.9593,3.9621,0.0006,-0.0003,0.001,77.4,8832,11400,115.9,0.0,22.5,24.2,idle,True,True,False,False,False,False,0,0,32770,0,1024,0
2026-08-14T04:09:13.410,3166053,12606,7.9196,7.9025,3.9584,3.9607,-0.0021,-0.0003,-0.009,77.4,8832,11400,115.9,0.0,22.5,24.2,idle,True,True,False,False,False,False,0,0,32770,0,1024,0
2026-08-14T04:09:13.909,3166553,12608,7.9196,7.9025,3.9584,3.9599,-0.0025,-0.0006,-0.011,77.4,8832,11400,115.9,0.0,22.5,24.2,idle,True,True,False,False,False,False,0,0,32770,0,1024,0
2026-08-14T04:09:14.407,3167053,12610,7.9196,7.9025,3.9593,3.9623,0.0012,-0.0003,0.004,77.4,8832,11400,115.9,0.0,22.5,24.2,idle,True,True,False,False,False,False,0,0,32770,0,1024,0
2026-08-14T04:09:14.906,3167553,12612,7.9196,7.9025,3.9593,3.9623,-0.0037,-0.0006,-0.016,77.4,8832,11400,115.9,0.0,22.5,24.3,idle,True,True,False,False,False,False,0,0,32770,0,1024,0
2026-08-14T04:09:15.405,3168053,12614,7.9196,7.9025,3.9588,3.9605,-0.0003,-0.0006,-0.001,77.4,8832,11400,115.9,0.0,22.6,24.1,idle,True,True,False,False,False,False,0,0,32770,0,1024,0
2026-08-14T04:09:15.903,3168553,12616,7.9196,7.9025,3.9588,3.9607,-0.0003,-0.0006,-0.001,77.4,8832,11400,115.9,0.0,22.6,24.2,idle,True,True,False,False,False,False,0,0,32770,0,1024,0
2026-08-14T04:09:16.402,3169053,12618,7.9196,7.9025,3.9608,3.9607,-0.0006,-0.0006,-0.003,77.4,8832,11400,115.9,0.0,22.6,24.2,idle,True,True,False,False,False,False,0,0,32770,0,1024,0
2026-08-14T04:09:16.901,3169553,12620,7.9196,7.9025,3.9597,3.9608,0.0,-0.0006,0.0,77.4,8832,11400,115.9,0.0,22.5,24.0,idle,True,True,False,False,False,False,0,0,32770,0,1024,0
2026-08-14T04:09:17.400,3170053,12622,7.9196,7.9025,3.9597,3.9605,-0.0006,-0.0006,-0.003,77.4,8832,11400,115.9,0.0,22.5,24.2,idle,True,True,False,False,False,False,0,0,32770,0,1024,0
2026-08-14T04:09:17.898,3170553,12624,7.9196,7.9025,3.959,3.9608,-0.0003,-0.0003,-0.001,77.4,8832,11400,115.9,0.0,22.5,24.2,idle,True,True,False,False,False,False,0,0,32770,0,1024,0
2026-08-14T04:09:18.396,3171053,12626,7.9196,7.9025,3.9605,3.9608,-0.0015,-0.0003,-0.006,77.4,8832,11400,115.9,0.0,22.5,24.1,idle,True,True,False,False,False,False,0,0,32770,0,1024,0
2026-08-14T04:09:18.895,3171553,12628,7.9196,7.9025,3.9593,3.9605,0.0012,-0.0003,0.004,77.4,8832,11400,115.9,0.0,22.5,24.1,idle,True,True,False,False,False,False,0,0,32770,0,1024,0
2026-08-14T04:09:19.394,3172053,12630,7.9196,7.9025,3.9593,3.961,-0.0021,-0.0003,-0.009,77.4,8832,11400,115.9,0.0,22.6,24.1,idle,True,True,False,False,False,False,0,0,32770,0,1024,0
2026-08-14T04:09:19.892,3172553,12632,7.9196,7.9025,3.9584,3.961,0.0006,-0.0003,0.001,77.4,8832,11400,115.9,0.0,22.6,24.1,idle,True,True,False,False,False,False,0,0,32770,0,1024,0
2026-08-14T04:09:20.391,3173053,12634,7.9196,7.9025,3.9588,3.9616,0.0006,-0.0003,0.001,77.4,8832,11400,115.9,0.0,22.6,24.1,idle,True,True,False,False,False,False,0,0,32770,0,1024,0
2026-08-14T04:09:20.889,3173553,12636,7.9196,7.9025,3.9588,3.9608,-0.0012,-0.0003,-0.006,77.4,8833,11400,115.9,0.0,22.5,24.1,idle,True,True,False,False,False,False,0,0,32770,0,1024,0
2026-08-14T04:09:21.388,3174053,12638,7.9196,7.9025,3.9605,3.9616,-0.0015,-0.0003,-0.006,77.4,8833,11400,115.9,0.0,22.5,24.3,idle,True,True,False,False,False,False,0,0,32770,0,1024,0
2026-08-14T04:09:21.887,3174553,12640,7.9196,7.9025,3.9593,3.9616,-0.0015,-0.0006,-0.006,77.4,8833,11400,115.9,0.0,22.5,24.0,idle,True,True,False,False,False,False,0,0,32770,0,1024,0
2026-08-14T04:09:22.385,3175053,12642,7.9196,7.9025,3.959,3.9599,-0.0025,-0.0006,-0.011,77.4,8833,11400,115.9,0.0,22.6,24.2,idle,True,True,False,False,False,False,0,0,32770,0,1024,0
2026-08-14T04:09:22.884,3175553,12644,7.9196,7.9025,3.959,3.9612,-0.0028,-0.0009,-0.011,77.4,8833,11400,115.9,0.0,22.6,24.1,idle,True,True,False,False,False,False,0,0,32770,0,1024,0
2026-08-14T04:09:23.382,3176053,12646,7.9196,7.9025,3.959,3.9612,0.0028,-0.0006,0.009,77.4,8833,11400,115.9,0.0,22.6,24.2,idle,True,True,False,False,False,False,0,0,32770,0,1024,0
2026-08-14T04:09:23.881,3176553,12648,7.9196,7.9025,3.9593,3.961,-0.0012,-0.0006,-0.006,77.4,8833,11400,115.9,0.0,22.6,24.2,idle,True,True,False,False,False,False,0,0,32770,0,1024,0
2026-08-14T04:09:24.379,3177053,12650,7.9196,7.9025,3.9593,3.9614,0.0015,-0.0003,0.004,77.4,8833,11400,115.9,0.0,22.6,24.1,idle,True,True,False,False,False,False,0,0,32770,0,1024,0
2026-08-14T04:09:24.878,3177553,12652,7.9196,7.9025,3.9575,3.9614,0.0015,-0.0006,0.004,77.4,8833,11400,115.9,0.0,22.5,24.1,idle,True,True,False,False,False,False,0,0,32770,0,1024,0
2026-08-14T04:09:25.376,3178053,12654,7.9196,7.9025,3.9599,3.9614,0.0006,-0.0003,0.001,77.4,8833,11400,115.9,0.0,22.5,24.3,idle,True,True,False,False,False,False,0,0,32770,0,1024,0
2026-08-14T04:09:25.875,3178553,12656,7.9196,7.9025,3.9593,3.9614,0.0015,-0.0003,0.004,77.4,8833,11400,115.9,0.0,22.5,24.3,idle,True,True,False,False,False,False,0,0,32770,0,1024,0
2026-08-14T04:09:26.374,3179053,12658,7.9196,7.9025,3.9593,3.9617,-0.0015,-0.0003,-0.006,77.4,8833,11400,115.9,0.0,22.5,24.3,idle,True,True,False,False,False,False,0,0,32770,0,1024,0
2026-08-14T04:09:26.872,3179553,12660,7.9196,7.9025,3.9601,3.9617,0.0015,0.0,0.004,77.4,8833,11400,115.9,0.0,22.5,24.2,idle,True,True,False,False,False,False,0,0,32770,0,1024,0
2026-08-14T04:09:27.370,3180053,12662,7.9196,7.9025,3.9592,3.9601,0.0,0.0,0.0,77.4,8833,11400,115.9,0.0,22.5,24.1,idle,True,True,False,False,False,False,0,0,32770,0,1024,0
2026-08-14T04:09:27.869,3180553,12664,7.9196,7.9025,3.9592,3.9607,-0.0053,-0.0003,-0.022,77.4,8833,11400,115.9,0.0,22.5,24.1,idle,True,True,False,False,False,False,0,0,32770,0,1024,0
2026-08-14T04:09:28.368,3181053,12666,7.9196,7.9025,3.959,3.9621,-0.0012,-0.0003,-0.006,77.4,8833,11400,115.9,0.0,22.5,24.3,idle,True,True,False,False,False,False,0,0,32770,0,1024,0
2026-08-14T04:09:28.866,3181553,12668,7.9196,7.9025,3.9605,3.9621,-0.0015,-0.0003,-0.006,77.4,8833,11400,115.9,0.0,22.5,24.3,idle,True,True,False,False,False,False,0,0,32770,0,1024,0
2026-08-14T04:09:29.365,3182053,12670,7.9196,7.9025,3.9605,3.9608,-0.0043,-0.0006,-0.017,77.4,8833,11400,115.9,0.0,22.5,24.3,idle,True,True,False,False,False,False,0,0,32770,0,1024,0
2026-08-14T04:09:29.863,3182553,12672,7.9218,7.9062,3.9605,3.9608,0.0012,-0.0006,0.004,77.4,8833,11400,115.9,0.0,22.5,24.1,idle,True,True,False,False,False,False,0,0,32770,0,1024,0
2026-08-14T04:09:30.362,3183053,12674,7.9218,7.9062,3.9596,3.9608,0.0018,-0.0003,0.006,77.4,8833,11400,115.9,0.0,22.5,24.2,idle,True,True,False,False,False,False,0,0,32770,0,1024,0
2026-08-14T04:09:30.860,3183553,12676,7.9218,7.9062,3.9586,3.9612,-0.0015,-0.0006,-0.006,77.4,8833,11400,115.9,0.0,22.5,24.2,idle,True,True,False,False,False,False,0,0,32770,0,1024,0
2026-08-14T04:09:31.359,3184053,12678,7.9218,7.9062,3.9586,3.9605,-0.0015,-0.0006,-0.006,77.4,8833,11400,115.9,0.0,22.5,24.1,idle,True,True,False,False,False,False,0,0,32770,0,1024,0
2026-08-14T04:09:31.857,3184553,12680,7.9218,7.9062,3.959,3.9607,-0.0018,-0.0009,-0.008,77.4,8833,11400,115.9,0.0,22.5,24.2,idle,True,True,False,False,False,False,0,0,32770,0,1024,0
2026-08-14T04:09:32.356,3185053,12682,7.9218,7.9062,3.9584,3.9607,-0.0028,-0.0009,-0.011,77.4,8833,11400,115.9,0.0,22.5,24.1,idle,True,True,False,False,False,False,0,0,32770,0,1024,0
2026-08-14T04:09:32.855,3185553,12684,7.9218,7.9062,3.9584,3.9616,0.0018,-0.0006,0.006,77.4,8833,11400,115.9,0.0,22.5,24.1,idle,True,True,False,False,False,False,0,0,32770,0,1024,0
2026-08-14T04:09:33.353,3186053,12686,7.9218,7.9062,3.9597,3.9607,0.0,-0.0006,0.0,77.4,8833,11400,115.9,0.0,22.5,24.2,idle,True,True,False,False,False,False,0,0,32770,0,1024,0
2026-08-14T04:09:33.852,3186553,12688,7.9218,7.9062,3.9597,3.9607,0.0015,-0.0006,0.004,77.4,8833,11400,115.9,0.0,22.5,24.1,idle,True,True,False,False,False,False,0,0,32770,0,1024,0
2026-08-14T04:09:34.351,3187053,12690,7.9218,7.9062,3.9592,3.9603,-0.0012,-0.0006,-0.006,77.4,8833,11400,115.9,0.0,22.5,24.1,idle,True,True,False,False,False,False,0,0,32770,0,1024,0
2026-08-14T04:09:34.849,3187553,12692,7.9218,7.9062,3.9592,3.961,0.0012,-0.0006,0.004,77.4,8833,11400,115.9,0.0,22.5,24.1,idle,True,True,False,False,False,False,0,0,32770,0,1024,0
2026-08-14T04:09:35.348,3188053,12694,7.9218,7.9062,3.9588,3.961,0.0021,-0.0003,0.008,77.4,8833,11400,115.9,0.0,22.5,24.3,idle,True,True,False,False,False,False,0,0,32770,0,1024,0
2026-08-14T04:09:35.846,3188553,12696,7.9218,7.9062,3.9588,3.961,-0.0012,-0.0003,-0.006,77.4,8833,11400,115.9,0.0,22.5,24.1,idle,True,True,False,False,False,False,0,0,32770,0,1024,0
2026-08-14T04:09:36.346,3189053,12698,7.9218,7.9062,3.9588,3.9603,-0.0018,-0.0003,-0.008,77.4,8833,11400,115.9,0.0,22.5,24.1,idle,True,True,False,False,False,False,0,0,32770,0,1024,0
2026-08-14T04:09:36.844,3189553,12700,7.9218,7.9062,3.9593,3.9617,0.0018,-0.0003,0.006,77.4,8833,11400,115.9,0.0,22.5,24.1,idle,True,True,False,False,False,False,0,0,32770,0,1024,0
2026-08-14T04:09:37.342,3190053,12702,7.9218,7.9062,3.9578,3.9617,0.0015,0.0,0.004,77.4,8833,11400,115.9,0.0,22.5,24.2,idle,True,True,False,False,False,False,0,0,32770,0,1024,0
2026-08-14T04:09:37.841,3190553,12704,7.9218,7.9062,3.9592,3.9603,0.0003,-0.0003,0.0,77.4,8833,11400,115.9,0.0,22.5,23.9,idle,True,True,False,False,False,False,0,0,32770,0,1024,0
2026-08-14T04:09:38.340,3191053,12706,7.9218,7.9062,3.9592,3.961,-0.0006,-0.0003,-0.003,77.4,8833,11400,115.9,0.0,22.5,24.1,idle,True,True,False,False,False,False,0,0,32770,0,1024,0
2026-08-14T04:09:38.839,3191553,12708,7.9218,7.9062,3.9586,3.9608,-0.0006,-0.0003,-0.003,77.4,8833,11400,115.9,0.0,22.5,24.2,idle,True,True,False,False,False,False,0,0,32770,0,1024,0
2026-08-14T04:09:39.337,3192053,12710,7.9218,7.9062,3.9586,3.9608,0.0021,0.0,0.008,77.4,8833,11400,115.9,0.0,22.5,23.9,idle,True,True,False,False,False,False,0,0,32770,0,1024,0
2026-08-14T04:09:39.836,3192553,12712,7.9218,7.9062,3.9586,3.9608,-0.0018,-0.0003,-0.008,77.4,8833,11400,115.9,0.0,22.5,24.1,idle,True,True,False,False,False,False,0,0,32770,0,1024,0
2026-08-14T04:09:40.334,3193053,12714,7.9218,7.9062,3.9596,3.9621,0.0006,0.0,0.001,77.4,8833,11400,115.9,0.0,22.5,24.3,idle,True,True,False,False,False,False,0,0,32770,0,1024,0
2026-08-14T04:09:40.833,3193553,12716,7.9218,7.9062,3.9592,3.9621,-0.0003,0.0,-0.001,77.4,8833,11400,115.9,0.0,22.5,24.0,idle,True,True,False,False,False,False,0,0,32770,0,1024,0
2026-08-14T04:09:41.332,3194053,12718,7.9218,7.9062,3.9578,3.9621,-0.0006,-0.0003,-0.003,77.4,8833,11400,115.9,0.0,22.5,24.0,idle,True,True,False,False,False,False,0,0,32770,0,1024,0
2026-08-14T04:09:41.831,3194553,12720,7.9218,7.9062,3.9578,3.9614,-0.0006,-0.0003,-0.003,77.4,8833,11400,115.9,0.0,22.5,24.0,idle,True,True,False,False,False,False,0,0,32770,0,1024,0
2026-08-14T04:09:42.329,3195053,12722,7.9218,7.9062,3.9584,3.9617,0.0003,0.0,0.0,77.4,8833,11400,115.9,0.0,22.5,24.1,idle,True,True,False,False,False,False,0,0,32770,0,1024,0
2026-08-14T04:09:42.827,3195553,12724,7.9218,7.9062,3.9605,3.9617,-0.0012,0.0,-0.006,77.4,8833,11400,115.9,0.0,22.5,24.1,idle,True,True,False,False,False,False,0,0,32770,0,1024,0
2026-08-14T04:09:43.326,3196053,12726,7.9218,7.9062,3.9605,3.9599,-0.0012,-0.0003,-0.006,77.4,8833,11400,115.9,0.0,22.5,24.1,idle,True,True,False,False,False,False,0,0,32770,0,1024,0
2026-08-14T04:09:43.825,3196553,12728,7.9218,7.9062,3.9586,3.9607,-0.0025,-0.0003,-0.011,77.4,8833,11400,115.9,0.0,22.5,24.0,idle,True,True,False,False,False,False,0,0,32770,0,1024,0
2026-08-14T04:09:44.324,3197053,12730,7.9218,7.9062,3.9596,3.9607,-0.0012,-0.0003,-0.006,77.4,8833,11400,115.9,0.0,22.5,24.2,idle,True,True,False,False,False,False,0,0,32770,0,1024,0
2026-08-14T04:09:44.822,3197553,12732,7.9218,7.9062,3.9592,3.9601,-0.0025,-0.0003,-0.011,77.4,8833,11400,115.9,0.0,22.5,24.1,idle,True,True,False,False,False,False,0,0,32770,0,1024,0
2026-08-14T04:09:45.321,3198053,12734,7.9218,7.9062,3.9592,3.9614,-0.0015,-0.0006,-0.006,77.4,8833,11400,115.9,0.0,22.5,24.0,idle,True,True,False,False,False,False,0,0,32770,0,1024,0
2026-08-14T04:09:45.820,3198553,12736,7.9218,7.9062,3.9592,3.9616,-0.0018,-0.0006,-0.008,77.4,8833,11400,115.9,0.0,22.5,24.1,idle,True,True,False,False,False,False,0,0,32770,0,1024,0
2026-08-14T04:09:46.318,3199053,12738,7.9218,7.9062,3.9575,3.9616,-0.0006,-0.0003,-0.003,77.4,8833,11400,115.9,0.0,22.5,24.0,idle,True,True,False,False,False,False,0,0,32770,0,1024,0
2026-08-14T04:09:46.817,3199553,12740,7.9218,7.9062,3.9575,3.9599,-0.0018,-0.0006,-0.008,77.4,8833,11400,115.9,0.0,22.5,24.1,idle,True,True,False,False,False,False,0,0,32770,0,1024,0
2026-08-14T04:09:47.315,3200053,12742,7.9218,7.9062,3.9593,3.9607,0.0,-0.0003,0.0,77.4,8833,11400,115.9,0.0,22.5,24.0,idle,True,True,False,False,False,False,0,0,32770,0,1024,0
2026-08-14T04:09:47.814,3200553,12744,7.9218,7.9062,3.9599,3.9607,-0.0056,-0.0006,-0.022,77.4,8833,11400,115.9,0.0,22.5,24.2,idle,True,True,False,False,False,False,0,0,32770,0,1024,0
2026-08-14T04:09:48.313,3201053,12746,7.9218,7.9062,3.959,3.9608,0.0,-0.0006,0.0,77.4,8833,11400,115.9,0.0,22.5,24.2,idle,True,True,False,False,False,False,0,0,32770,0,1024,0
2026-08-14T04:09:48.812,3201553,12748,7.9218,7.9062,3.959,3.9603,-0.0003,-0.0006,-0.001,77.4,8833,11400,115.9,0.0,22.5,24.2,idle,True,True,False,False,False,False,0,0,32770,0,1024,0
2026-08-14T04:09:49.310,3202053,12750,7.9218,7.9062,3.9597,3.9605,-0.0021,-0.0006,-0.009,77.4,8833,11400,115.9,0.0,22.5,24.3,idle,True,True,False,False,False,False,0,0,32770,0,1024,0
2026-08-14T04:09:49.809,3202553,12752,7.9218,7.9062,3.9592,3.9605,0.0003,-0.0006,0.0,77.4,8833,11400,115.9,0.0,22.5,24.1,idle,True,True,False,False,False,False,0,0,32770,0,1024,0
2026-08-14T04:09:50.309,3203053,12754,7.9218,7.9062,3.9592,3.9612,0.0003,-0.0006,0.0,77.4,8833,11400,115.9,0.0,22.5,24.1,idle,True,True,False,False,False,False,0,0,32770,0,1024,0
2026-08-14T04:09:50.806,3203553,12756,7.9218,7.9062,3.9592,3.9593,0.0003,-0.0006,0.0,77.4,8833,11400,115.9,0.0,22.5,24.1,idle,True,True,False,False,False,False,0,0,32770,0,1024,0
2026-08-14T04:09:51.305,3204053,12758,7.9218,7.9062,3.9584,3.9593,-0.0006,-0.0006,-0.003,77.4,8833,11400,115.9,0.0,22.5,24.3,idle,True,True,False,False,False,False,0,0,32770,0,1024,0
2026-08-14T04:09:51.803,3204553,12760,7.9218,7.9137,3.9584,3.961,0.0018,-0.0003,0.006,77.4,8833,11400,115.9,0.0,22.5,24.3,idle,True,True,False,False,False,False,0,0,32770,0,1024,0
2026-08-14T04:09:52.302,3205053,12762,7.919,7.9137,3.9584,3.961,-0.0062,-0.0006,-0.025,77.4,8833,11400,115.9,0.0,22.5,24.2,idle,True,True,False,False,False,False,0,0,32770,0,1024,0
2026-08-14T04:09:52.800,3205553,12764,7.919,7.9137,3.9575,3.961,-0.0006,-0.0006,-0.003,77.4,8833,11400,115.9,0.0,22.5,24.2,idle,True,True,False,False,False,False,0,0,32770,0,1024,0
2026-08-14T04:09:53.299,3206053,12766,7.919,7.9137,3.9586,3.9616,0.0018,-0.0006,0.006,77.4,8833,11400,115.9,0.0,22.5,24.2,idle,True,True,False,False,False,False,0,0,32770,0,1024,0
2026-08-14T04:09:53.798,3206553,12768,7.919,7.9137,3.9586,3.9617,-0.0003,-0.0006,-0.001,77.4,8833,11400,115.9,0.0,22.5,24.1,idle,True,True,False,False,False,False,0,0,32770,0,1024,0
2026-08-14T04:09:54.296,3207053,12770,7.919,7.9137,3.9596,3.9614,-0.0003,-0.0003,-0.001,77.4,8833,11400,115.9,0.0,22.5,24.2,idle,True,True,False,False,False,False,0,0,32770,0,1024,0
2026-08-14T04:09:54.795,3207553,12772,7.919,7.9137,3.9597,3.9614,-0.0012,-0.0006,-0.006,77.4,8833,11400,115.9,0.0,22.5,24.2,idle,True,True,False,False,False,False,0,0,32770,0,1024,0
2026-08-14T04:09:55.294,3208053,12774,7.919,7.9137,3.9582,3.9612,-0.0018,-0.0003,-0.008,77.4,8833,11400,115.9,0.0,22.5,24.1,idle,True,True,False,False,False,False,0,0,32770,0,1024,0
2026-08-14T04:09:55.792,3208553,12776,7.919,7.9137,3.9582,3.9614,0.0015,-0.0003,0.004,77.4,8833,11400,115.9,0.0,22.5,24.1,idle,True,True,False,False,False,False,0,0,32770,0,1024,0
2026-08-14T04:09:56.291,3209053,12778,7.919,7.9137,3.9592,3.9614,-0.0025,-0.0003,-0.011,77.4,8833,11400,115.9,0.0,22.5,24.1,idle,True,True,False,False,False,False,0,0,32770,0,1024,0
2026-08-14T04:09:56.789,3209553,12780,7.919,7.9137,3.9599,3.9616,0.0,-0.0006,0.0,77.4,8833,11400,115.9,0.0,22.5,24.1,idle,True,True,False,False,False,False,0,0,32770,0,1024,0
2026-08-14T04:09:57.288,3210053,12782,7.919,7.9137,3.9599,3.9605,0.0015,-0.0003,0.004,77.4,8833,11400,115.9,0.0,22.5,24.1,idle,True,True,False,False,False,False,0,0,32770,0,1024,0
2026-08-14T04:09:57.786,3210553,12784,7.919,7.9137,3.9571,3.9605,0.0,-0.0003,0.0,77.4,8833,11400,115.9,0.0,22.5,24.1,idle,True,True,False,False,False,False,0,0,32770,0,1024,0
2026-08-14T04:09:58.285,3211053,12786,7.919,7.9137,3.9596,3.9605,-0.0006,-0.0003,-0.003,77.4,8833,11400,115.9,0.0,22.5,24.1,idle,True,True,False,False,False,False,0,0,32770,0,1024,0
2026-08-14T04:09:58.784,3211553,12788,7.919,7.9137,3.959,3.9603,-0.0012,-0.0003,-0.006,77.4,8833,11400,115.9,0.0,22.5,24.2,idle,True,True,False,False,False,False,0,0,32770,0,1024,0
2026-08-14T04:09:59.282,3212053,12790,7.919,7.9137,3.959,3.9614,0.0037,0.0,0.014,77.4,8833,11400,115.9,0.0,22.5,24.1,idle,True,True,False,False,False,False,0,0,32770,0,1024,0
2026-08-14T04:09:59.781,3212553,12792,7.919,7.9137,3.9593,3.9614,-0.0003,0.0,-0.001,77.4,8833,11400,115.9,0.0,22.5,24.2,idle,True,True,False,False,False,False,0,0,32770,0,1024,0
2026-08-14T04:10:00.279,3213053,12794,7.919,7.9137,3.9603,3.9605,-0.0015,-0.0003,-0.006,77.4,8833,11400,115.9,0.0,22.5,24.1,idle,True,True,False,False,False,False,0,0,32770,0,1024,0
2026-08-14T04:10:00.778,3213553,12796,7.919,7.9137,3.9603,3.9614,0.0021,-0.0003,0.008,77.4,8833,11400,115.9,0.0,22.5,24.3,idle,True,True,False,False,False,False,0,0,32770,0,1024,0
2026-08-14T04:10:01.276,3214053,12798,7.919,7.9137,3.9584,3.9607,-0.0006,0.0,-0.003,77.4,8833,11400,115.9,0.0,22.5,24.0,idle,True,True,False,False,False,False,0,0,32770,0,1024,0
2026-08-14T04:10:01.775,3214553,12800,7.919,7.9137,3.9601,3.9607,0.0003,0.0,0.0,77.4,8833,11400,115.9,0.0,22.5,24.0,idle,True,True,False,False,False,False,0,0,32770,0,1024,0
2026-08-14T04:10:02.273,3215053,12802,7.919,7.9137,3.9588,3.961,0.0003,-0.0003,0.0,77.4,8833,11400,115.9,0.0,22.5,24.2,idle,True,True,False,False,False,False,0,0,32770,0,1024,0
2026-08-14T04:10:02.772,3215553,12804,7.919,7.9137,3.9588,3.9605,-0.0006,-0.0003,-0.003,77.4,8833,11400,115.9,0.0,22.5,24.2,idle,True,True,False,False,False,False,0,0,32770,0,1024,0
2026-08-14T04:10:03.271,3216053,12806,7.919,7.9137,3.9596,3.9605,-0.0003,-0.0003,-0.001,77.4,8833,11400,115.9,0.0,22.5,24.0,idle,True,True,False,False,False,False,0,0,32770,0,1024,0
2026-08-14T04:10:03.769,3216553,12808,7.919,7.9137,3.9592,3.9608,0.0012,0.0,0.004,77.4,8833,11400,115.9,0.0,22.5,24.1,idle,True,True,False,False,False,False,0,0,32770,0,1024,0
2026-08-14T04:10:04.268,3217053,12810,7.919,7.9137,3.9592,3.9614,-0.0006,0.0,-0.003,77.4,8833,11400,115.9,0.0,22.5,24.1,idle,True,True,False,False,False,False,0,0,32770,0,1024,0
2026-08-14T04:10:04.767,3217553,12812,7.919,7.9137,3.9599,3.9616,0.0,0.0,0.0,77.4,8833,11400,115.9,0.0,22.5,24.0,idle,True,True,False,False,False,False,0,0,32770,0,1024,0
2026-08-14T04:10:05.265,3218053,12814,7.919,7.9137,3.9596,3.9616,-0.0012,0.0,-0.006,77.4,8833,11400,115.9,0.0,22.5,24.3,idle,True,True,False,False,False,False,0,0,32770,0,1024,0
2026-08-14T04:10:05.763,3218553,12816,7.919,7.9137,3.9592,3.9614,0.0,-0.0003,0.0,77.4,8833,11400,115.9,0.0,22.5,24.1,idle,True,True,False,False,False,False,0,0,32770,0,1024,0
2026-08-14T04:10:06.262,3219053,12818,7.919,7.9137,3.9592,3.9607,0.0021,0.0,0.008,77.4,8833,11400,115.9,0.0,22.5,24.1,idle,True,True,False,False,False,False,0,0,32770,0,1024,0
2026-08-14T04:10:06.761,3219553,12820,7.919,7.9137,3.9599,3.9607,-0.0012,-0.0003,-0.006,77.4,8833,11400,115.9,0.0,22.5,24.0,idle,True,True,False,False,False,False,0,0,32770,0,1024,0
2026-08-14T04:10:07.259,3220053,12822,7.919,7.9137,3.9588,3.9612,0.0003,0.0,0.0,77.4,8833,11400,115.9,0.0,22.5,24.2,idle,True,True,False,False,False,False,0,0,32770,0,1024,0
2026-08-14T04:10:07.758,3220553,12824,7.919,7.9137,3.9588,3.961,-0.0015,-0.0003,-0.006,77.4,8833,11400,115.9,0.0,22.5,24.0,idle,True,True,False,False,False,False,0,0,32770,0,1024,0
2026-08-14T04:10:08.256,3221053,12826,7.919,7.9137,3.9603,3.9607,0.0003,0.0,0.0,77.4,8833,11400,115.9,0.0,22.5,24.1,idle,True,True,False,False,False,False,0,0,32770,0,1024,0
2026-08-14T04:10:08.754,3221553,12828,7.919,7.9137,3.9586,3.9607,0.0015,0.0,0.004,77.4,8833,11400,115.9,0.0,22.5,24.2,idle,True,True,False,False,False,False,0,0,32770,0,1024,0
2026-08-14T04:10:09.253,3222053,12830,7.919,7.9137,3.959,3.9612,-0.0015,0.0,-0.006,77.4,8833,11400,115.9,0.0,22.5,24.2,idle,True,True,False,False,False,False,0,0,32770,0,1024,0
2026-08-14T04:10:09.752,3222553,12832,7.919,7.9137,3.959,3.9601,0.0015,0.0,0.004,77.4,8833,11400,115.9,0.0,22.5,24.2,idle,True,True,False,False,False,False,0,0,32770,0,1024,0
2026-08-14T04:10:10.250,3223053,12834,7.919,7.9137,3.9593,3.9601,-0.0028,-0.0003,-0.011,77.4,8833,11400,115.9,0.0,22.5,24.0,idle,True,True,False,False,False,False,0,0,32770,0,1024,0
2026-08-14T04:10:10.749,3223553,12836,7.919,7.9137,3.9582,3.9603,-0.0018,-0.0003,-0.008,77.4,8833,11400,115.9,0.0,22.5,24.0,idle,True,True,False,False,False,False,0,0,32770,0,1024,0
2026-08-14T04:10:11.247,3224053,12838,7.919,7.9137,3.9582,3.9616,0.0012,-0.0003,0.004,77.4,8833,11400,115.9,0.0,22.5,24.0,idle,True,True,False,False,False,False,0,0,32770,0,1024,0
2026-08-14T04:10:11.746,3224553,12840,7.919,7.9137,3.9588,3.9603,-0.0037,-0.0003,-0.016,77.4,8833,11400,115.9,0.0,22.5,24.1,idle,True,True,False,False,False,False,0,0,32770,0,1024,0
2026-08-14T04:10:12.245,3225053,12842,7.919,7.9137,3.9584,3.9603,-0.0018,-0.0006,-0.008,77.4,8833,11400,115.9,0.0,22.5,24.1,idle,True,True,False,False,False,False,0,0,32770,0,1024,0
2026-08-14T04:10:12.743,3225553,12844,7.919,7.9137,3.9584,3.9607,-0.0012,-0.0006,-0.006,77.4,8833,11400,115.9,0.0,22.5,24.1,idle,True,True,False,False,False,False,0,0,32770,0,1024,0
2026-08-14T04:10:13.247,3226053,12846,7.919,7.9137,3.9593,3.9596,-0.0012,-0.0009,-0.006,77.4,8833,11400,115.9,0.0,22.5,24.1,idle,True,True,False,False,False,False,0,0,32770,0,1024,0
2026-08-14T04:10:13.740,3226553,12848,7.919,7.9137,3.9592,3.9596,0.0006,-0.0006,0.001,77.4,8833,11400,115.9,0.0,22.5,24.0,idle,True,True,False,False,False,False,0,0,32770,0,1024,0
2026-08-14T04:10:14.239,3227053,12850,7.919,7.9062,3.9592,3.9607,-0.0003,-0.0006,-0.001,77.4,8833,11400,115.9,0.0,22.5,24.3,idle,True,True,False,False,False,False,0,0,32770,0,1024,0
2026-08-14T04:10:14.737,3227553,12852,7.9159,7.9062,3.9592,3.9607,-0.0015,-0.0009,-0.006,77.4,8833,11400,115.9,0.0,22.5,24.0,idle,True,True,False,False,False,False,0,0,32770,0,1024,0
2026-08-14T04:10:15.235,3228053,12854,7.9159,7.9062,3.9592,3.9596,0.0,-0.0009,0.0,77.4,8833,11400,115.9,0.0,22.5,24.2,idle,True,True,False,False,False,False,0,0,32770,0,1024,0
2026-08-14T04:10:15.734,3228553,12856,7.9159,7.9062,3.9584,3.9596,-0.0003,-0.0006,-0.001,77.4,8833,11400,115.9,0.0,22.5,24.1,idle,True,True,False,False,False,False,0,0,32770,0,1024,0
2026-08-14T04:10:16.233,3229053,12858,7.9159,7.9062,3.9584,3.9612,0.0028,-0.0006,0.009,77.4,8833,11400,115.9,0.0,22.5,24.0,idle,True,True,False,False,False,False,0,0,32770,0,1024,0
2026-08-14T04:10:16.731,3229553,12860,7.9159,7.9062,3.9596,3.9616,-0.0006,-0.0006,-0.003,77.4,8833,11400,115.9,0.0,22.5,24.2,idle,True,True,False,False,False,False,0,0,32770,0,1024,0
2026-08-14T04:10:17.230,3230053,12862,7.9159,7.9062,3.9597,3.9616,0.0018,-0.0006,0.006,77.4,8833,11400,115.9,0.0,22.5,24.1,idle,True,True,False,False,False,False,0,0,32770,0,1024,0
2026-08-14T04:10:17.729,3230553,12864,7.9159,7.9062,3.9593,3.9605,-0.0034,-0.0006,-0.014,77.4,8833,11400,115.9,0.0,22.5,24.1,idle,True,True,False,False,False,False,0,0,32770,0,1024,0
2026-08-14T04:10:18.227,3231053,12866,7.9159,7.9062,3.9593,3.961,-0.0003,-0.0006,-0.001,77.4,8833,11400,115.9,0.0,22.5,24.1,idle,True,True,False,False,False,False,0,0,32770,0,1024,0
2026-08-14T04:10:18.725,3231553,12868,7.9159,7.9062,3.9599,3.9607,-0.0006,-0.0006,-0.003,77.4,8833,11400,115.9,0.0,22.5,24.2,idle,True,True,False,False,False,False,0,0,32770,0,1024,0
2026-08-14T04:10:19.224,3232053,12870,7.9159,7.9062,3.9588,3.9607,0.0006,-0.0006,0.001,77.4,8833,11400,115.9,0.0,22.5,24.1,idle,True,True,False,False,False,False,0,0,32770,0,1024,0
2026-08-14T04:10:19.722,3232553,12872,7.9159,7.9062,3.9588,3.9605,0.0012,-0.0006,0.004,77.4,8833,11400,115.9,0.0,22.5,24.1,idle,True,True,False,False,False,False,0,0,32770,0,1024,0
2026-08-14T04:10:20.221,3233053,12874,7.9159,7.9062,3.9607,3.9614,-0.0003,-0.0003,-0.001,77.4,8833,11400,115.9,0.0,22.5,24.2,idle,True,True,False,False,False,False,0,0,32770,0,1024,0
2026-08-14T04:10:20.719,3233553,12876,7.9159,7.9062,3.9578,3.9614,0.0003,-0.0003,0.0,77.4,8833,11400,115.9,0.0,22.5,24.2,idle,True,True,False,False,False,False,0,0,32770,0,1024,0
2026-08-14T04:10:21.218,3234053,12878,7.9159,7.9062,3.9592,3.9599,-0.0006,-0.0003,-0.003,77.4,8833,11400,115.9,0.0,22.5,24.1,idle,True,True,False,False,False,False,0,0,32770,0,1024,0
2026-08-14T04:10:21.717,3234553,12880,7.9159,7.9062,3.9592,3.9608,-0.0025,-0.0003,-0.011,77.4,8833,11400,115.9,0.0,22.5,24.2,idle,True,True,False,False,False,False,0,0,32770,0,1024,0
2026-08-14T04:10:22.215,3235053,12882,7.9159,7.9062,3.9586,3.961,-0.0015,-0.0003,-0.006,77.4,8833,11400,115.9,0.0,22.5,24.0,idle,True,True,False,False,False,False,0,0,32770,0,1024,0
2026-08-14T04:10:22.713,3235553,12884,7.9159,7.9062,3.9586,3.961,0.0003,-0.0003,0.0,77.4,8833,11400,115.9,0.0,22.5,24.2,idle,True,True,False,False,False,False,0,0,32770,0,1024,0
2026-08-14T04:10:23.212,3236053,12886,7.9159,7.9062,3.9586,3.9608,0.0,-0.0003,0.0,77.4,8833,11400,115.9,0.0,22.5,24.2,idle,True,True,False,False,False,False,0,0,32770,0,1024,0
2026-08-14T04:10:23.711,3236553,12888,7.9159,7.9062,3.9596,3.9608,-0.0028,-0.0003,-0.011,77.4,8833,11400,115.9,0.0,22.5,24.2,idle,True,True,False,False,False,False,0,0,32770,0,1024,0
2026-08-14T04:10:24.209,3237053,12890,7.9159,7.9062,3.9584,3.9608,0.0,-0.0003,0.0,77.4,8833,11400,115.9,0.0,22.5,24.3,idle,True,True,False,False,False,False,0,0,32770,0,1024,0
2026-08-14T04:10:24.708,3237553,12892,7.9159,7.9062,3.9596,3.9597,-0.0021,-0.0003,-0.009,77.4,8833,11400,115.9,0.0,22.5,24.0,idle,True,True,False,False,False,False,0,0,32770,0,1024,0
2026-08-14T04:10:25.206,3238053,12894,7.9159,7.9062,3.9596,3.9603,0.0025,-0.0003,0.009,77.4,8833,11400,115.9,0.0,22.5,24.0,idle,True,True,False,False,False,False,0,0,32770,0,1024,0
2026-08-14T04:10:25.704,3238553,12896,7.9159,7.9062,3.9578,3.9607,-0.0015,0.0,-0.006,77.4,8833,11400,115.9,0.0,22.5,24.2,idle,True,True,False,False,False,False,0,0,32770,0,1024,0
2026-08-14T04:10:26.203,3239053,12898,7.9159,7.9062,3.9593,3.9607,0.0,-0.0003,0.0,77.4,8833,11400,115.9,0.0,22.5,24.2,idle,True,True,False,False,False,False,0,0,32770,0,1024,0
2026-08-14T04:10:26.701,3239553,12900,7.9159,7.9062,3.9593,3.9605,0.0015,0.0,0.004,77.4,8833,11400,115.9,0.0,22.5,24.2,idle,True,True,False,False,False,False,0,0,32770,0,1024,0
2026-08-14T04:10:27.200,3240053,12902,7.9159,7.9062,3.9599,3.961,-0.0018,-0.0003,-0.008,77.4,8833,11400,115.9,0.0,22.5,24.2,idle,True,True,False,False,False,False,0,0,32770,0,1024,0
2026-08-14T04:10:27.698,3240553,12904,7.9159,7.9062,3.9593,3.961,-0.0015,-0.0006,-0.006,77.4,8833,11400,115.9,0.0,22.5,24.3,idle,True,True,False,False,False,False,0,0,32770,0,1024,0
2026-08-14T04:10:28.197,3241053,12906,7.9159,7.9062,3.959,3.961,0.0003,-0.0003,0.0,77.4,8833,11400,115.9,0.0,22.5,24.2,idle,True,True,False,False,False,False,0,0,32770,0,1024,0
2026-08-14T04:10:31.212,3244077,12908,7.9159,7.9062,3.9586,3.9619,-0.0468,-0.0281,-0.185,77.4,8833,11400,115.9,0.0,22.5,24.0,discharging,True,True,False,False,False,False,0,0,32770,0,1024,0
2026-08-14T04:10:31.711,3244077,12908,7.9159,7.9062,3.9586,3.9619,-0.0468,-0.0281,-0.185,77.4,8833,11400,115.9,0.0,22.5,24.0,discharging,True,True,False,False,False,False,0,0,32770,0,1024,0
2026-08-14T04:10:32.209,3245076,12909,7.9159,7.9062,3.9601,3.9605,-0.0368,-0.0293,-0.147,77.4,8833,11400,115.9,0.0,22.5,24.2,discharging,True,True,False,False,False,False,0,0,32770,0,1024,0
2026-08-14T04:10:32.708,3245076,12909,7.9159,7.9062,3.9601,3.9605,-0.0368,-0.0293,-0.147,77.4,8833,11400,115.9,0.0,22.5,24.2,discharging,True,True,False,False,False,False,0,0,32770,0,1024,0
2026-08-14T04:10:33.207,3246076,12910,7.9159,7.9062,3.9603,3.9608,-0.0384,-0.0318,-0.153,77.4,8833,11400,115.9,0.0,22.5,24.2,discharging,True,True,False,False,False,False,0,0,32770,0,1024,0
2026-08-14T04:10:33.705,3246076,12910,7.9159,7.9062,3.9603,3.9608,-0.0384,-0.0318,-0.153,77.4,8833,11400,115.9,0.0,22.5,24.2,discharging,True,True,False,False,False,False,0,0,32770,0,1024,0
2026-08-14T04:10:34.204,3247076,12911,7.9159,7.9062,3.9599,3.9601,-0.0506,-0.034,-0.201,77.4,8833,11400,115.9,0.0,22.5,24.2,discharging,True,True,False,False,False,False,0,0,32770,0,1024,0
2026-08-14T04:10:34.702,3247076,12911,7.9159,7.9062,3.9599,3.9601,-0.0506,-0.034,-0.201,77.4,8833,11400,115.9,0.0,22.5,24.2,discharging,True,True,False,False,False,False,0,0,32770,0,1024,0
2026-08-14T04:10:35.201,3248076,12912,7.9159,7.9062,3.9584,3.9605,-0.0371,-0.0346,-0.148,77.4,8833,11400,115.9,0.0,22.5,24.1,discharging,True,True,False,False,False,False,0,0,32770,0,1024,0
2026-08-14T04:10:35.699,3248076,12912,7.9159,7.9062,3.9584,3.9605,-0.0371,-0.0346,-0.148,77.4,8833,11400,115.9,0.0,22.5,24.1,discharging,True,True,False,False,False,False,0,0,32770,0,1024,0
2026-08-14T04:10:36.198,3249076,12913,7.9159,7.9062,3.959,3.9603,-0.0412,-0.0356,-0.164,77.4,8833,11400,115.9,0.0,22.5,24.2,discharging,True,True,False,False,False,False,0,0,32770,0,1024,0
2026-08-14T04:10:36.696,3249076,12913,7.9159,7.9062,3.959,3.9603,-0.0412,-0.0356,-0.164,77.4,8833,11400,115.9,0.0,22.5,24.2,discharging,True,True,False,False,False,False,0,0,32770,0,1024,0
2026-08-14T04:10:37.195,3250076,12914,7.9175,7.9034,3.959,3.9614,-0.0381,-0.0359,-0.152,77.4,8833,11400,115.9,0.0,22.5,24.2,discharging,True,True,False,False,False,False,0,0,32770,0,1024,0
2026-08-14T04:10:37.694,3250076,12914,7.9175,7.9034,3.959,3.9614,-0.0381,-0.0359,-0.152,77.4,8833,11400,115.9,0.0,22.5,24.2,discharging,True,True,False,False,False,False,0,0,32770,0,1024,0
2026-08-14T04:10:38.193,3251076,12915,7.9175,7.9034,3.9573,3.9612,-0.039,-0.0365,-0.155,77.4,8833,11400,115.9,0.0,22.5,24.0,discharging,True,True,False,False,False,False,0,0,32770,0,1024,0
2026-08-14T04:10:38.691,3251076,12915,7.9175,7.9034,3.9573,3.9612,-0.039,-0.0365,-0.155,77.4,8833,11400,115.9,0.0,22.5,24.0,discharging,True,True,False,False,False,False,0,0,32770,0,1024,0
2026-08-14T04:10:39.190,3252076,12916,7.9175,7.9034,3.9586,3.9599,-0.039,-0.0368,-0.155,77.4,8833,11400,115.9,0.0,22.5,24.2,discharging,True,True,False,False,False,False,0,0,32770,0,1024,0
2026-08-14T04:10:39.689,3252076,12916,7.9175,7.9034,3.9586,3.9599,-0.039,-0.0368,-0.155,77.4,8833,11400,115.9,0.0,22.5,24.2,discharging,True,True,False,False,False,False,0,0,32770,0,1024,0
2026-08-14T04:10:40.188,3253076,12917,7.9175,7.9034,3.9588,3.961,-0.0468,-0.0375,-0.185,77.4,8833,11400,115.9,0.0,22.5,24.3,discharging,True,True,False,False,False,False,0,0,32770,0,1024,0
2026-08-14T04:10:40.686,3253076,12917,7.9175,7.9034,3.9588,3.961,-0.0468,-0.0375,-0.185,77.4,8833,11400,115.9,0.0,22.5,24.3,discharging,True,True,False,False,False,False,0,0,32770,0,1024,0
2026-08-14T04:10:41.185,3254076,12918,7.9175,7.9034,3.9582,3.9608,-0.0359,-0.0365,-0.142,77.4,8833,11400,115.9,0.0,22.6,24.1,discharging,True,True,False,False,False,False,0,0,32770,0,1024,0
2026-08-14T04:10:41.683,3254076,12918,7.9175,7.9034,3.9582,3.9608,-0.0359,-0.0365,-0.142,77.4,8833,11400,115.9,0.0,22.6,24.1,discharging,True,True,False,False,False,False,0,0,32770,0,1024,0
2026-08-14T04:10:42.182,3255076,12919,7.9175,7.9034,3.9586,3.9603,-0.0337,-0.0356,-0.134,77.4,8833,11400,115.9,0.0,22.6,24.0,discharging,True,True,False,False,False,False,0,0,32770,0,1024,0
2026-08-14T04:10:42.681,3255076,12919,7.9175,7.9034,3.9586,3.9603,-0.0337,-0.0356,-0.134,77.4,8833,11400,115.9,0.0,22.6,24.0,discharging,True,True,False,False,False,False,0,0,32770,0,1024,0
2026-08-14T04:10:43.179,3256076,12920,7.9175,7.9034,3.9601,3.961,-0.0421,-0.0356,-0.168,77.4,8833,11400,115.9,0.0,22.6,24.2,discharging,True,True,False,False,False,False,0,0,32770,0,1024,0
2026-08-14T04:10:43.677,3256076,12920,7.9175,7.9034,3.9601,3.961,-0.0421,-0.0356,-0.168,77.4,8833,11400,115.9,0.0,22.6,24.2,discharging,True,True,False,False,False,False,0,0,32770,0,1024,0
2026-08-14T04:10:44.176,3257076,12921,7.9175,7.9034,3.9567,3.9603,-0.035,-0.035,-0.139,77.4,8833,11400,115.9,0.0,22.5,24.2,discharging,True,True,False,False,False,False,0,0,32770,0,1024,0
2026-08-14T04:10:44.674,3257076,12921,7.9175,7.9034,3.9567,3.9603,-0.035,-0.035,-0.139,77.4,8833,11400,115.9,0.0,22.5,24.2,discharging,True,True,False,False,False,False,0,0,32770,0,1024,0
2026-08-14T04:10:45.173,3258076,12922,7.9175,7.9034,3.9581,3.9607,-0.0428,-0.034,-0.169,77.4,8833,11400,115.9,0.0,22.5,24.3,discharging,True,True,False,False,False,False,0,0,32770,0,1024,0
2026-08-14T04:10:45.671,3258076,12922,7.9175,7.9034,3.9581,3.9607,-0.0428,-0.034,-0.169,77.4,8833,11400,115.9,0.0,22.5,24.3,discharging,True,True,False,False,False,False,0,0,32770,0,1024,0
2026-08-14T04:10:46.170,3259076,12923,7.9175,7.9034,3.9582,3.9616,-0.0378,-0.034,-0.15,77.4,8833,11400,115.9,0.0,22.5,24.1,discharging,True,True,False,False,False,False,0,0,32770,0,1024,0
2026-08-14T04:10:46.668,3259076,12923,7.9175,7.9034,3.9582,3.9616,-0.0378,-0.034,-0.15,77.4,8833,11400,115.9,0.0,22.5,24.1,discharging,True,True,False,False,False,False,0,0,32770,0,1024,0
2026-08-14T04:10:47.167,3260076,12924,7.9175,7.9034,3.9601,3.9607,-0.0409,-0.034,-0.163,77.4,8833,11400,115.9,0.0,22.5,24.2,discharging,True,True,False,False,False,False,0,0,32770,0,1024,0
2026-08-14T04:10:47.673,3260076,12924,7.9175,7.9034,3.9601,3.9607,-0.0409,-0.034,-0.163,77.4,8833,11400,115.9,0.0,22.5,24.2,discharging,True,True,False,False,False,False,0,0,32770,0,1024,0
2026-08-14T04:10:48.164,3261076,12925,7.9175,7.9034,3.959,3.9607,-0.0237,-0.0337,-0.094,77.4,8833,11400,115.9,0.0,22.5,24.2,idle,True,True,False,False,False,False,0,0,32770,0,1024,0
2026-08-14T04:10:48.662,3261076,12925,7.9175,7.9034,3.959,3.9607,-0.0237,-0.0337,-0.094,77.4,8833,11400,115.9,0.0,22.5,24.2,idle,True,True,False,False,False,False,0,0,32770,0,1024,0
2026-08-14T04:10:49.161,3262076,12926,7.9175,7.9034,3.9582,3.9621,-0.0368,-0.0334,-0.083,77.4,8833,11400,115.9,0.0,22.5,24.2,discharging,True,True,False,False,False,False,0,0,32770,0,1024,0
2026-08-14T04:10:49.660,3262076,12926,7.9175,7.9034,3.9582,3.9621,-0.0368,-0.0334,-0.083,77.4,8833,11400,115.9,0.0,22.5,24.2,discharging,True,True,False,False,False,False,0,0,32770,0,1024,0
2026-08-14T04:10:50.158,3263076,12927,7.9175,7.9034,3.9593,3.9603,-0.0353,-0.0328,-0.14,77.4,8833,11400,115.9,0.0,22.5,24.1,discharging,True,True,False,False,False,False,0,0,32770,0,1024,0
2026-08-14T04:10:50.657,3263076,12927,7.9175,7.9034,3.9593,3.9603,-0.0353,-0.0328,-0.14,77.4,8833,11400,115.9,0.0,22.5,24.1,discharging,True,True,False,False,False,False,0,0,32770,0,1024,0
2026-08-14T04:10:51.156,3264076,12928,7.9175,7.9034,3.9593,3.9612,-0.0353,-0.0325,-0.14,77.4,8833,11400,115.9,0.0,22.5,24.1,discharging,True,True,False,False,False,False,0,0,32770,0,1024,0
2026-08-14T04:10:51.654,3264076,12928,7.9175,7.9034,3.9593,3.9612,-0.0353,-0.0325,-0.14,77.4,8833,11400,115.9,0.0,22.5,24.1,discharging,True,True,False,False,False,False,0,0,32770,0,1024,0
2026-08-14T04:10:52.153,3265076,12929,7.9175,7.9034,3.9581,3.961,-0.0325,-0.0321,-0.129,77.4,8833,11400,115.9,0.0,22.6,24.2,discharging,True,True,False,False,False,False,0,0,32770,0,1024,0
2026-08-14T04:10:52.652,3265076,12929,7.9175,7.9034,3.9581,3.961,-0.0325,-0.0321,-0.129,77.4,8833,11400,115.9,0.0,22.6,24.2,discharging,True,True,False,False,False,False,0,0,32770,0,1024,0
2026-08-14T04:10:53.150,3266076,12930,7.9175,7.9034,3.9575,3.9616,-0.035,-0.0325,-0.139,77.4,8833,11400,115.9,0.0,22.5,24.3,discharging,True,True,False,False,False,False,0,0,32770,0,1024,0
2026-08-14T04:10:53.649,3266076,12930,7.9175,7.9034,3.9575,3.9616,-0.035,-0.0325,-0.139,77.4,8833,11400,115.9,0.0,22.5,24.3,discharging,True,True,False,False,False,False,0,0,32770,0,1024,0
2026-08-14T04:10:54.147,3267076,12931,7.9175,7.9034,4.0096,4.0064,7.2659,0.8803,29.132,77.4,8835,11400,115.9,0.0,22.5,24.4,charging,True,True,False,False,False,False,0,0,32770,0,1024,0
2026-08-14T04:10:54.645,3267076,12931,7.9175,7.9034,4.0096,4.0064,7.2659,0.8803,29.132,77.4,8835,11400,115.9,0.0,22.5,24.4,charging,True,True,False,False,False,False,0,0,32770,0,1024,0
2026-08-14T04:10:55.145,3268076,12932,7.9175,7.9034,4.0125,4.006,7.2593,1.6521,29.081,77.5,8836,11400,115.9,0.0,22.3,24.5,charging,True,True,False,False,False,False,0,5073,32770,0,1024,0
2026-08-14T04:10:55.643,3268076,12932,7.9175,7.9034,4.0125,4.006,7.2593,1.6521,29.081,77.5,8836,11400,115.9,0.0,22.3,24.5,charging,True,True,False,False,False,False,0,5073,32770,0,1024,0
2026-08-14T04:10:56.141,3269076,12933,7.9175,7.9034,4.0117,4.0078,7.2628,2.6387,29.107,77.5,8838,11400,115.9,0.0,22.4,24.9,charging,True,True,False,False,False,False,0,5073,32770,0,1024,0
2026-08-14T04:10:56.640,3269076,12933,7.9175,7.9034,4.0117,4.0078,7.2628,2.6387,29.107,77.5,8838,11400,115.9,0.0,22.4,24.9,charging,True,True,False,False,False,False,0,5073,32770,0,1024,0
2026-08-14T04:10:57.139,3270076,12934,7.9175,7.9034,4.0154,4.0081,7.2946,3.4565,29.236,77.5,8840,11400,115.9,0.0,22.4,25.1,charging,True,True,False,False,False,False,0,5540,32770,0,1024,0
2026-08-14T04:10:57.637,3270076,12934,7.9175,7.9034,4.0154,4.0081,7.2946,3.4565,29.236,77.5,8840,11400,115.9,0.0,22.4,25.1,charging,True,True,False,False,False,False,0,5540,32770,0,1024,0
2026-08-14T04:10:58.136,3271076,12935,7.9175,7.9034,4.0143,4.0108,7.2803,4.129,29.198,77.5,8842,11400,115.9,0.0,22.5,25.2,charging,True,True,False,False,False,False,0,5990,32770,0,1024,0
2026-08-14T04:10:58.634,3271076,12935,7.9175,7.9034,4.0143,4.0108,7.2803,4.129,29.198,77.5,8842,11400,115.9,0.0,22.5,25.2,charging,True,True,False,False,False,False,0,5990,32770,0,1024,0
2026-08-14T04:10:59.133,3272076,12936,7.9175,8.1296,4.0164,4.0103,7.2831,4.684,29.206,77.5,8844,11400,115.9,0.0,22.5,25.5,charging,True,True,False,False,False,False,0,6378,32770,0,1024,0
2026-08-14T04:10:59.632,3272076,12936,7.9175,8.1296,4.0164,4.0103,7.2831,4.684,29.206,77.5,8844,11400,115.9,0.0,22.5,25.5,charging,True,True,False,False,False,False,0,6378,32770,0,1024,0
2026-08-14T04:11:00.130,3273076,12937,8.0303,8.1296,4.0184,4.0134,7.3187,5.1437,29.372,77.5,8847,11400,115.9,0.0,22.6,25.5,charging,True,True,False,False,False,False,0,6378,32770,0,1024,0
2026-08-14T04:11:00.629,3273076,12937,8.0303,8.1296,4.0184,4.0134,7.3187,5.1437,29.372,77.5,8847,11400,115.9,0.0,22.6,25.5,charging,True,True,False,False,False,False,0,6378,32770,0,1024,0
2026-08-14T04:11:01.128,3274076,12938,8.0303,8.1296,4.0182,4.0123,7.2837,5.5196,29.224,77.6,8849,11400,115.9,0.0,22.6,25.7,charging,True,True,False,False,False,False,0,6519,32770,0,1024,0
2026-08-14T04:11:01.626,3274076,12938,8.0303,8.1296,4.0182,4.0123,7.2837,5.5196,29.224,77.6,8849,11400,115.9,0.0,22.6,25.7,charging,True,True,False,False,False,False,0,6519,32770,0,1024,0
2026-08-14T04:11:02.125,3275076,12939,8.0303,8.1296,4.0196,4.0146,7.2793,5.7321,29.222,77.6,8850,11400,115.9,0.0,22.7,26.0,charging,True,True,False,False,False,False,0,6626,32770,0,1024,0
2026-08-14T04:11:02.623,3275076,12939,8.0303,8.1296,4.0196,4.0146,7.2793,5.7321,29.222,77.6,8850,11400,115.9,0.0,22.7,26.0,charging,True,True,False,False,False,False,0,6626,32770,0,1024,0
2026-08-14T04:11:03.122,3276076,12940,8.0303,8.1296,4.0192,4.0143,7.2953,6.0062,29.284,77.6,8852,11400,115.9,0.0,22.7,26.2,charging,True,True,False,False,False,False,0,6626,32770,0,1024,0
2026-08-14T04:11:03.621,3276076,12940,8.0303,8.1296,4.0192,4.0143,7.2953,6.0062,29.284,77.6,8852,11400,115.9,0.0,22.7,26.2,charging,True,True,False,False,False,False,0,6626,32770,0,1024,0
2026-08-14T04:11:04.119,3277076,12941,8.0303,8.1296,4.0223,4.0143,7.2762,6.2315,29.208,77.6,8854,11400,115.9,0.0,22.7,26.4,charging,True,True,False,False,False,False,0,6727,32770,0,1024,0
2026-08-14T04:11:04.618,3277076,12941,8.0303,8.1296,4.0223,4.0143,7.2762,6.2315,29.208,77.6,8854,11400,115.9,0.0,22.7,26.4,charging,True,True,False,False,False,False,0,6727,32770,0,1024,0
2026-08-14T04:11:05.117,3278076,12942,8.0303,8.1296,4.0227,4.0175,7.2934,6.4181,29.3,77.6,8857,11400,115.9,0.0,22.9,26.6,charging,True,True,False,False,False,False,0,6811,32770,0,1024,0
2026-08-14T04:11:05.615,3278076,12942,8.0303,8.1296,4.0227,4.0175,7.2934,6.4181,29.3,77.6,8857,11400,115.9,0.0,22.9,26.6,charging,True,True,False,False,False,False,0,6811,32770,0,1024,0
2026-08-14T04:11:06.114,3279076,12943,8.0303,8.1296,4.0217,4.0147,7.2853,6.5721,29.248,77.7,8859,11400,115.9,0.0,23.0,26.6,charging,True,True,False,False,False,False,0,6873,32770,0,1024,0
2026-08-14T04:11:06.613,3279076,12943,8.0303,8.1296,4.0217,4.0147,7.2853,6.5721,29.248,77.7,8859,11400,115.9,0.0,23.0,26.6,charging,True,True,False,False,False,False,0,6873,32770,0,1024,0
2026-08-14T04:11:07.111,3280076,12944,8.0303,8.1296,4.0236,4.0181,7.3015,6.7012,29.337,77.7,8861,11400,115.9,0.0,23.1,26.9,charging,True,True,False,False,False,False,0,6873,32770,0,1024,0
2026-08-14T04:11:07.610,3280076,12944,8.0303,8.1296,4.0236,4.0181,7.3015,6.7012,29.337,77.7,8861,11400,115.9,0.0,23.1,26.9,charging,True,True,False,False,False,False,0,6873,32770,0,1024,0
2026-08-14T04:11:08.108,3281076,12945,8.0303,8.1296,4.0247,4.0178,7.3275,6.81,29.44,77.7,8863,11400,115.9,0.0,23.1,27.1,charging,True,True,False,False,False,False,0,6930,32770,0,1024,0
2026-08-14T04:11:08.607,3281076,12945,8.0303,8.1296,4.0247,4.0178,7.3275,6.81,29.44,77.7,8863,11400,115.9,0.0,23.1,27.1,charging,True,True,False,False,False,False,0,6930,32770,0,1024,0
2026-08-14T04:11:09.105,3282076,12946,8.0303,8.1296,4.0251,4.0177,7.2915,6.8706,29.294,77.7,8864,11400,115.9,0.0,23.2,27.2,charging,True,True,False,False,False,False,0,6958,32770,0,1024,0
2026-08-14T04:11:09.604,3282076,12946,8.0303,8.1296,4.0251,4.0177,7.2915,6.8706,29.294,77.7,8864,11400,115.9,0.0,23.2,27.2,charging,True,True,False,False,False,False,0,6958,32770,0,1024,0
2026-08-14T04:11:10.103,3283076,12947,8.0303,8.1296,3.9767,3.974,-0.0653,-0.004,-0.26,77.7,8865,11400,115.9,0.0,23.5,27.3,discharging,True,True,False,False,False,False,0,0,32770,0,1024,0
2026-08-14T04:11:10.601,3283076,12947,8.0303,8.1296,3.9767,3.974,-0.0653,-0.004,-0.26,77.7,8865,11400,115.9,0.0,23.5,27.3,discharging,True,True,False,False,False,False,0,0,32770,0,1024,0
2026-08-14T04:11:11.100,3284076,12948,8.0303,8.1296,3.9723,3.9727,-0.0675,-0.015,-0.268,77.7,8865,11400,115.9,0.0,23.5,27.1,discharging,True,True,False,False,False,False,0,0,32770,0,1024,0
2026-08-14T04:11:11.599,3284076,12948,8.0303,8.1296,3.9723,3.9727,-0.0675,-0.015,-0.268,77.7,8865,11400,115.9,0.0,23.5,27.1,discharging,True,True,False,False,False,False,0,0,32770,0,1024,0
2026-08-14T04:11:12.097,3285076,12949,8.0303,8.1296,3.9721,3.9708,-0.0656,-0.0237,-0.26,77.7,8865,11400,115.9,0.0,23.5,27.1,discharging,True,True,False,False,False,False,0,0,32770,0,1024,0
2026-08-14T04:11:12.596,3285076,12949,8.0303,8.1296,3.9721,3.9708,-0.0656,-0.0237,-0.26,77.7,8865,11400,115.9,0.0,23.5,27.1,discharging,True,True,False,False,False,False,0,0,32770,0,1024,0
2026-08-14T04:11:13.095,3286076,12950,8.0303,8.1296,3.9703,3.9714,-0.0584,0.0,-0.233,77.7,8865,11400,115.9,0.0,23.6,27.0,discharging,True,True,False,False,False,False,0,0,32770,0,1024,0
2026-08-14T04:11:13.593,3286076,12950,8.0303,8.1296,3.9703,3.9714,-0.0584,0.0,-0.233,77.7,8865,11400,115.9,0.0,23.6,27.0,discharging,True,True,False,False,False,False,0,0,32770,0,1024,0
2026-08-14T04:11:14.091,3287076,12951,8.0303,8.1296,3.9688,3.9703,-0.059,-0.0115,-0.235,77.7,8865,11400,115.9,0.0,23.6,26.9,discharging,True,True,False,False,False,False,0,0,32770,0,1024,0
2026-08-14T04:11:14.590,3287076,12951,8.0303,8.1296,3.9688,3.9703,-0.059,-0.0115,-0.235,77.7,8865,11400,115.9,0.0,23.6,26.9,discharging,True,True,False,False,False,False,0,0,32770,0,1024,0
2026-08-14T04:11:15.089,3288076,12952,8.0303,8.1296,3.9692,3.9692,-0.2084,-0.03,-0.828,77.7,8865,11400,115.9,0.0,23.6,27.0,discharging,True,True,False,False,False,False,0,0,32770,0,1024,0
2026-08-14T04:11:15.587,3288076,12952,8.0303,8.1296,3.9692,3.9692,-0.2084,-0.03,-0.828,77.7,8865,11400,115.9,0.0,23.6,27.0,discharging,True,True,False,False,False,False,0,0,32770,0,1024,0
2026-08-14T04:11:16.086,3289076,12953,8.0303,8.1296,3.9677,3.9682,-0.0728,-0.035,-0.289,77.7,8865,11400,115.9,0.0,23.6,26.9,discharging,True,True,False,False,False,False,0,0,32770,0,1024,0
2026-08-14T04:11:16.584,3289076,12953,8.0303,8.1296,3.9677,3.9682,-0.0728,-0.035,-0.289,77.7,8865,11400,115.9,0.0,23.6,26.9,discharging,True,True,False,False,False,False,0,0,32770,0,1024,0
2026-08-14T04:11:17.083,3290076,12954,8.0303,8.1296,3.9792,3.9681,-0.0628,-0.0403,-0.249,77.7,8865,11400,115.9,0.0,23.7,26.9,discharging,True,True,False,False,False,False,0,0,32770,0,1024,0
2026-08-14T04:11:17.582,3290076,12954,8.0303,8.1296,3.9792,3.9681,-0.0628,-0.0403,-0.249,77.7,8865,11400,115.9,0.0,23.7,26.9,discharging,True,True,False,False,False,False,0,0,32770,0,1024,0
2026-08-14T04:11:18.080,3291076,12955,8.0303,8.1296,3.9677,3.9692,1.9225,0.0,7.627,77.7,8865,11400,115.9,0.0,23.7,27.0,charging,True,True,False,False,False,False,0,0,32770,0,1024,0
2026-08-14T04:11:18.578,3291076,12955,8.0303,8.1296,3.9677,3.9692,1.9225,0.0,7.627,77.7,8865,11400,115.9,0.0,23.7,27.0,charging,True,True,False,False,False,False,0,0,32770,0,1024,0
2026-08-14T04:11:19.077,3292076,12956,8.0303,8.1296,3.9681,3.9801,-0.0662,0.0,-0.264,77.7,8865,11400,115.9,0.0,23.7,26.8,discharging,True,True,False,False,False,False,0,0,32770,0,1024,0
2026-08-14T04:11:19.576,3292076,12956,8.0303,8.1296,3.9681,3.9801,-0.0662,0.0,-0.264,77.7,8865,11400,115.9,0.0,23.7,26.8,discharging,True,True,False,False,False,False,0,0,32770,0,1024,0
2026-08-14T04:11:20.074,3293076,12957,8.0303,8.1296,3.9662,3.9686,-0.0625,-0.0115,-0.248,77.7,8865,11400,115.9,0.0,23.7,26.9,discharging,True,True,False,False,False,False,0,0,32770,0,1024,0
2026-08-14T04:11:20.573,3293076,12957,8.0303,8.1296,3.9662,3.9686,-0.0625,-0.0115,-0.248,77.7,8865,11400,115.9,0.0,23.7,26.9,discharging,True,True,False,False,False,False,0,0,32770,0,1024,0
2026-08-14T04:11:21.071,3294076,12958,8.0303,8.1296,3.966,3.9673,-0.0612,-0.0206,-0.243,77.7,8865,11400,115.9,0.0,23.7,26.7,discharging,True,True,False,False,False,False,0,0,32770,0,1024,0
2026-08-14T04:11:21.570,3294076,12958,8.0303,8.1296,3.966,3.9673,-0.0612,-0.0206,-0.243,77.7,8865,11400,115.9,0.0,23.7,26.7,discharging,True,True,False,False,False,False,0,0,32770,0,1024,0
2026-08-14T04:11:22.068,3295076,12959,7.9287,7.9175,3.9662,3.9673,-0.0715,-0.0265,-0.284,77.7,8865,11400,115.9,0.0,23.7,26.9,discharging,True,True,False,False,False,False,0,0,32770,0,1024,0
2026-08-14T04:11:22.567,3295076,12959,7.9287,7.9175,3.9662,3.9673,-0.0715,-0.0265,-0.284,77.7,8865,11400,115.9,0.0,23.7,26.9,discharging,True,True,False,False,False,False,0,0,32770,0,1024,0
2026-08-14T04:11:23.065,3296076,12960,7.9287,7.9175,3.966,3.9662,-0.064,-0.034,-0.254,77.7,8865,11400,115.9,0.0,23.7,26.6,discharging,True,True,False,False,False,False,0,0,32770,0,1024,0
2026-08-14T04:11:23.564,3296076,12960,7.9287,7.9175,3.966,3.9662,-0.064,-0.034,-0.254,77.7,8865,11400,115.9,0.0,23.7,26.6,discharging,True,True,False,False,False,False,0,0,32770,0,1024,0
2026-08-14T04:11:24.063,3297076,12961,7.9287,7.9175,3.9653,3.9681,-0.0681,-0.039,-0.27,77.7,8865,11400,115.9,0.0,23.8,26.9,discharging,True,True,False,False,False,False,0,0,32770,0,1024,0
2026-08-14T04:11:24.561,3297076,12961,7.9287,7.9175,3.9653,3.9681,-0.0681,-0.039,-0.27,77.7,8865,11400,115.9,0.0,23.8,26.9,discharging,True,True,False,False,False,False,0,0,32770,0,1024,0
2026-08-14T04:11:25.062,3298076,12962,7.9287,7.9175,3.9664,3.9664,-0.0709,-0.0537,-0.281,77.7,8865,11400,115.9,0.0,23.8,26.7,discharging,True,True,False,False,False,False,0,0,32770,0,1024,0
2026-08-14T04:11:25.558,3298076,12962,7.9287,7.9175,3.9664,3.9664,-0.0709,-0.0537,-0.281,77.7,8865,11400,115.9,0.0,23.8,26.7,discharging,True,True,False,False,False,False,0,0,32770,0,1024,0
2026-08-14T04:11:26.057,3299076,12963,7.9287,7.9175,3.9634,3.9662,-0.0653,-0.0559,-0.259,77.7,8865,11400,115.9,0.0,23.8,26.8,discharging,True,True,False,False,False,False,0,0,32770,0,1024,0
2026-08-14T04:11:26.556,3299076,12963,7.9287,7.9175,3.9634,3.9662,-0.0653,-0.0559,-0.259,77.7,8865,11400,115.9,0.0,23.8,26.8,discharging,True,True,False,False,False,False,0,0,32770,0,1024,0
2026-08-14T04:11:27.054,3300076,12964,7.9287,7.9175,3.9651,3.9667,-0.0784,-0.059,-0.312,77.7,8865,11400,115.9,0.0,23.8,26.6,discharging,True,True,False,False,False,False,0,0,32770,0,1024,0
2026-08-14T04:11:27.553,3300076,12964,7.9287,7.9175,3.9651,3.9667,-0.0784,-0.059,-0.312,77.7,8865,11400,115.9,0.0,23.8,26.6,discharging,True,True,False,False,False,False,0,0,32770,0,1024,0
2026-08-14T04:11:28.051,3301076,12965,7.9287,7.9175,3.966,3.966,-0.0615,-0.0668,-0.244,77.7,8865,11400,115.9,0.0,23.8,26.7,discharging,True,True,False,False,False,False,0,0,32770,0,1024,0
2026-08-14T04:11:28.550,3301076,12965,7.9287,7.9175,3.966,3.966,-0.0615,-0.0668,-0.244,77.7,8865,11400,115.9,0.0,23.8,26.7,discharging,True,True,False,False,False,False,0,0,32770,0,1024,0
2026-08-14T04:11:29.048,3302076,12966,7.9287,7.9175,3.9643,3.9662,-0.0681,-0.0665,-0.27,77.7,8865,11400,115.9,0.0,23.8,26.7,discharging,True,True,False,False,False,False,0,0,32770,0,1024,0
2026-08-14T04:11:29.547,3302076,12966,7.9287,7.9175,3.9643,3.9662,-0.0681,-0.0665,-0.27,77.7,8865,11400,115.9,0.0,23.8,26.7,discharging,True,True,False,False,False,False,0,0,32770,0,1024,0
2026-08-14T04:11:30.046,3303076,12967,7.9287,7.9175,3.9647,3.9657,-0.0725,-0.0671,-0.288,77.7,8865,11400,115.9,0.0,23.8,26.5,discharging,True,True,False,False,False,False,0,0,32770,0,1024,0
2026-08-14T04:11:30.544,3303076,12967,7.9287,7.9175,3.9647,3.9657,-0.0725,-0.0671,-0.288,77.7,8865,11400,115.9,0.0,23.8,26.5,discharging,True,True,False,False,False,False,0,0,32770,0,1024,0
2026-08-14T04:11:31.043,3304076,12968,7.9287,7.9175,3.9651,3.9658,-0.0643,-0.0668,-0.256,77.7,8865,11400,115.9,0.0,23.8,26.5,discharging,True,True,False,False,False,False,0,0,32770,0,1024,0
2026-08-14T04:11:31.541,3304076,12968,7.9287,7.9175,3.9651,3.9658,-0.0643,-0.0668,-0.256,77.7,8865,11400,115.9,0.0,23.8,26.5,discharging,True,True,False,False,False,False,0,0,32770,0,1024,0
2026-08-14T04:11:32.040,3305076,12969,7.9287,7.9175,3.9638,3.9647,-0.0646,-0.0668,-0.257,77.7,8865,11400,115.9,0.0,23.8,26.7,discharging,True,True,False,False,False,False,0,0,32770,0,1024,0
2026-08-14T04:11:32.539,3305076,12969,7.9287,7.9175,3.9638,3.9647,-0.0646,-0.0668,-0.257,77.7,8865,11400,115.9,0.0,23.8,26.7,discharging,True,True,False,False,False,False,0,0,32770,0,1024,0
2026-08-14T04:11:33.037,3306076,12970,7.9287,7.9175,3.9642,3.9664,-0.0728,-0.0668,-0.289,77.7,8865,11400,115.9,0.0,23.8,26.5,discharging,True,True,False,False,False,False,0,0,32770,0,1024,0
2026-08-14T04:11:33.536,3306076,12970,7.9287,7.9175,3.9642,3.9664,-0.0728,-0.0668,-0.289,77.7,8865,11400,115.9,0.0,23.8,26.5,discharging,True,True,False,False,False,False,0,0,32770,0,1024,0
2026-08-14T04:11:34.035,3307076,12971,7.9287,7.9175,3.9649,3.966,-0.0703,-0.0671,-0.28,77.7,8865,11400,115.9,0.0,23.8,26.4,discharging,True,True,False,False,False,False,0,0,32770,0,1024,0
2026-08-14T04:11:34.533,3307076,12971,7.9287,7.9175,3.9649,3.966,-0.0703,-0.0671,-0.28,77.7,8865,11400,115.9,0.0,23.8,26.4,discharging,True,True,False,False,False,False,0,0,32770,0,1024,0
2026-08-14T04:11:35.032,3308076,12972,7.9287,7.9175,3.9627,3.9664,-0.0603,-0.0675,-0.24,77.7,8865,11400,115.9,0.0,23.8,26.4,discharging,True,True,False,False,False,False,0,0,32770,0,1024,0
2026-08-14T04:11:35.530,3308076,12972,7.9287,7.9175,3.9627,3.9664,-0.0603,-0.0675,-0.24,77.7,8865,11400,115.9,0.0,23.8,26.4,discharging,True,True,False,False,False,False,0,0,32770,0,1024,0
2026-08-14T04:11:36.029,3309076,12973,7.9287,7.9175,3.964,3.9658,-0.0734,-0.0675,-0.291,77.7,8865,11400,115.9,0.0,23.8,26.5,discharging,True,True,False,False,False,False,0,0,32770,0,1024,0
2026-08-14T04:11:36.528,3309076,12973,7.9287,7.9175,3.964,3.9658,-0.0734,-0.0675,-0.291,77.7,8865,11400,115.9,0.0,23.8,26.5,discharging,True,True,False,False,False,False,0,0,32770,0,1024,0
2026-08-14T04:11:37.026,3310076,12974,7.9287,7.9175,3.964,3.9657,-0.0643,-0.0718,-0.256,77.7,8865,11400,115.9,0.0,23.8,27.4,discharging,True,True,False,False,False,False,0,0,32770,0,1024,0
2026-08-14T04:11:37.525,3310076,12974,7.9287,7.9175,3.964,3.9657,-0.0643,-0.0718,-0.256,77.7,8865,11400,115.9,0.0,23.8,27.4,discharging,True,True,False,False,False,False,0,0,32770,0,1024,0
2026-08-14T04:11:38.023,3311076,12975,7.9287,7.9175,3.9638,3.9651,2.7162,0.0,10.766,77.7,8865,11400,115.9,0.0,23.9,26.8,charging,True,True,False,False,False,False,0,0,32770,0,1024,0
2026-08-14T04:11:38.522,3311076,12975,7.9287,7.9175,3.9638,3.9651,2.7162,0.0,10.766,77.7,8865,11400,115.9,0.0,23.9,26.8,charging,True,True,False,False,False,False,0,0,32770,0,1024,0
2026-08-14T04:11:39.021,3312076,12976,7.9287,7.9175,3.9631,3.9651,-0.0703,-0.0084,-0.28,77.7,8865,11400,115.9,0.0,23.9,26.7,discharging,True,True,False,False,False,False,0,0,32770,0,1024,0
2026-08-14T04:11:39.519,3312076,12976,7.9287,7.9175,3.9631,3.9651,-0.0703,-0.0084,-0.28,77.7,8865,11400,115.9,0.0,23.9,26.7,discharging,True,True,False,False,False,False,0,0,32770,0,1024,0
2026-08-14T04:11:40.018,3313076,12977,7.9287,7.9175,3.9632,3.9658,-0.0712,-0.0181,-0.283,77.7,8865,11400,115.9,0.0,23.9,26.7,discharging,True,True,False,False,False,False,0,0,32770,0,1024,0
2026-08-14T04:11:40.517,3313076,12977,7.9287,7.9175,3.9632,3.9658,-0.0712,-0.0181,-0.283,77.7,8865,11400,115.9,0.0,23.9,26.7,discharging,True,True,False,False,False,False,0,0,32770,0,1024,0
2026-08-14T04:11:41.015,3314076,12978,7.9287,7.9175,3.9616,3.9653,-0.0715,-0.0259,-0.284,77.7,8865,11400,115.9,0.0,23.9,26.5,discharging,True,True,False,False,False,False,0,0,32770,0,1024,0
2026-08-14T04:11:41.514,3314076,12978,7.9287,7.9175,3.9616,3.9653,-0.0715,-0.0259,-0.284,77.7,8865,11400,115.9,0.0,23.9,26.5,discharging,True,True,False,False,False,False,0,0,32770,0,1024,0
2026-08-14T04:11:42.013,3315076,12979,7.9287,7.9175,3.9638,3.9649,-0.0565,-0.0306,-0.225,77.7,8865,11400,115.9,0.0,23.9,26.5,discharging,True,True,False,False,False,False,0,0,32770,0,1024,0
2026-08-14T04:11:42.511,3315076,12979,7.9287,7.9175,3.9638,3.9649,-0.0565,-0.0306,-0.225,77.7,8865,11400,115.9,0.0,23.9,26.5,discharging,True,True,False,False,False,False,0,0,32770,0,1024,0
2026-08-14T04:11:43.010,3316076,12980,7.9287,7.9175,3.9716,3.9647,-0.0668,-0.0362,-0.265,77.7,8865,11400,115.9,0.0,23.9,26.4,discharging,True,True,False,False,False,False,0,0,32770,0,1024,0
2026-08-14T04:11:43.508,3316076,12980,7.9287,7.9175,3.9716,3.9647,-0.0668,-0.0362,-0.265,77.7,8865,11400,115.9,0.0,23.9,26.4,discharging,True,True,False,False,False,False,0,0,32770,0,1024,0
2026-08-14T04:11:44.007,3317076,12981,7.9287,7.9212,3.9632,3.9643,-0.0681,-0.0406,-0.27,77.7,8865,11400,115.9,0.0,23.9,26.4,discharging,True,True,False,False,False,False,0,0,32770,0,1024,0
2026-08-14T04:11:44.506,3317076,12981,7.9287,7.9212,3.9632,3.9643,-0.0681,-0.0406,-0.27,77.7,8865,11400,115.9,0.0,23.9,26.4,discharging,True,True,False,False,False,False,0,0,32770,0,1024,0
2026-08-14T04:11:45.004,3318076,12982,7.9293,7.9212,3.964,3.9647,-0.0634,-0.0443,-0.252,77.7,8865,11400,115.9,0.0,23.9,26.4,discharging,True,True,False,False,False,False,0,0,32770,0,1024,0
2026-08-14T04:11:45.503,3318076,12982,7.9293,7.9212,3.964,3.9647,-0.0634,-0.0443,-0.252,77.7,8865,11400,115.9,0.0,23.9,26.4,discharging,True,True,False,False,False,False,0,0,32770,0,1024,0
2026-08-14T04:11:46.001,3319076,12983,7.9293,7.9212,3.9634,3.9614,-0.069,-0.0481,-0.273,77.7,8865,11400,115.9,0.0,23.9,26.5,discharging,True,True,False,False,False,False,0,0,32770,0,1024,0
2026-08-14T04:11:46.500,3319076,12983,7.9293,7.9212,3.9634,3.9614,-0.069,-0.0481,-0.273,77.7,8865,11400,115.9,0.0,23.9,26.5,discharging,True,True,False,False,False,False,0,0,32770,0,1024,0
2026-08-14T04:11:46.999,3320076,12984,7.9293,7.9212,3.9634,3.9651,-0.0646,-0.0509,-0.257,77.7,8865,11400,115.9,0.0,23.9,26.4,discharging,True,True,False,False,False,False,0,0,32770,0,1024,0
2026-08-14T04:11:47.497,3320076,12984,7.9293,7.9212,3.9634,3.9651,-0.0646,-0.0509,-0.257,77.7,8865,11400,115.9,0.0,23.9,26.4,discharging,True,True,False,False,False,False,0,0,32770,0,1024,0
2026-08-14T04:11:47.996,3321076,12985,7.9293,7.9212,3.9623,3.9657,-0.0737,-0.0637,-0.292,77.7,8865,11400,115.9,0.0,23.9,26.2,discharging,True,True,False,False,False,False,0,0,32770,0,1024,0
2026-08-14T04:11:48.495,3321076,12985,7.9293,7.9212,3.9623,3.9657,-0.0737,-0.0637,-0.292,77.7,8865,11400,115.9,0.0,23.9,26.2,discharging,True,True,False,False,False,False,0,0,32770,0,1024,0
2026-08-14T04:11:48.994,3322076,12986,7.9293,7.9212,3.9631,3.9649,-0.0612,-0.064,-0.243,77.7,8865,11400,115.9,0.0,23.8,26.1,discharging,True,True,False,False,False,False,0,0,32770,0,1024,0
2026-08-14T04:11:49.493,3322076,12986,7.9293,7.9212,3.9631,3.9649,-0.0612,-0.064,-0.243,77.7,8865,11400,115.9,0.0,23.8,26.1,discharging,True,True,False,False,False,False,0,0,32770,0,1024,0
2026-08-14T04:11:49.991,3323076,12987,7.9293,7.9212,3.9619,3.964,-0.0703,-0.0646,-0.28,77.7,8865,11400,115.9,0.0,23.8,26.2,discharging,True,True,False,False,False,False,0,0,32770,0,1024,0
2026-08-14T04:11:50.489,3323076,12987,7.9293,7.9212,3.9619,3.964,-0.0703,-0.0646,-0.28,77.7,8865,11400,115.9,0.0,23.8,26.2,discharging,True,True,False,False,False,False,0,0,32770,0,1024,0
2026-08-14T04:11:50.988,3324076,12988,7.9293,7.9212,3.9623,3.9647,-0.0653,-0.0634,-0.259,77.7,8865,11400,115.9,0.0,23.8,26.2,discharging,True,True,False,False,False,False,0,0,32770,0,1024,0
2026-08-14T04:11:51.487,3324076,12988,7.9293,7.9212,3.9623,3.9647,-0.0653,-0.0634,-0.259,77.7,8865,11400,115.9,0.0,23.8,26.2,discharging,True,True,False,False,False,False,0,0,32770,0,1024,0
2026-08-14T04:11:51.985,3325076,12989,7.9293,7.9212,3.9638,3.9647,-0.0646,-0.064,-0.257,77.7,8865,11400,115.9,0.0,23.9,26.3,discharging,True,True,False,False,False,False,0,0,32770,0,1024,0
2026-08-14T04:11:52.484,3325076,12989,7.9293,7.9212,3.9638,3.9647,-0.0646,-0.064,-0.257,77.7,8865,11400,115.9,0.0,23.9,26.3,discharging,True,True,False,False,False,False,0,0,32770,0,1024,0
2026-08-14T04:11:52.983,3326076,12990,7.9293,7.9212,3.9634,3.9642,-0.0681,-0.0643,-0.27,77.7,8865,11400,115.9,0.0,23.9,26.1,discharging,True,True,False,False,False,False,0,0,32770,0,1024,0
2026-08-14T04:11:53.481,3326076,12990,7.9293,7.9212,3.9634,3.9642,-0.0681,-0.0643,-0.27,77.7,8865,11400,115.9,0.0,23.9,26.1,discharging,True,True,False,False,False,False,0,0,32770,0,1024,0
2026-08-14T04:11:53.980,3327076,12991,7.9293,7.9212,3.9616,3.9647,-0.0665,-0.0643,-0.264,77.7,8865,11400,115.9,0.0,23.8,26.1,discharging,True,True,False,False,False,False,0,0,32770,0,1024,0
2026-08-14T04:11:54.479,3327076,12991,7.9293,7.9212,3.9616,3.9647,-0.0665,-0.0643,-0.264,77.7,8865,11400,115.9,0.0,23.8,26.1,discharging,True,True,False,False,False,False,0,0,32770,0,1024,0
2026-08-14T04:11:54.978,3328076,12992,7.9293,7.9212,3.9625,3.9649,-0.0643,-0.0653,-0.256,77.7,8865,11400,115.9,0.0,23.8,26.2,discharging,True,True,False,False,False,False,0,0,32770,0,1024,0
2026-08-14T04:11:55.476,3328076,12992,7.9293,7.9212,3.9625,3.9649,-0.0643,-0.0653,-0.256,77.7,8865,11400,115.9,0.0,23.8,26.2,discharging,True,True,False,False,False,False,0,0,32770,0,1024,0
2026-08-14T04:11:55.974,3329076,12993,7.9293,7.9212,3.9628,3.9651,-0.0681,0.0,-0.27,77.7,8865,11400,115.9,0.0,23.8,25.9,discharging,True,True,False,False,False,False,0,0,32770,0,1024,0
2026-08-14T04:11:56.473,3329076,12993,7.9293,7.9212,3.9628,3.9651,-0.0681,0.0,-0.27,77.7,8865,11400,115.9,0.0,23.8,25.9,discharging,True,True,False,False,False,False,0,0,32770,0,1024,0
2026-08-14T04:11:56.971,3330076,12994,7.9293,7.9212,3.9627,3.9651,-0.0721,-0.025,-0.286,77.7,8865,11400,115.9,0.0,23.8,26.2,discharging,True,True,False,False,False,False,0,0,32770,0,1024,0
2026-08-14T04:11:57.470,3330076,12994,7.9293,7.9212,3.9627,3.9651,-0.0721,-0.025,-0.286,77.7,8865,11400,115.9,0.0,23.8,26.2,discharging,True,True,False,False,False,False,0,0,32770,0,1024,0
2026-08-14T04:11:57.970,3331076,12995,7.9293,7.9212,3.9616,3.9647,-0.069,-0.0325,-0.273,77.7,8865,11400,115.9,0.0,23.8,26.0,discharging,True,True,False,False,False,False,0,0,32770,0,1024,0
2026-08-14T04:11:58.467,3331076,12995,7.9293,7.9212,3.9616,3.9647,-0.069,-0.0325,-0.273,77.7,8865,11400,115.9,0.0,23.8,26.0,discharging,True,True,False,False,False,False,0,0,32770,0,1024,0
2026-08-14T04:11:58.966,3332076,12996,7.9293,7.9212,3.9631,3.9636,-0.0675,-0.0384,-0.268,77.7,8865,11400,115.9,0.0,23.8,26.0,discharging,True,True,False,False,False,False,0,0,32770,0,1024,0
2026-08-14T04:11:59.464,3332076,12996,7.9293,7.9212,3.9631,3.9636,-0.0675,-0.0384,-0.268,77.7,8865,11400,115.9,0.0,23.8,26.0,discharging,True,True,False,False,False,False,0,0,32770,0,1024,0
2026-08-14T04:11:59.963,3333076,12997,7.9293,7.9212,3.9625,3.9657,-0.0684,-0.0437,-0.272,77.7,8865,11400,115.9,0.0,23.8,26.0,discharging,True,True,False,False,False,False,0,0,32770,0,1024,0
2026-08-14T04:12:00.462,3333076,12997,7.9293,7.9212,3.9625,3.9657,-0.0684,-0.0437,-0.272,77.7,8865,11400,115.9,0.0,23.8,26.0,discharging,True,True,False,False,False,False,0,0,32770,0,1024,0
2026-08-14T04:12:00.960,3334076,12998,7.9293,7.9212,3.9631,3.9628,-0.0643,-0.0481,-0.256,77.7,8865,11400,115.9,0.0,23.8,26.0,discharging,True,True,False,False,False,False,0,0,32770,0,1024,0
2026-08-14T04:12:01.459,3334076,12998,7.9293,7.9212,3.9631,3.9628,-0.0643,-0.0481,-0.256,77.7,8865,11400,115.9,0.0,23.8,26.0,discharging,True,True,False,False,False,False,0,0,32770,0,1024,0
2026-08-14T04:12:01.957,3335076,12999,7.9293,7.9212,3.9621,3.9647,-0.0568,-0.05,-0.225,77.7,8864,11400,115.9,0.0,23.8,25.9,discharging,True,True,False,False,False,False,0,0,32770,0,1024,0
2026-08-14T04:12:02.456,3335076,12999,7.9293,7.9212,3.9621,3.9647,-0.0568,-0.05,-0.225,77.7,8864,11400,115.9,0.0,23.8,25.9,discharging,True,True,False,False,False,False,0,0,32770,0,1024,0
2026-08-14T04:12:02.954,3336076,13000,7.9293,7.9212,3.9617,3.9755,-0.0734,-0.0525,-0.291,77.7,8864,11400,115.9,0.0,23.8,26.0,discharging,True,True,False,False,False,False,0,0,32770,0,1024,0
2026-08-14T04:12:03.453,3336076,13000,7.9293,7.9212,3.9617,3.9755,-0.0734,-0.0525,-0.291,77.7,8864,11400,115.9,0.0,23.8,26.0,discharging,True,True,False,False,False,False,0,0,32770,0,1024,0
2026-08-14T04:12:03.951,3337076,13001,7.9293,7.9212,3.961,3.9632,-0.0728,0.0,-0.289,77.7,8864,11400,115.9,0.0,23.8,25.8,discharging,True,True,False,False,False,False,0,0,32770,0,1024,0
2026-08-14T04:12:04.450,3337076,13001,7.9293,7.9212,3.961,3.9632,-0.0728,0.0,-0.289,77.7,8864,11400,115.9,0.0,23.8,25.8,discharging,True,True,False,False,False,False,0,0,32770,0,1024,0
2026-08-14T04:12:04.949,3338076,13002,7.9293,7.9212,3.9625,3.9646,-0.069,-0.0125,-0.275,77.7,8864,11400,115.9,0.0,23.8,25.9,discharging,True,True,False,False,False,False,0,0,32770,0,1024,0
2026-08-14T04:12:05.447,3338076,13002,7.9293,7.9212,3.9625,3.9646,-0.069,-0.0125,-0.275,77.7,8864,11400,115.9,0.0,23.8,25.9,discharging,True,True,False,False,False,False,0,0,32770,0,1024,0
2026-08-14T04:12:05.946,3339076,13003,7.9293,7.9212,3.9628,3.9632,-0.0687,-0.0218,-0.273,77.7,8864,11400,115.9,0.0,23.8,25.8,discharging,True,True,False,False,False,False,0,0,32770,0,1024,0
2026-08-14T04:12:06.445,3339076,13003,7.9293,7.9212,3.9628,3.9632,-0.0687,-0.0218,-0.273,77.7,8864,11400,115.9,0.0,23.8,25.8,discharging,True,True,False,False,False,False,0,0,32770,0,1024,0
2026-08-14T04:12:06.944,3340076,13004,7.9309,7.91,3.9636,3.9632,-0.0768,-0.0303,-0.305,77.7,8864,11400,115.9,0.0,23.8,25.9,discharging,True,True,False,False,False,False,0,0,32770,0,1024,0
2026-08-14T04:12:07.442,3340076,13004,7.9309,7.91,3.9636,3.9632,-0.0768,-0.0303,-0.305,77.7,8864,11400,115.9,0.0,23.8,25.9,discharging,True,True,False,False,False,False,0,0,32770,0,1024,0
2026-08-14T04:12:07.941,3341076,13005,7.9309,7.91,3.9627,3.9647,-0.059,-0.0356,-0.235,77.7,8864,11400,115.9,0.0,23.8,25.7,discharging,True,True,False,False,False,False,0,0,32770,0,1024,0
2026-08-14T04:12:08.439,3341076,13005,7.9309,7.91,3.9627,3.9647,-0.059,-0.0356,-0.235,77.7,8864,11400,115.9,0.0,23.8,25.7,discharging,True,True,False,False,False,False,0,0,32770,0,1024,0
2026-08-14T04:12:08.938,3342076,13006,7.9309,7.91,3.9631,3.964,-0.0631,-0.0393,-0.251,77.7,8864,11400,115.9,0.0,23.7,25.7,discharging,True,True,False,False,False,False,0,0,32770,0,1024,0
2026-08-14T04:12:09.436,3342076,13006,7.9309,7.91,3.9631,3.964,-0.0631,-0.0393,-0.251,77.7,8864,11400,115.9,0.0,23.7,25.7,discharging,True,True,False,False,False,False,0,0,32770,0,1024,0
2026-08-14T04:12:09.935,3343076,13007,7.9309,7.91,3.9627,3.964,-0.069,-0.0437,-0.275,77.7,8864,11400,115.9,0.0,23.7,25.9,discharging,True,True,False,False,False,False,0,0,32770,0,1024,0
2026-08-14T04:12:10.434,3343076,13007,7.9309,7.91,3.9627,3.964,-0.069,-0.0437,-0.275,77.7,8864,11400,115.9,0.0,23.7,25.9,discharging,True,True,False,False,False,False,0,0,32770,0,1024,0
2026-08-14T04:12:10.932,3344076,13008,7.9309,7.91,3.961,3.964,-0.069,0.0,-0.273,77.7,8864,11400,115.9,0.0,23.7,25.8,discharging,True,True,False,False,False,False,0,0,32770,0,1024,0
2026-08-14T04:12:11.431,3344076,13008,7.9309,7.91,3.961,3.964,-0.069,0.0,-0.273,77.7,8864,11400,115.9,0.0,23.7,25.8,discharging,True,True,False,False,False,False,0,0,32770,0,1024,0
2026-08-14T04:12:11.929,3345076,13009,7.9309,7.91,3.9643,3.9757,-0.0696,-0.0121,-0.276,77.7,8864,11400,115.9,0.0,23.7,25.7,discharging,True,True,False,False,False,False,0,0,32770,0,1024,0
2026-08-14T04:12:12.428,3345076,13009,7.9309,7.91,3.9643,3.9757,-0.0696,-0.0121,-0.276,77.7,8864,11400,115.9,0.0,23.7,25.7,discharging,True,True,False,False,False,False,0,0,32770,0,1024,0
2026-08-14T04:12:12.927,3346076,13010,7.9309,7.91,3.9614,3.9638,-0.0687,-0.0218,-0.273,77.7,8864,11400,115.9,0.0,23.7,25.9,discharging,True,True,False,False,False,False,0,0,32770,0,1024,0
2026-08-14T04:12:13.426,3346076,13010,7.9309,7.91,3.9614,3.9638,-0.0687,-0.0218,-0.273,77.7,8864,11400,115.9,0.0,23.7,25.9,discharging,True,True,False,False,False,False,0,0,32770,0,1024,0
2026-08-14T04:12:13.924,3347076,13011,7.9309,7.91,3.9621,3.9646,-0.0621,-0.0293,-0.246,77.7,8864,11400,115.9,0.0,23.7,25.7,discharging,True,True,False,False,False,False,0,0,32770,0,1024,0
2026-08-14T04:12:14.423,3347076,13011,7.9309,7.91,3.9621,3.9646,-0.0621,-0.0293,-0.246,77.7,8864,11400,115.9,0.0,23.7,25.7,discharging,True,True,False,False,False,False,0,0,32770,0,1024,0
2026-08-14T04:12:14.921,3348076,13012,7.9309,7.91,3.9631,3.9638,-0.065,-0.0328,-0.259,77.7,8864,11400,115.9,0.0,23.7,25.7,discharging,True,True,False,False,False,False,0,0,32770,0,1024,0
2026-08-14T04:12:15.420,3348076,13012,7.9309,7.91,3.9631,3.9638,-0.065,-0.0328,-0.259,77.7,8864,11400,115.9,0.0,23.7,25.7,discharging,True,True,False,False,False,False,0,0,32770,0,1024,0
2026-08-14T04:12:15.918,3349076,13013,7.9309,7.91,3.9638,3.964,-0.0631,-0.0381,-0.251,77.7,8864,11400,115.9,0.0,23.7,25.7,discharging,True,True,False,False,False,False,0,0,32770,0,1024,0
2026-08-14T04:12:16.417,3349076,13013,7.9309,7.91,3.9638,3.964,-0.0631,-0.0381,-0.251,77.7,8864,11400,115.9,0.0,23.7,25.7,discharging,True,True,False,False,False,False,0,0,32770,0,1024,0
2026-08-14T04:12:16.917,3350076,13014,7.9309,7.91,3.9623,3.9634,-0.0681,-0.0425,-0.27,77.7,8864,11400,115.9,0.0,23.7,25.6,discharging,True,True,False,False,False,False,0,0,32770,0,1024,0
2026-08-14T04:12:17.414,3350076,13014,7.9309,7.91,3.9623,3.9634,-0.0681,-0.0425,-0.27,77.7,8864,11400,115.9,0.0,23.7,25.6,discharging,True,True,False,False,False,False,0,0,32770,0,1024,0
2026-08-14T04:12:17.913,3351076,13015,7.9309,7.91,3.9632,3.9632,-0.0609,-0.0459,-0.241,77.7,8864,11400,115.9,0.0,23.7,25.7,discharging,True,True,False,False,False,False,0,0,32770,0,1024,0
2026-08-14T04:12:18.412,3351076,13015,7.9309,7.91,3.9632,3.9632,-0.0609,-0.0459,-0.241,77.7,8864,11400,115.9,0.0,23.7,25.7,discharging,True,True,False,False,False,False,0,0,32770,0,1024,0
2026-08-14T04:12:18.910,3352076,13016,7.9309,7.91,3.9625,3.9657,-0.0703,-0.0043,-0.28,77.7,8864,11400,115.9,0.0,23.7,25.7,discharging,True,True,False,False,False,False,0,0,32770,0,1024,0
2026-08-14T04:12:19.409,3352076,13016,7.9309,7.91,3.9625,3.9657,-0.0703,-0.0043,-0.28,77.7,8864,11400,115.9,0.0,23.7,25.7,discharging,True,True,False,False,False,False,0,0,32770,0,1024,0
2026-08-14T04:12:19.907,3353076,13017,7.9309,7.91,3.9628,3.9636,-0.0734,-0.0046,-0.291,77.7,8865,11400,115.9,0.0,23.7,25.7,discharging,True,True,False,False,False,False,0,0,32770,0,1024,0
2026-08-14T04:12:20.406,3353076,13017,7.9309,7.91,3.9628,3.9636,-0.0734,-0.0046,-0.291,77.7,8865,11400,115.9,0.0,23.7,25.7,discharging,True,True,False,False,False,False,0,0,32770,0,1024,0
2026-08-14T04:12:20.904,3354076,13018,7.9309,7.91,3.9625,3.9651,-0.0593,-0.0153,-0.236,77.7,8865,11400,115.9,0.0,23.7,25.6,discharging,True,True,False,False,False,False,0,0,32770,0,1024,0
2026-08-14T04:12:21.403,3354076,13018,7.9309,7.91,3.9625,3.9651,-0.0593,-0.0153,-0.236,77.7,8865,11400,115.9,0.0,23.7,25.6,discharging,True,True,False,False,False,False,0,0,32770,0,1024,0
2026-08-14T04:12:21.901,3355076,13019,7.9309,7.91,3.9628,3.9643,2.714,-0.0215,10.755,77.7,8865,11400,115.9,0.0,23.7,25.7,charging,True,True,False,False,False,False,0,0,32770,0,1024,0
2026-08-14T04:12:22.400,3355076,13019,7.9309,7.91,3.9628,3.9643,2.714,-0.0215,10.755,77.7,8865,11400,115.9,0.0,23.7,25.7,charging,True,True,False,False,False,False,0,0,32770,0,1024,0
2026-08-14T04:12:22.899,3356076,13020,7.9309,7.91,3.9632,3.9638,-0.0612,-0.0037,-0.243,77.7,8865,11400,115.9,0.0,23.7,25.6,discharging,True,True,False,False,False,False,0,0,32770,0,1024,0
2026-08-14T04:12:23.397,3356076,13020,7.9309,7.91,3.9632,3.9638,-0.0612,-0.0037,-0.243,77.7,8865,11400,115.9,0.0,23.7,25.6,discharging,True,True,False,False,False,False,0,0,32770,0,1024,0
2026-08-14T04:12:23.896,3357076,13021,7.9309,7.91,3.9625,3.9655,-0.0696,-0.0043,-0.276,77.7,8865,11400,115.9,0.0,23.7,25.5,discharging,True,True,False,False,False,False,0,0,32770,0,1024,0
2026-08-14T04:12:24.395,3357076,13021,7.9309,7.91,3.9625,3.9655,-0.0696,-0.0043,-0.276,77.7,8865,11400,115.9,0.0,23.7,25.5,discharging,True,True,False,False,False,False,0,0,32770,0,1024,0
2026-08-14T04:12:24.894,3358076,13022,7.9309,7.91,3.9627,3.9655,-0.0662,-0.0168,-0.264,77.7,8865,11400,115.9,0.0,23.7,25.5,discharging,True,True,False,False,False,False,0,0,32770,0,1024,0
2026-08-14T04:12:25.393,3358076,13022,7.9309,7.91,3.9627,3.9655,-0.0662,-0.0168,-0.264,77.7,8865,11400,115.9,0.0,23.7,25.5,discharging,True,True,False,False,False,False,0,0,32770,0,1024,0
2026-08-14T04:12:25.891,3359076,13023,7.9309,7.91,3.964,3.9649,-0.0631,-0.0256,-0.251,77.7,8865,11400,115.9,0.0,23.7,25.6,discharging,True,True,False,False,False,False,0,0,32770,0,1024,0
2026-08-14T04:12:26.389,3359076,13023,7.9309,7.91,3.964,3.9649,-0.0631,-0.0256,-0.251,77.7,8865,11400,115.9,0.0,23.7,25.6,discharging,True,True,False,False,False,False,0,0,32770,0,1024,0
2026-08-14T04:12:26.888,3360076,13024,7.9309,7.91,3.9617,3.9634,-0.0712,-0.0325,-0.283,77.7,8865,11400,115.9,0.0,23.6,25.6,discharging,True,True,False,False,False,False,0,0,32770,0,1024,0
2026-08-14T04:12:27.386,3360076,13024,7.9309,7.91,3.9617,3.9634,-0.0712,-0.0325,-0.283,77.7,8865,11400,115.9,0.0,23.6,25.6,discharging,True,True,False,False,False,False,0,0,32770,0,1024,0
2026-08-14T04:12:27.885,3361076,13025,7.9309,7.91,3.9634,3.9638,-0.0675,-0.0384,-0.268,77.7,8865,11400,115.9,0.0,23.6,25.6,discharging,True,True,False,False,False,False,0,0,32770,0,1024,0
2026-08-14T04:12:28.383,3361076,13025,7.9309,7.91,3.9634,3.9638,-0.0675,-0.0384,-0.268,77.7,8865,11400,115.9,0.0,23.6,25.6,discharging,True,True,False,False,False,False,0,0,32770,0,1024,0
2026-08-14T04:12:28.882,3362076,13026,7.924,7.9153,3.9634,3.9649,-0.0606,-0.0418,-0.241,77.7,8865,11400,115.9,0.0,23.6,25.5,discharging,True,True,False,False,False,False,0,0,32770,0,1024,0
2026-08-14T04:12:29.380,3362076,13026,7.924,7.9153,3.9634,3.9649,-0.0606,-0.0418,-0.241,77.7,8865,11400,115.9,0.0,23.6,25.5,discharging,True,True,False,False,False,False,0,0,32770,0,1024,0
2026-08-14T04:12:29.880,3363076,13027,7.924,7.9153,3.9628,3.9647,-0.0706,-0.0462,-0.28,77.7,8865,11400,115.9,0.0,23.5,25.5,discharging,True,True,False,False,False,False,0,0,32770,0,1024,0
2026-08-14T04:12:30.377,3363076,13027,7.924,7.9153,3.9628,3.9647,-0.0706,-0.0462,-0.28,77.7,8865,11400,115.9,0.0,23.5,25.5,discharging,True,True,False,False,False,False,0,0,32770,0,1024,0
2026-08-14T04:12:30.876,3364076,13028,7.924,7.9153,3.9632,3.9643,-0.0575,-0.0493,-0.228,77.7,8865,11400,115.9,0.0,23.5,25.5,discharging,True,True,False,False,False,False,0,0,32770,0,1024,0
2026-08-14T04:12:31.374,3364076,13028,7.924,7.9153,3.9632,3.9643,-0.0575,-0.0493,-0.228,77.7,8865,11400,115.9,0.0,23.5,25.5,discharging,True,True,False,False,False,False,0,0,32770,0,1024,0
2026-08-14T04:12:31.873,3365076,13029,7.924,7.9153,3.9617,3.9638,-0.0643,-0.0525,-0.256,77.7,8865,11400,115.9,0.0,23.6,25.5,discharging,True,True,False,False,False,False,0,0,32770,0,1024,0
2026-08-14T04:12:32.371,3365076,13029,7.924,7.9153,3.9617,3.9638,-0.0643,-0.0525,-0.256,77.7,8865,11400,115.9,0.0,23.6,25.5,discharging,True,True,False,False,False,False,0,0,32770,0,1024,0
2026-08-14T04:12:32.870,3366076,13030,7.924,7.9153,3.9632,3.9634,-0.0696,-0.0553,-0.276,77.7,8865,11400,115.9,0.0,23.6,25.5,discharging,True,True,False,False,False,False,0,0,32770,0,1024,0
2026-08-14T04:12:33.368,3366076,13030,7.924,7.9153,3.9632,3.9634,-0.0696,-0.0553,-0.276,77.7,8865,11400,115.9,0.0,23.6,25.5,discharging,True,True,False,False,False,False,0,0,32770,0,1024,0
2026-08-14T04:12:33.867,3367076,13031,7.924,7.9153,3.9627,3.9646,-0.0665,-0.0575,-0.264,77.7,8865,11400,115.9,0.0,23.6,25.4,discharging,True,True,False,False,False,False,0,0,32770,0,1024,0
2026-08-14T04:12:34.365,3367076,13031,7.924,7.9153,3.9627,3.9646,-0.0665,-0.0575,-0.264,77.7,8865,11400,115.9,0.0,23.6,25.4,discharging,True,True,False,False,False,False,0,0,32770,0,1024,0
2026-08-14T04:12:34.864,3368076,13032,7.924,7.9153,3.9608,3.9627,-0.0725,-0.059,-0.288,77.7,8864,11400,115.9,0.0,23.6,25.3,discharging,True,True,False,False,False,False,0,0,32770,0,1024,0
2026-08-14T04:12:35.363,3368076,13032,7.924,7.9153,3.9608,3.9627,-0.0725,-0.059,-0.288,77.7,8864,11400,115.9,0.0,23.6,25.3,discharging,True,True,False,False,False,False,0,0,32770,0,1024,0
2026-08-14T04:12:35.861,3369076,13033,7.924,7.9153,3.9623,3.9647,-0.0809,-0.0596,-0.321,77.7,8864,11400,115.9,0.0,23.6,25.5,discharging,True,True,False,False,False,False,0,0,32770,0,1024,0
2026-08-14T04:12:36.360,3369076,13033,7.924,7.9153,3.9623,3.9647,-0.0809,-0.0596,-0.321,77.7,8864,11400,115.9,0.0,23.6,25.5,discharging,True,True,False,False,False,False,0,0,32770,0,1024,0
2026-08-14T04:12:36.858,3370076,13034,7.924,7.9153,3.9627,3.9634,-0.0728,-0.0621,-0.289,77.7,8864,11400,115.9,0.0,23.6,25.4,discharging,True,True,False,False,False,False,0,0,32770,0,1024,0
2026-08-14T04:12:37.357,3370076,13034,7.924,7.9153,3.9627,3.9634,-0.0728,-0.0621,-0.289,77.7,8864,11400,115.9,0.0,23.6,25.4,discharging,True,True,False,False,False,False,0,0,32770,0,1024,0
2026-08-14T04:12:37.855,3371076,13035,7.924,7.9153,3.9617,3.9643,-0.0675,-0.0637,-0.268,77.7,8864,11400,115.9,0.0,23.6,25.3,discharging,True,True,False,False,False,False,0,0,32770,0,1024,0
2026-08-14T04:12:38.353,3371076,13035,7.924,7.9153,3.9617,3.9643,-0.0675,-0.0637,-0.268,77.7,8864,11400,115.9,0.0,23.6,25.3,discharging,True,True,False,False,False,False,0,0,32770,0,1024,0
2026-08-14T04:12:38.852,3372076,13036,7.924,7.9153,3.9632,3.9642,-0.0453,-0.0634,-0.18,77.7,8864,11400,115.9,0.0,23.6,25.5,discharging,True,True,False,False,False,False,0,0,32770,0,1024,0
2026-08-14T04:12:39.351,3372076,13036,7.924,7.9153,3.9632,3.9642,-0.0453,-0.0634,-0.18,77.7,8864,11400,115.9,0.0,23.6,25.5,discharging,True,True,False,False,False,False,0,0,32770,0,1024,0
2026-08-14T04:12:39.850,3373076,13037,7.924,7.9153,3.9619,3.9636,-0.0628,-0.0637,-0.249,77.7,8864,11400,115.9,0.0,23.5,25.5,discharging,True,True,False,False,False,False,0,0,32770,0,1024,0
2026-08-14T04:12:40.348,3373076,13037,7.924,7.9153,3.9619,3.9636,-0.0628,-0.0637,-0.249,77.7,8864,11400,115.9,0.0,23.5,25.5,discharging,True,True,False,False,False,False,0,0,32770,0,1024,0
2026-08-14T04:12:40.847,3374076,13038,7.924,7.9153,3.9617,3.9649,-0.0575,-0.0634,-0.228,77.7,8864,11400,115.9,0.0,23.5,25.5,discharging,True,True,False,False,False,False,0,0,32770,0,1024,0
2026-08-14T04:12:41.346,3374076,13038,7.924,7.9153,3.9617,3.9649,-0.0575,-0.0634,-0.228,77.7,8864,11400,115.9,0.0,23.5,25.5,discharging,True,True,False,False,False,False,0,0,32770,0,1024,0
2026-08-14T04:12:41.844,3375076,13039,7.924,7.9153,3.9625,3.9649,-0.069,-0.064,-0.275,77.7,8864,11400,115.9,0.0,23.5,25.4,discharging,True,True,False,False,False,False,0,0,32770,0,1024,0
2026-08-14T04:12:42.342,3375076,13039,7.924,7.9153,3.9625,3.9649,-0.069,-0.064,-0.275,77.7,8864,11400,115.9,0.0,23.5,25.4,discharging,True,True,False,False,False,False,0,0,32770,0,1024,0
2026-08-14T04:12:42.840,3376076,13040,7.924,7.9153,3.9621,3.9628,-0.0684,-0.0637,-0.272,77.7,8864,11400,115.9,0.0,23.5,25.4,discharging,True,True,False,False,False,False,0,0,32770,0,1024,0
2026-08-14T04:12:43.339,3376076,13040,7.924,7.9153,3.9621,3.9628,-0.0684,-0.0637,-0.272,77.7,8864,11400,115.9,0.0,23.5,25.4,discharging,True,True,False,False,False,False,0,0,32770,0,1024,0
2026-08-14T04:12:43.838,3377076,13041,7.924,7.9153,3.9621,3.9638,-0.0625,-0.0634,-0.248,77.7,8864,11400,115.9,0.0,23.5,25.4,discharging,True,True,False,False,False,False,0,0,32770,0,1024,0
2026-08-14T04:12:44.336,3377076,13041,7.924,7.9153,3.9621,3.9638,-0.0625,-0.0634,-0.248,77.7,8864,11400,115.9,0.0,23.5,25.4,discharging,True,True,False,False,False,False,0,0,32770,0,1024,0
2026-08-14T04:12:44.835,3378076,13042,7.924,7.9153,3.961,3.9636,-0.06,-0.0634,-0.238,77.7,8864,11400,115.9,0.0,23.5,25.3,discharging,True,True,False,False,False,False,0,0,32770,0,1024,0
2026-08-14T04:12:45.333,3378076,13042,7.924,7.9153,3.961,3.9636,-0.06,-0.0634,-0.238,77.7,8864,11400,115.9,0.0,23.5,25.3,discharging,True,True,False,False,False,False,0,0,32770,0,1024,0
2026-08-14T04:12:45.832,3379076,13043,7.924,7.9153,3.9614,3.9631,-0.0662,-0.0637,-0.264,77.7,8864,11400,115.9,0.0,23.5,25.4,discharging,True,True,False,False,False,False,0,0,32770,0,1024,0
2026-08-14T04:12:46.330,3379076,13043,7.924,7.9153,3.9614,3.9631,-0.0662,-0.0637,-0.264,77.7,8864,11400,115.9,0.0,23.5,25.4,discharging,True,True,False,False,False,False,0,0,32770,0,1024,0
2026-08-14T04:12:46.829,3380076,13044,7.924,7.9153,3.9625,3.9649,-0.0656,-0.0646,-0.26,77.7,8864,11400,115.9,0.0,23.5,25.3,discharging,True,True,False,False,False,False,0,0,32770,0,1024,0
2026-08-14T04:12:47.328,3380076,13044,7.924,7.9153,3.9625,3.9649,-0.0656,-0.0646,-0.26,77.7,8864,11400,115.9,0.0,23.5,25.3,discharging,True,True,False,False,False,False,0,0,32770,0,1024,0
2026-08-14T04:12:47.826,3381076,13045,7.924,7.9153,3.9627,3.964,-0.0671,-0.0646,-0.267,77.7,8864,11400,115.9,0.0,23.5,25.5,discharging,True,True,False,False,False,False,0,0,32770,0,1024,0
2026-08-14T04:12:48.325,3381076,13045,7.924,7.9153,3.9627,3.964,-0.0671,-0.0646,-0.267,77.7,8864,11400,115.9,0.0,23.5,25.5,discharging,True,True,False,False,False,False,0,0,32770,0,1024,0
2026-08-14T04:12:48.823,3382076,13046,7.924,7.9153,3.9614,3.9642,-0.0612,-0.0646,-0.243,77.7,8864,11400,115.9,0.0,23.5,25.3,discharging,True,True,False,False,False,False,0,0,32770,0,1024,0
2026-08-14T04:12:49.322,3382076,13046,7.924,7.9153,3.9614,3.9642,-0.0612,-0.0646,-0.243,77.7,8864,11400,115.9,0.0,23.5,25.3,discharging,True,True,False,False,False,False,0,0,32770,0,1024,0
2026-08-14T04:12:49.821,3383076,13047,7.924,7.9153,3.9625,3.9638,-0.0625,-0.0646,-0.248,77.7,8864,11400,115.9,0.0,23.5,25.2,discharging,True,True,False,False,False,False,0,0,32770,0,1024,0
2026-08-14T04:12:50.319,3383076,13047,7.924,7.9153,3.9625,3.9638,-0.0625,-0.0646,-0.248,77.7,8864,11400,115.9,0.0,23.5,25.2,discharging,True,True,False,False,False,False,0,0,32770,0,1024,0
2026-08-14T04:12:50.817,3384076,13048,7.924,7.9153,3.9621,3.9627,0.4628,0.0,1.833,77.7,8864,11400,115.9,0.0,23.5,25.3,charging,True,True,False,False,False,False,0,0,32770,0,1024,0
2026-08-14T04:12:51.316,3384076,13048,7.924,7.9153,3.9621,3.9627,0.4628,0.0,1.833,77.7,8864,11400,115.9,0.0,23.5,25.3,charging,True,True,False,False,False,False,0,0,32770,0,1024,0
2026-08-14T04:12:51.816,3385076,13049,7.9228,7.9143,3.9628,3.9627,-0.0753,-0.0087,-0.299,77.7,8864,11400,115.9,0.0,23.5,25.3,discharging,True,True,False,False,False,False,0,0,32770,0,1024,0
2026-08-14T04:12:52.313,3385076,13049,7.9228,7.9143,3.9628,3.9627,-0.0753,-0.0087,-0.299,77.7,8864,11400,115.9,0.0,23.5,25.3,discharging,True,True,False,False,False,False,0,0,32770,0,1024,0
2026-08-14T04:12:52.812,3386076,13050,7.9228,7.9143,3.9623,3.964,-0.0725,-0.0187,-0.288,77.7,8864,11400,115.9,0.0,23.5,25.4,discharging,True,True,False,False,False,False,0,0,32770,0,1024,0
2026-08-14T04:12:53.311,3386076,13050,7.9228,7.9143,3.9623,3.964,-0.0725,-0.0187,-0.288,77.7,8864,11400,115.9,0.0,23.5,25.4,discharging,True,True,False,False,False,False,0,0,32770,0,1024,0
2026-08-14T04:12:53.809,3387076,13051,7.9228,7.9143,3.9623,3.9628,-0.0675,-0.0281,-0.268,77.7,8864,11400,115.9,0.0,23.5,25.2,discharging,True,True,False,False,False,False,0,0,32770,0,1024,0
2026-08-14T04:12:54.308,3387076,13051,7.9228,7.9143,3.9623,3.9628,-0.0675,-0.0281,-0.268,77.7,8864,11400,115.9,0.0,23.5,25.2,discharging,True,True,False,False,False,False,0,0,32770,0,1024,0
2026-08-14T04:12:54.806,3388076,13052,7.9228,7.9143,3.9634,3.9647,-0.06,-0.0343,-0.238,77.7,8864,11400,115.9,0.0,23.4,25.2,discharging,True,True,False,False,False,False,0,0,32770,0,1024,0
2026-08-14T04:12:55.305,3388076,13052,7.9228,7.9143,3.9634,3.9647,-0.06,-0.0343,-0.238,77.7,8864,11400,115.9,0.0,23.4,25.2,discharging,True,True,False,False,False,False,0,0,32770,0,1024,0
2026-08-14T04:12:55.803,3389076,13053,7.9228,7.9143,3.9621,3.9636,-0.0703,-0.0381,-0.28,77.7,8864,11400,115.9,0.0,23.4,25.3,discharging,True,True,False,False,False,False,0,0,32770,0,1024,0
2026-08-14T04:12:56.302,3389076,13053,7.9228,7.9143,3.9621,3.9636,-0.0703,-0.0381,-0.28,77.7,8864,11400,115.9,0.0,23.4,25.3,discharging,True,True,False,False,False,False,0,0,32770,0,1024,0
2026-08-14T04:12:56.801,3390076,13054,7.9228,7.9143,3.9621,3.9627,-0.0934,-0.0453,-0.371,77.7,8864,11400,115.9,0.0,23.5,25.3,discharging,True,True,False,False,False,False,0,0,32770,0,1024,0
2026-08-14T04:12:57.311,3390076,13054,7.9228,7.9143,3.9621,3.9627,-0.0934,-0.0453,-0.371,77.7,8864,11400,115.9,0.0,23.5,25.3,discharging,True,True,False,False,False,False,0,0,32770,0,1024,0
2026-08-14T04:12:57.803,3391076,13055,7.9228,7.9143,3.9617,3.9647,-0.0671,-0.0487,-0.267,77.7,8864,11400,115.9,0.0,23.4,25.3,discharging,True,True,False,False,False,False,0,0,32770,0,1024,0
2026-08-14T04:12:58.297,3391076,13055,7.9228,7.9143,3.9617,3.9647,-0.0671,-0.0487,-0.267,77.7,8864,11400,115.9,0.0,23.4,25.3,discharging,True,True,False,False,False,False,0,0,32770,0,1024,0
2026-08-14T04:12:58.795,3392076,13056,7.9228,7.9143,3.9621,3.9638,-0.0621,-0.0521,-0.246,77.7,8864,11400,115.9,0.0,23.4,25.4,discharging,True,True,False,False,False,False,0,0,32770,0,1024,0
2026-08-14T04:12:59.295,3392076,13056,7.9228,7.9143,3.9621,3.9638,-0.0621,-0.0521,-0.246,77.7,8864,11400,115.9,0.0,23.4,25.4,discharging,True,True,False,False,False,False,0,0,32770,0,1024,0
2026-08-14T04:12:59.794,3393076,13057,7.9228,7.9143,3.9616,3.9638,-0.0634,-0.055,-0.252,77.7,8864,11400,115.9,0.0,23.5,25.3,discharging,True,True,False,False,False,False,0,0,32770,0,1024,0
2026-08-14T04:13:00.293,3393076,13057,7.9228,7.9143,3.9616,3.9638,-0.0634,-0.055,-0.252,77.7,8864,11400,115.9,0.0,23.5,25.3,discharging,True,True,False,False,False,False,0,0,32770,0,1024,0
2026-08-14T04:13:00.790,3394076,13058,7.9228,7.9143,3.9634,3.9636,-0.0631,-0.0571,-0.251,77.7,8864,11400,115.9,0.0,23.4,25.1,discharging,True,True,False,False,False,False,0,0,32770,0,1024,0
2026-08-14T04:13:01.289,3394076,13058,7.9228,7.9143,3.9634,3.9636,-0.0631,-0.0571,-0.251,77.7,8864,11400,115.9,0.0,23.4,25.1,discharging,True,True,False,False,False,False,0,0,32770,0,1024,0
2026-08-14T04:13:01.787,3395076,13059,7.9228,7.9143,3.9712,3.9631,-0.0646,-0.0575,-0.257,77.7,8864,11400,115.9,0.0,23.4,25.1,discharging,True,True,False,False,False,False,0,0,32770,0,1024,0
2026-08-14T04:13:02.286,3395076,13059,7.9228,7.9143,3.9712,3.9631,-0.0646,-0.0575,-0.257,77.7,8864,11400,115.9,0.0,23.4,25.1,discharging,True,True,False,False,False,False,0,0,32770,0,1024,0
2026-08-14T04:13:02.785,3396076,13060,7.9228,7.9143,3.9616,3.9627,-0.0625,-0.0593,-0.248,77.7,8864,11400,115.9,0.0,23.4,25.0,discharging,True,True,False,False,False,False,0,0,32770,0,1024,0
2026-08-14T04:13:03.283,3396076,13060,7.9228,7.9143,3.9616,3.9627,-0.0625,-0.0593,-0.248,77.7,8864,11400,115.9,0.0,23.4,25.0,discharging,True,True,False,False,False,False,0,0,32770,0,1024,0
2026-08-14T04:13:03.781,3397076,13061,7.9228,7.9143,3.9607,3.964,-0.0681,-0.0606,-0.27,77.7,8864,11400,115.9,0.0,23.4,25.3,discharging,True,True,False,False,False,False,0,0,32770,0,1024,0
2026-08-14T04:13:04.280,3397076,13061,7.9228,7.9143,3.9607,3.964,-0.0681,-0.0606,-0.27,77.7,8864,11400,115.9,0.0,23.4,25.3,discharging,True,True,False,False,False,False,0,0,32770,0,1024,0
2026-08-14T04:13:04.779,3398076,13062,7.9228,7.9143,3.9619,3.9643,-0.0703,-0.0615,-0.28,77.7,8864,11400,115.9,0.0,23.4,25.3,discharging,True,True,False,False,False,False,0,0,32770,0,1024,0
2026-08-14T04:13:05.277,3398076,13062,7.9228,7.9143,3.9619,3.9643,-0.0703,-0.0615,-0.28,77.7,8864,11400,115.9,0.0,23.4,25.3,discharging,True,True,False,False,False,False,0,0,32770,0,1024,0
2026-08-14T04:13:05.776,3399076,13063,7.9228,7.9143,3.9612,3.9636,-0.0687,-0.0625,-0.273,77.7,8864,11400,115.9,0.0,23.4,25.2,discharging,True,True,False,False,False,False,0,0,32770,0,1024,0
2026-08-14T04:13:06.274,3399076,13063,7.9228,7.9143,3.9612,3.9636,-0.0687,-0.0625,-0.273,77.7,8864,11400,115.9,0.0,23.4,25.2,discharging,True,True,False,False,False,False,0,0,32770,0,1024,0
2026-08-14T04:13:06.773,3400076,13064,7.9228,7.9143,3.9634,3.964,-0.0656,-0.0628,-0.26,77.7,8864,11400,115.9,0.0,23.4,25.2,discharging,True,True,False,False,False,False,0,0,32770,0,1024,0
2026-08-14T04:13:07.272,3400076,13064,7.9228,7.9143,3.9634,3.964,-0.0656,-0.0628,-0.26,77.7,8864,11400,115.9,0.0,23.4,25.2,discharging,True,True,False,False,False,False,0,0,32770,0,1024,0
2026-08-14T04:13:07.770,3401076,13065,7.9228,7.9143,3.9632,3.9627,-0.0728,-0.0634,-0.289,77.7,8864,11400,115.9,0.0,23.3,25.1,discharging,True,True,False,False,False,False,0,0,32770,0,1024,0
2026-08-14T04:13:08.269,3401076,13065,7.9228,7.9143,3.9632,3.9627,-0.0728,-0.0634,-0.289,77.7,8864,11400,115.9,0.0,23.3,25.1,discharging,True,True,False,False,False,False,0,0,32770,0,1024,0
2026-08-14T04:13:08.767,3402076,13066,7.9228,7.9143,3.9617,3.9636,-0.0643,0.1234,-0.256,77.7,8864,11400,115.9,0.0,23.3,25.2,discharging,True,True,False,False,False,False,0,0,32770,0,1024,0
2026-08-14T04:13:09.266,3402076,13066,7.9228,7.9143,3.9617,3.9636,-0.0643,0.1234,-0.256,77.7,8864,11400,115.9,0.0,23.3,25.2,discharging,True,True,False,False,False,False,0,0,32770,0,1024,0
2026-08-14T04:13:09.765,3403076,13067,7.9228,7.9143,3.9605,3.9651,-0.0684,-0.0084,-0.272,77.7,8864,11400,115.9,0.0,23.3,25.1,discharging,True,True,False,False,False,False,0,0,32770,0,1024,0
2026-08-14T04:13:10.263,3403076,13067,7.9228,7.9143,3.9605,3.9651,-0.0684,-0.0084,-0.272,77.7,8864,11400,115.9,0.0,23.3,25.1,discharging,True,True,False,False,False,False,0,0,32770,0,1024,0
2026-08-14T04:13:10.762,3404076,13068,7.9228,7.9143,3.9631,3.964,-0.0684,-0.019,-0.272,77.7,8864,11400,115.9,0.0,23.3,25.1,discharging,True,True,False,False,False,False,0,0,32770,0,1024,0
2026-08-14T04:13:11.260,3404076,13068,7.9228,7.9143,3.9631,3.964,-0.0684,-0.019,-0.272,77.7,8864,11400,115.9,0.0,23.3,25.1,discharging,True,True,False,False,False,False,0,0,32770,0,1024,0
2026-08-14T04:13:11.759,3405076,13069,7.9228,7.9143,3.9619,3.9643,-0.0656,-0.0262,-0.26,77.7,8864,11400,115.9,0.0,23.3,25.2,discharging,True,True,False,False,False,False,0,0,32770,0,1024,0
2026-08-14T04:13:12.258,3405076,13069,7.9228,7.9143,3.9619,3.9643,-0.0656,-0.0262,-0.26,77.7,8864,11400,115.9,0.0,23.3,25.2,discharging,True,True,False,False,False,False,0,0,32770,0,1024,0
2026-08-14T04:13:12.757,3406076,13070,7.9228,7.9143,3.9627,3.9638,-0.0656,-0.0334,-0.26,77.7,8864,11400,115.9,0.0,23.3,25.1,discharging,True,True,False,False,False,False,0,0,32770,0,1024,0
2026-08-14T04:13:13.255,3406076,13070,7.9228,7.9143,3.9627,3.9638,-0.0656,-0.0334,-0.26,77.7,8864,11400,115.9,0.0,23.3,25.1,discharging,True,True,False,False,False,False,0,0,32770,0,1024,0
2026-08-14T04:13:13.754,3407076,13071,7.9196,7.9143,3.9627,3.9631,-0.0706,-0.0396,-0.28,77.7,8864,11400,115.9,0.0,23.3,25.1,discharging,True,True,False,False,False,False,0,0,32770,0,1024,0
2026-08-14T04:13:14.252,3407076,13071,7.9196,7.9143,3.9627,3.9631,-0.0706,-0.0396,-0.28,77.7,8864,11400,115.9,0.0,23.3,25.1,discharging,True,True,False,False,False,False,0,0,32770,0,1024,0
2026-08-14T04:13:14.751,3408076,13072,7.9196,7.9143,3.9619,3.9627,-0.0687,-0.0446,-0.273,77.7,8864,11400,115.9,0.0,23.3,25.0,discharging,True,True,False,False,False,False,0,0,32770,0,1024,0
2026-08-14T04:13:15.250,3408076,13072,7.9196,7.9143,3.9619,3.9627,-0.0687,-0.0446,-0.273,77.7,8864,11400,115.9,0.0,23.3,25.0,discharging,True,True,False,False,False,False,0,0,32770,0,1024,0
2026-08-14T04:13:15.748,3409076,13073,7.9196,7.9143,3.9619,3.9631,-0.0731,-0.0471,-0.291,77.7,8864,11400,115.9,0.0,23.3,25.1,discharging,True,True,False,False,False,False,0,0,32770,0,1024,0
2026-08-14T04:13:16.247,3409076,13073,7.9196,7.9143,3.9619,3.9631,-0.0731,-0.0471,-0.291,77.7,8864,11400,115.9,0.0,23.3,25.1,discharging,True,True,False,False,False,False,0,0,32770,0,1024,0
2026-08-14T04:13:16.746,3410076,13074,7.9196,7.9143,3.9619,3.9642,-0.0665,-0.0515,-0.264,77.7,8864,11400,115.9,0.0,23.3,25.4,discharging,True,True,False,False,False,False,0,0,32770,0,1024,0
2026-08-14T04:13:17.244,3410076,13074,7.9196,7.9143,3.9619,3.9642,-0.0665,-0.0515,-0.264,77.7,8864,11400,115.9,0.0,23.3,25.4,discharging,True,True,False,False,False,False,0,0,32770,0,1024,0
2026-08-14T04:13:17.744,3411076,13075,7.9196,7.9143,3.9614,3.9636,-0.0684,-0.055,-0.272,77.7,8864,11400,115.9,0.0,23.3,25.0,discharging,True,True,False,False,False,False,0,0,32770,0,1024,0
2026-08-14T04:13:18.241,3411076,13075,7.9196,7.9143,3.9614,3.9636,-0.0684,-0.055,-0.272,77.7,8864,11400,115.9,0.0,23.3,25.0,discharging,True,True,False,False,False,False,0,0,32770,0,1024,0
2026-08-14T04:13:18.740,3412076,13076,7.9196,7.9143,3.9608,3.9627,-0.0656,-0.0559,-0.26,77.7,8864,11400,115.9,0.0,23.3,25.1,discharging,True,True,False,False,False,False,0,0,32770,0,1024,0
2026-08-14T04:13:19.239,3412076,13076,7.9196,7.9143,3.9608,3.9627,-0.0656,-0.0559,-0.26,77.7,8864,11400,115.9,0.0,23.3,25.1,discharging,True,True,False,False,False,False,0,0,32770,0,1024,0
2026-08-14T04:13:19.737,3413076,13077,7.9196,7.9143,3.9623,3.9634,-0.0628,-0.0575,-0.249,77.7,8864,11400,115.9,0.0,23.3,25.0,discharging,True,True,False,False,False,False,0,0,32770,0,1024,0
2026-08-14T04:13:20.236,3413076,13077,7.9196,7.9143,3.9623,3.9634,-0.0628,-0.0575,-0.249,77.7,8864,11400,115.9,0.0,23.3,25.0,discharging,True,True,False,False,False,False,0,0,32770,0,1024,0
2026-08-14T04:13:20.735,3414076,13078,7.9196,7.9143,3.9621,3.9631,-0.064,-0.0593,-0.254,77.7,8864,11400,115.9,0.0,23.3,25.0,discharging,True,True,False,False,False,False,0,0,32770,0,1024,0
2026-08-14T04:13:21.233,3414076,13078,7.9196,7.9143,3.9621,3.9631,-0.064,-0.0593,-0.254,77.7,8864,11400,115.9,0.0,23.3,25.0,discharging,True,True,False,False,False,False,0,0,32770,0,1024,0
2026-08-14T04:13:21.732,3415076,13079,7.9196,7.9143,3.9616,3.9625,-0.0709,-0.0606,-0.281,77.7,8864,11400,115.9,0.0,23.3,25.0,discharging,True,True,False,False,False,False,0,0,32770,0,1024,0
2026-08-14T04:13:22.230,3415076,13079,7.9196,7.9143,3.9616,3.9625,-0.0709,-0.0606,-0.281,77.7,8864,11400,115.9,0.0,23.3,25.0,discharging,True,True,False,False,False,False,0,0,32770,0,1024,0
2026-08-14T04:13:22.729,3416076,13080,7.9196,7.9143,3.9631,3.9631,-0.0696,-0.0606,-0.276,77.7,8864,11400,115.9,0.0,23.3,25.1,discharging,True,True,False,False,False,False,0,0,32770,0,1024,0
2026-08-14T04:13:23.227,3416076,13080,7.9196,7.9143,3.9631,3.9631,-0.0696,-0.0606,-0.276,77.7,8864,11400,115.9,0.0,23.3,25.1,discharging,True,True,False,False,False,False,0,0,32770,0,1024,0
2026-08-14T04:13:23.726,3417076,13081,7.9196,7.9143,3.9625,3.9636,-0.064,-0.0618,-0.254,77.7,8864,11400,115.9,0.0,23.3,24.9,discharging,True,True,False,False,False,False,0,0,32770,0,1024,0
2026-08-14T04:13:24.224,3417076,13081,7.9196,7.9143,3.9625,3.9636,-0.064,-0.0618,-0.254,77.7,8864,11400,115.9,0.0,23.3,24.9,discharging,True,True,False,False,False,False,0,0,32770,0,1024,0
2026-08-14T04:13:24.723,3418076,13082,7.9196,7.9143,3.9625,3.9636,-0.0593,-0.0618,-0.236,77.7,8864,11400,115.9,0.0,23.3,24.9,discharging,True,True,False,False,False,False,0,0,32770,0,1024,0
2026-08-14T04:13:25.221,3418076,13082,7.9196,7.9143,3.9625,3.9636,-0.0593,-0.0618,-0.236,77.7,8864,11400,115.9,0.0,23.3,24.9,discharging,True,True,False,False,False,False,0,0,32770,0,1024,0
2026-08-14T04:13:25.720,3419076,13083,7.9196,7.9143,3.9608,3.9647,-0.0706,-0.0631,-0.28,77.7,8864,11400,115.9,0.0,23.3,25.1,discharging,True,True,False,False,False,False,0,0,32770,0,1024,0
2026-08-14T04:13:26.218,3419076,13083,7.9196,7.9143,3.9608,3.9647,-0.0706,-0.0631,-0.28,77.7,8864,11400,115.9,0.0,23.3,25.1,discharging,True,True,False,False,False,False,0,0,32770,0,1024,0
2026-08-14T04:13:26.717,3420076,13084,7.9196,7.9143,3.9625,3.964,-0.0581,-0.0631,-0.23,77.7,8864,11400,115.9,0.0,23.3,25.0,discharging,True,True,False,False,False,False,0,0,32770,0,1024,0
2026-08-14T04:13:27.216,3420076,13084,7.9196,7.9143,3.9625,3.964,-0.0581,-0.0631,-0.23,77.7,8864,11400,115.9,0.0,23.3,25.0,discharging,True,True,False,False,False,False,0,0,32770,0,1024,0
2026-08-14T04:13:27.714,3421076,13085,7.9196,7.9143,3.9631,3.964,-0.069,-0.064,-0.275,77.7,8864,11400,115.9,0.0,23.3,25.0,discharging,True,True,False,False,False,False,0,0,32770,0,1024,0
2026-08-14T04:13:28.213,3421076,13085,7.9196,7.9143,3.9631,3.964,-0.069,-0.064,-0.275,77.7,8864,11400,115.9,0.0,23.3,25.0,discharging,True,True,False,False,False,False,0,0,32770,0,1024,0
2026-08-14T04:13:28.711,3422076,13086,7.9196,7.9143,3.9617,3.9647,-0.0615,-0.0637,-0.244,77.7,8864,11400,115.9,0.0,23.3,25.0,discharging,True,True,False,False,False,False,0,0,32770,0,1024,0
2026-08-14T04:13:29.210,3422076,13086,7.9196,7.9143,3.9617,3.9647,-0.0615,-0.0637,-0.244,77.7,8864,11400,115.9,0.0,23.3,25.0,discharging,True,True,False,False,False,False,0,0,32770,0,1024,0
2026-08-14T04:13:29.711,3423076,13087,7.9196,7.9143,3.9617,3.9627,-0.0612,-0.0637,-0.243,77.7,8864,11400,115.9,0.0,23.3,25.2,discharging,True,True,False,False,False,False,0,0,32770,0,1024,0
2026-08-14T04:13:30.207,3423076,13087,7.9196,7.9143,3.9617,3.9627,-0.0612,-0.0637,-0.243,77.7,8864,11400,115.9,0.0,23.3,25.2,discharging,True,True,False,False,False,False,0,0,32770,0,1024,0
2026-08-14T04:13:30.705,3424076,13088,7.9196,7.9143,3.9623,3.9636,-0.0681,-0.064,-0.27,77.7,8864,11400,115.9,0.0,23.3,25.1,discharging,True,True,False,False,False,False,0,0,32770,0,1024,0
2026-08-14T04:13:31.204,3424076,13088,7.9196,7.9143,3.9623,3.9636,-0.0681,-0.064,-0.27,77.7,8864,11400,115.9,0.0,23.3,25.1,discharging,True,True,False,False,False,False,0,0,32770,0,1024,0
2026-08-14T04:13:31.702,3425076,13089,7.9196,7.9143,3.9617,3.9657,-0.0634,-0.0637,-0.252,77.7,8864,11400,115.9,0.0,23.3,25.0,discharging,True,True,False,False,False,False,0,0,32770,0,1024,0
2026-08-14T04:13:32.201,3425076,13089,7.9196,7.9143,3.9617,3.9657,-0.0634,-0.0637,-0.252,77.7,8864,11400,115.9,0.0,23.3,25.0,discharging,True,True,False,False,False,False,0,0,32770,0,1024,0
2026-08-14T04:13:32.700,3426076,13090,7.9196,7.9143,3.9631,3.9632,-0.0621,-0.064,-0.248,77.7,8864,11400,115.9,0.0,23.3,25.0,discharging,True,True,False,False,False,False,0,0,32770,0,1024,0
2026-08-14T04:13:33.198,3426076,13090,7.9196,7.9143,3.9631,3.9632,-0.0621,-0.064,-0.248,77.7,8864,11400,115.9,0.0,23.3,25.0,discharging,True,True,False,False,False,False,0,0,32770,0,1024,0
2026-08-14T04:13:33.697,3427076,13091,7.9196,7.9143,3.9621,3.9642,-0.0671,-0.0634,-0.267,77.7,8864,11400,115.9,0.0,23.3,25.0,discharging,True,True,False,False,False,False,0,0,32770,0,1024,0
2026-08-14T04:13:34.196,3427076,13091,7.9196,7.9143,3.9621,3.9642,-0.0671,-0.0634,-0.267,77.7,8864,11400,115.9,0.0,23.3,25.0,discharging,True,True,False,False,False,False,0,0,32770,0,1024,0
2026-08-14T04:13:34.694,3428076,13092,7.9196,7.9143,3.9631,3.9647,-0.0668,-0.0631,-0.265,77.7,8864,11400,115.9,0.0,23.3,25.0,discharging,True,True,False,False,False,False,0,0,32770,0,1024,0
2026-08-14T04:13:35.193,3428076,13092,7.9196,7.9143,3.9631,3.9647,-0.0668,-0.0631,-0.265,77.7,8864,11400,115.9,0.0,23.3,25.0,discharging,True,True,False,False,False,False,0,0,32770,0,1024,0
2026-08-14T04:13:35.691,3429076,13093,7.9196,7.9143,3.9597,3.9632,-0.0665,-0.0643,-0.264,77.7,8864,11400,115.9,0.0,23.3,25.2,discharging,True,True,False,False,False,False,0,0,32770,0,1024,0
2026-08-14T04:13:36.190,3429076,13093,7.9196,7.9143,3.9597,3.9632,-0.0665,-0.0643,-0.264,77.7,8864,11400,115.9,0.0,23.3,25.2,discharging,True,True,False,False,False,False,0,0,32770,0,1024,0
2026-08-14T04:13:36.688,3430076,13094,7.9271,7.9143,3.9612,3.9632,-0.0675,-0.0646,-0.268,77.7,8864,11400,115.9,0.0,23.3,24.8,discharging,True,True,False,False,False,False,0,0,32770,0,1024,0
2026-08-14T04:13:37.187,3430076,13094,7.9271,7.9143,3.9612,3.9632,-0.0675,-0.0646,-0.268,77.7,8864,11400,115.9,0.0,23.3,24.8,discharging,True,True,False,False,False,False,0,0,32770,0,1024,0
2026-08-14T04:13:37.686,3431076,13095,7.9271,7.9143,3.9628,3.9646,-0.0625,-0.0646,-0.248,77.7,8864,11400,115.9,0.0,23.3,25.1,discharging,True,True,False,False,False,False,0,0,32770,0,1024,0
2026-08-14T04:13:38.185,3431076,13095,7.9271,7.9143,3.9628,3.9646,-0.0625,-0.0646,-0.248,77.7,8864,11400,115.9,0.0,23.3,25.1,discharging,True,True,False,False,False,False,0,0,32770,0,1024,0
2026-08-14T04:13:38.683,3432076,13096,7.9271,7.9143,3.9634,3.9643,-0.0662,-0.065,-0.264,77.7,8864,11400,115.9,0.0,23.2,24.9,discharging,True,True,False,False,False,False,0,0,32770,0,1024,0
2026-08-14T04:13:39.182,3432076,13096,7.9271,7.9143,3.9634,3.9643,-0.0662,-0.065,-0.264,77.7,8864,11400,115.9,0.0,23.2,24.9,discharging,True,True,False,False,False,False,0,0,32770,0,1024,0
2026-08-14T04:13:39.681,3433076,13097,7.9271,7.9143,3.9621,3.9643,-0.0703,-0.0662,-0.28,77.7,8864,11400,115.9,0.0,23.2,24.9,discharging,True,True,False,False,False,False,0,0,32770,0,1024,0
2026-08-14T04:13:40.179,3433076,13097,7.9271,7.9143,3.9621,3.9643,-0.0703,-0.0662,-0.28,77.7,8864,11400,115.9,0.0,23.2,24.9,discharging,True,True,False,False,False,False,0,0,32770,0,1024,0
2026-08-14T04:13:40.678,3434076,13098,7.9271,7.9143,3.961,3.9638,-0.064,-0.0662,-0.254,77.7,8864,11400,115.9,0.0,23.2,24.9,discharging,True,True,False,False,False,False,0,0,32770,0,1024,0
2026-08-14T04:13:41.177,3434076,13098,7.9271,7.9143,3.961,3.9638,-0.064,-0.0662,-0.254,77.7,8864,11400,115.9,0.0,23.2,24.9,discharging,True,True,False,False,False,False,0,0,32770,0,1024,0
2026-08-14T04:13:41.676,3435076,13099,7.9271,7.9143,3.9621,3.9653,-0.0562,-0.0656,-0.224,77.7,8864,11400,115.9,0.0,23.2,25.1,discharging,True,True,False,False,False,False,0,0,32770,0,1024,0
2026-08-14T04:13:42.174,3435076,13099,7.9271,7.9143,3.9621,3.9653,-0.0562,-0.0656,-0.224,77.7,8864,11400,115.9,0.0,23.2,25.1,discharging,True,True,False,False,False,False,0,0,32770,0,1024,0
2026-08-14T04:13:42.673,3436076,13100,7.9271,7.9143,3.9636,3.9642,-0.064,-0.0656,-0.254,77.7,8864,11400,115.9,0.0,23.2,24.8,discharging,True,True,False,False,False,False,0,0,32770,0,1024,0
2026-08-14T04:13:43.171,3436076,13100,7.9271,7.9143,3.9636,3.9642,-0.064,-0.0656,-0.254,77.7,8864,11400,115.9,0.0,23.2,24.8,discharging,True,True,False,False,False,False,0,0,32770,0,1024,0
2026-08-14T04:13:43.670,3437076,13101,7.9271,7.9143,3.961,3.9638,-0.0568,0.0,-0.225,77.7,8864,11400,115.9,0.0,23.2,24.9,discharging,True,True,False,False,False,False,0,0,32770,0,1024,0
2026-08-14T04:13:44.169,3437076,13101,7.9271,7.9143,3.961,3.9638,-0.0568,0.0,-0.225,77.7,8864,11400,115.9,0.0,23.2,24.9,discharging,True,True,False,False,False,False,0,0,32770,0,1024,0
2026-08-14T04:13:44.667,3438076,13102,7.9271,7.9143,3.961,3.964,-0.0687,-0.0118,-0.273,77.7,8864,11400,115.9,0.0,23.2,25.1,discharging,True,True,False,False,False,False,0,0,32770,0,1024,0
2026-08-14T04:13:45.166,3438076,13102,7.9271,7.9143,3.961,3.964,-0.0687,-0.0118,-0.273,77.7,8864,11400,115.9,0.0,23.2,25.1,discharging,True,True,False,False,False,False,0,0,32770,0,1024,0
2026-08-14T04:13:45.665,3439076,13103,7.9271,7.9143,3.9628,3.9636,-0.0662,-0.0215,-0.264,77.7,8864,11400,115.9,0.0,23.3,24.9,discharging,True,True,False,False,False,False,0,0,32770,0,1024,0
2026-08-14T04:13:46.164,3439076,13103,7.9271,7.9143,3.9628,3.9636,-0.0662,-0.0215,-0.264,77.7,8864,11400,115.9,0.0,23.3,24.9,discharging,True,True,False,False,False,False,0,0,32770,0,1024,0
2026-08-14T04:13:46.662,3440076,13104,7.9271,7.9143,3.9621,3.9631,-0.0571,-0.029,-0.227,77.7,8864,11400,115.9,0.0,23.2,24.9,discharging,True,True,False,False,False,False,0,0,32770,0,1024,0
2026-08-14T04:13:47.161,3440076,13104,7.9271,7.9143,3.9621,3.9631,-0.0571,-0.029,-0.227,77.7,8864,11400,115.9,0.0,23.2,24.9,discharging,True,True,False,False,False,False,0,0,32770,0,1024,0
2026-08-14T04:13:47.659,3441076,13105,7.9271,7.9143,3.9621,3.9628,-0.065,-0.0356,-0.257,77.7,8864,11400,115.9,0.0,23.2,24.9,discharging,True,True,False,False,False,False,0,0,32770,0,1024,0
2026-08-14T04:13:48.158,3441076,13105,7.9271,7.9143,3.9621,3.9628,-0.065,-0.0356,-0.257,77.7,8864,11400,115.9,0.0,23.2,24.9,discharging,True,True,False,False,False,False,0,0,32770,0,1024,0
2026-08-14T04:13:48.657,3442076,13106,7.9271,7.9143,3.9601,3.9636,-0.0684,-0.0409,-0.272,77.7,8864,11400,115.9,0.0,23.2,24.9,discharging,True,True,False,False,False,False,0,0,32770,0,1024,0
2026-08-14T04:13:49.156,3442076,13106,7.9271,7.9143,3.9601,3.9636,-0.0684,-0.0409,-0.272,77.7,8864,11400,115.9,0.0,23.2,24.9,discharging,True,True,False,False,False,False,0,0,32770,0,1024,0
2026-08-14T04:13:49.654,3443076,13107,7.9271,7.9143,3.964,3.9638,-0.035,-0.0418,-0.139,77.7,8864,11400,115.9,0.0,23.2,24.9,discharging,True,True,False,False,False,False,0,0,32770,0,1024,0
2026-08-14T04:13:50.153,3443076,13107,7.9271,7.9143,3.964,3.9638,-0.035,-0.0418,-0.139,77.7,8864,11400,115.9,0.0,23.2,24.9,discharging,True,True,False,False,False,False,0,0,32770,0,1024,0
2026-08-14T04:13:50.651,3444076,13108,7.9271,7.9143,3.9619,3.9636,-0.0296,-0.0406,-0.118,77.7,8864,11400,115.9,0.0,23.2,24.9,idle,True,True,False,False,False,False,0,0,32770,0,1024,0
2026-08-14T04:13:51.150,3444076,13108,7.9271,7.9143,3.9619,3.9636,-0.0296,-0.0406,-0.118,77.7,8864,11400,115.9,0.0,23.2,24.9,idle,True,True,False,False,False,False,0,0,32770,0,1024,0
2026-08-14T04:13:51.649,3445076,13109,7.9271,7.9143,3.9614,3.9636,-0.0296,-0.0393,-0.118,77.7,8864,11400,115.9,0.0,23.2,25.0,idle,True,True,False,False,False,False,0,0,32770,0,1024,0
2026-08-14T04:13:52.147,3445076,13109,7.9271,7.9143,3.9614,3.9636,-0.0296,-0.0393,-0.118,77.7,8864,11400,115.9,0.0,23.2,25.0,idle,True,True,False,False,False,False,0,0,32770,0,1024,0
2026-08-14T04:13:52.646,3446076,13110,7.9271,7.9143,3.9636,3.9636,-0.0362,-0.0384,-0.144,77.7,8864,11400,115.9,0.0,23.2,24.9,discharging,True,True,False,False,False,False,0,0,32770,0,1024,0
2026-08-14T04:13:53.145,3446076,13110,7.9271,7.9143,3.9636,3.9636,-0.0362,-0.0384,-0.144,77.7,8864,11400,115.9,0.0,23.2,24.9,discharging,True,True,False,False,False,False,0,0,32770,0,1024,0
2026-08-14T04:13:53.644,3447076,13111,7.9271,7.9143,3.9621,3.9631,-0.0318,-0.0378,-0.126,77.7,8864,11400,115.9,0.0,23.2,24.8,discharging,True,True,False,False,False,False,0,0,32770,0,1024,0
2026-08-14T04:13:54.142,3447076,13111,7.9271,7.9143,3.9621,3.9631,-0.0318,-0.0378,-0.126,77.7,8864,11400,115.9,0.0,23.2,24.8,discharging,True,True,False,False,False,False,0,0,32770,0,1024,0
2026-08-14T04:13:54.641,3448076,13112,7.9271,7.9143,3.9617,3.9628,-0.0262,-0.0368,-0.104,77.7,8864,11400,115.9,0.0,23.2,24.9,idle,True,True,False,False,False,False,0,0,32770,0,1024,0
2026-08-14T04:13:55.139,3448076,13112,7.9271,7.9143,3.9617,3.9628,-0.0262,-0.0368,-0.104,77.7,8864,11400,115.9,0.0,23.2,24.9,idle,True,True,False,False,False,False,0,0,32770,0,1024,0
2026-08-14T04:13:55.638,3449076,13113,7.9271,7.9143,4.0117,4.0077,7.2425,0.0,29.024,77.7,8865,11400,115.9,0.0,23.2,25.1,charging,True,True,False,False,False,False,0,0,32770,0,1024,0
2026-08-14T04:13:56.137,3449076,13113,7.9271,7.9143,4.0117,4.0077,7.2425,0.0,29.024,77.7,8865,11400,115.9,0.0,23.2,25.1,charging,True,True,False,False,False,False,0,0,32770,0,1024,0
2026-08-14T04:13:56.635,3450076,13114,7.9271,7.9143,4.0134,4.0104,7.29,1.28,29.123,77.7,8866,11400,115.9,0.0,23.0,25.3,charging,True,True,False,False,False,False,0,0,32770,0,1024,0
2026-08-14T04:13:57.134,3450076,13114,7.9271,7.9143,4.0134,4.0104,7.29,1.28,29.123,77.7,8866,11400,115.9,0.0,23.0,25.3,charging,True,True,False,False,False,False,0,0,32770,0,1024,0
2026-08-14T04:13:57.633,3451076,13115,7.9271,7.9143,4.0175,4.0119,7.2946,2.3359,29.264,77.7,8867,11400,115.9,0.0,23.0,25.5,charging,True,True,False,False,False,False,0,5000,32770,0,1024,0
2026-08-14T04:13:58.131,3451076,13115,7.9271,7.9143,4.0175,4.0119,7.2946,2.3359,29.264,77.7,8867,11400,115.9,0.0,23.0,25.5,charging,True,True,False,False,False,False,0,5000,32770,0,1024,0
2026-08-14T04:13:58.630,3452076,13116,8.0309,8.1281,4.0175,4.0125,7.2696,3.2046,29.169,77.7,8869,11400,115.9,0.0,23.0,25.6,charging,True,True,False,False,False,False,0,5501,32770,0,1024,0
2026-08-14T04:13:59.128,3452076,13116,8.0309,8.1281,4.0175,4.0125,7.2696,3.2046,29.169,77.7,8869,11400,115.9,0.0,23.0,25.6,charging,True,True,False,False,False,False,0,5501,32770,0,1024,0
2026-08-14T04:13:59.628,3453076,13117,8.0309,8.1281,4.0186,4.0136,7.2768,3.9206,29.206,77.8,8871,11400,115.9,0.0,23.1,25.8,charging,True,True,False,False,False,False,0,5962,32770,0,1024,0
2026-08-14T04:14:00.125,3453076,13117,8.0309,8.1281,4.0186,4.0136,7.2768,3.9206,29.206,77.8,8871,11400,115.9,0.0,23.1,25.8,charging,True,True,False,False,False,False,0,5962,32770,0,1024,0
2026-08-14T04:14:00.624,3454076,13118,8.0309,8.1281,4.0199,4.0151,7.2803,4.5115,29.23,77.8,8874,11400,115.9,0.0,23.1,26.1,charging,True,True,False,False,False,False,0,5962,32770,0,1024,0
2026-08-14T04:14:01.123,3454076,13118,8.0309,8.1281,4.0199,4.0151,7.2803,4.5115,29.23,77.8,8874,11400,115.9,0.0,23.1,26.1,charging,True,True,False,False,False,False,0,5962,32770,0,1024,0
2026-08-14T04:14:01.621,3455076,13119,8.0309,8.1281,4.0228,4.0149,7.2825,5.0003,29.236,77.8,8876,11400,115.9,0.0,23.1,26.3,charging,True,True,False,False,False,False,0,6350,32770,0,1024,0
2026-08-14T04:14:02.119,3455076,13119,8.0309,8.1281,4.0228,4.0149,7.2825,5.0003,29.236,77.8,8876,11400,115.9,0.0,23.1,26.3,charging,True,True,False,False,False,False,0,6350,32770,0,1024,0
2026-08-14T04:14:02.618,3456076,13120,8.0309,8.1281,4.0208,4.0157,7.2796,5.2781,29.232,77.8,8877,11400,115.9,0.0,23.2,26.5,charging,True,True,False,False,False,False,0,6496,32770,0,1024,0
2026-08-14T04:14:03.117,3456076,13120,8.0309,8.1281,4.0208,4.0157,7.2796,5.2781,29.232,77.8,8877,11400,115.9,0.0,23.2,26.5,charging,True,True,False,False,False,False,0,6496,32770,0,1024,0
2026-08-14T04:14:03.615,3457076,13121,8.0309,8.1281,4.0214,4.0171,7.289,5.6309,29.28,77.8,8879,11400,115.9,0.0,23.3,26.7,charging,True,True,False,False,False,False,0,6496,32770,0,1024,0
2026-08-14T04:14:04.114,3457076,13121,8.0309,8.1281,4.0214,4.0171,7.289,5.6309,29.28,77.8,8879,11400,115.9,0.0,23.3,26.7,charging,True,True,False,False,False,False,0,6496,32770,0,1024,0
2026-08-14T04:14:04.615,3458076,13122,8.0309,8.1281,4.0228,4.016,7.3065,5.9268,29.342,77.9,8881,11400,115.9,0.0,23.3,26.6,charging,True,True,False,False,False,False,0,6626,32770,0,1024,0
2026-08-14T04:14:05.111,3458076,13122,8.0309,8.1281,4.0228,4.016,7.3065,5.9268,29.342,77.9,8881,11400,115.9,0.0,23.3,26.6,charging,True,True,False,False,False,False,0,6626,32770,0,1024,0
2026-08-14T04:14:05.610,3459076,13123,8.0309,8.1281,4.0254,4.0184,7.289,6.1675,29.289,77.9,8884,11400,115.9,0.0,23.3,27.0,charging,True,True,False,False,False,False,0,6721,32770,0,1024,0
2026-08-14T04:14:06.109,3459076,13123,8.0309,8.1281,4.0254,4.0184,7.289,6.1675,29.289,77.9,8884,11400,115.9,0.0,23.3,27.0,charging,True,True,False,False,False,False,0,6721,32770,0,1024,0
2026-08-14T04:14:06.607,3460076,13124,8.0309,8.1281,4.0254,4.0189,7.3,6.3687,29.337,77.9,8886,11400,115.9,0.0,23.4,27.1,charging,True,True,False,False,False,False,0,6795,32770,0,1024,0
2026-08-14T04:14:07.106,3460076,13124,8.0309,8.1281,4.0254,4.0189,7.3,6.3687,29.337,77.9,8886,11400,115.9,0.0,23.4,27.1,charging,True,True,False,False,False,False,0,6795,32770,0,1024,0
2026-08-14T04:14:07.604,3461076,13125,8.0309,8.1281,4.0267,4.0182,7.3503,6.5365,29.534,77.9,8888,11400,115.9,0.0,23.5,27.3,charging,True,True,False,False,False,False,0,6795,32770,0,1024,0
2026-08-14T04:14:08.103,3461076,13125,8.0309,8.1281,4.0267,4.0182,7.3503,6.5365,29.534,77.9,8888,11400,115.9,0.0,23.5,27.3,charging,True,True,False,False,False,False,0,6795,32770,0,1024,0
2026-08-14T04:14:08.601,3462076,13126,8.0309,8.1281,4.0264,4.0193,7.3018,6.6721,29.348,77.9,8890,11400,115.9,0.0,23.5,27.3,charging,True,True,False,False,False,False,0,6856,32770,0,1024,0
2026-08-14T04:14:09.099,3462076,13126,8.0309,8.1281,4.0264,4.0193,7.3018,6.6721,29.348,77.9,8890,11400,115.9,0.0,23.5,27.3,charging,True,True,False,False,False,False,0,6856,32770,0,1024,0
2026-08-14T04:14:09.598,3463076,13127,8.0309,8.1281,4.0262,4.0214,7.329,6.7515,29.472,77.9,8891,11400,115.9,0.0,23.6,27.6,charging,True,True,False,False,False,False,0,6913,32770,0,1024,0
2026-08-14T04:14:10.096,3463076,13127,8.0309,8.1281,4.0262,4.0214,7.329,6.7515,29.472,77.9,8891,11400,115.9,0.0,23.6,27.6,charging,True,True,False,False,False,False,0,6913,32770,0,1024,0
2026-08-14T04:14:10.596,3464076,13128,8.0309,8.1281,4.0275,4.0216,7.3303,6.8515,29.478,78.0,8894,11400,115.9,0.0,23.7,27.8,charging,True,True,False,False,False,False,0,6913,32898,0,1024,0
2026-08-14T04:14:11.093,3464076,13128,8.0309,8.1281,4.0275,4.0216,7.3303,6.8515,29.478,78.0,8894,11400,115.9,0.0,23.7,27.8,charging,True,True,False,False,False,False,0,6913,32898,0,1024,0
2026-08-14T04:14:11.592,3465076,13129,8.0309,8.1281,4.0275,4.0204,7.3012,6.9309,29.353,78.0,8896,11400,115.9,0.0,23.7,28.0,charging,True,True,False,False,False,False,0,6958,32898,0,1024,0
2026-08-14T04:14:12.090,3465076,13129,8.0309,8.1281,4.0275,4.0204,7.3012,6.9309,29.353,78.0,8896,11400,115.9,0.0,23.7,28.0,charging,True,True,False,False,False,False,0,6958,32898,0,1024,0
2026-08-14T04:14:12.589,3466076,13130,8.0309,8.1281,4.0281,4.0207,7.31,6.999,29.39,78.0,8898,11400,115.9,0.0,23.8,28.1,charging,True,True,False,False,False,False,0,6975,32898,0,1024,0
2026-08-14T04:14:13.087,3466076,13130,8.0309,8.1281,4.0281,4.0207,7.31,6.999,29.39,78.0,8898,11400,115.9,0.0,23.8,28.1,charging,True,True,False,False,False,False,0,6975,32898,0,1024,0
2026-08-14T04:14:13.586,3467076,13131,8.0309,8.1281,4.0275,4.021,7.3218,7.054,29.441,78.0,8900,11400,115.9,0.0,23.9,28.1,charging,True,True,False,False,False,False,0,7008,32898,0,1024,0
2026-08-14T04:14:14.085,3467076,13131,8.0309,8.1281,4.0275,4.021,7.3218,7.054,29.441,78.0,8900,11400,115.9,0.0,23.9,28.1,charging,True,True,False,False,False,False,0,7008,32898,0,1024,0
2026-08-14T04:14:14.583,3468076,13132,8.0309,8.1281,4.0286,4.021,7.3481,7.1018,29.547,78.0,8902,11400,115.9,0.0,24.0,28.4,charging,True,True,False,False,False,False,0,7008,32898,0,1024,0
2026-08-14T04:14:15.082,3468076,13132,8.0309,8.1281,4.0286,4.021,7.3481,7.1018,29.547,78.0,8902,11400,115.9,0.0,24.0,28.4,charging,True,True,False,False,False,False,0,7008,32898,0,1024,0
2026-08-14T04:14:15.580,3469076,13133,8.0309,8.1281,4.0286,4.0232,7.3118,7.139,29.417,78.0,8904,11400,115.9,0.0,24.0,28.5,charging,True,True,False,False,False,False,0,7020,32898,0,1024,0
2026-08-14T04:14:16.079,3469076,13133,8.0309,8.1281,4.0286,4.0232,7.3118,7.139,29.417,78.0,8904,11400,115.9,0.0,24.0,28.5,charging,True,True,False,False,False,False,0,7020,32898,0,1024,0
2026-08-14T04:14:16.578,3470076,13134,8.0309,8.1281,4.0278,4.0223,7.3159,7.1618,29.499,78.1,8906,11400,115.9,0.0,24.1,28.8,charging,True,True,False,False,False,False,0,7042,32898,0,1024,0
2026-08-14T04:14:17.076,3470076,13134,8.0309,8.1281,4.0278,4.0223,7.3159,7.1618,29.499,78.1,8906,11400,115.9,0.0,24.1,28.8,charging,True,True,False,False,False,False,0,7042,32898,0,1024,0
2026-08-14T04:14:17.574,3471076,13135,8.0309,8.1281,4.0292,4.0234,7.314,7.1909,29.427,78.1,8908,11400,115.9,0.0,24.2,28.8,charging,True,True,False,False,False,False,0,7042,32898,0,1024,0
2026-08-14T04:14:18.073,3471076,13135,8.0309,8.1281,4.0292,4.0234,7.314,7.1909,29.427,78.1,8908,11400,115.9,0.0,24.2,28.8,charging,True,True,False,False,False,False,0,7042,32898,0,1024,0
2026-08-14T04:14:18.571,3472076,13136,8.0309,8.1281,4.0304,4.0236,7.3206,7.2143,29.454,78.1,8910,11400,115.9,0.0,24.2,29.0,charging,True,True,False,False,False,False,0,7048,32898,0,1024,0
2026-08-14T04:14:19.070,3472076,13136,8.0309,8.1281,4.0304,4.0236,7.3206,7.2143,29.454,78.1,8910,11400,115.9,0.0,24.2,29.0,charging,True,True,False,False,False,False,0,7048,32898,0,1024,0
2026-08-14T04:14:19.568,3473076,13137,8.0309,8.1281,4.0292,4.0243,7.359,7.2365,29.614,78.1,8912,11400,115.9,0.0,24.3,29.5,charging,True,True,False,False,False,False,0,7048,32898,0,1024,0
2026-08-14T04:14:20.067,3473076,13137,8.0309,8.1281,4.0292,4.0243,7.359,7.2365,29.614,78.1,8912,11400,115.9,0.0,24.3,29.5,charging,True,True,False,False,False,False,0,7048,32898,0,1024,0
2026-08-14T04:14:20.566,3474076,13138,8.0309,8.1587,4.0299,4.0257,7.3371,7.2525,29.536,78.1,8914,11400,115.9,0.0,24.5,30.0,charging,True,True,False,False,False,False,0,7059,32898,0,1024,0
2026-08-14T04:14:21.064,3474076,13138,8.0309,8.1587,4.0299,4.0257,7.3371,7.2525,29.536,78.1,8914,11400,115.9,0.0,24.5,30.0,charging,True,True,False,False,False,False,0,7059,32898,0,1024,0
2026-08-14T04:14:21.565,3475076,13139,8.0546,8.1587,4.0292,4.0251,7.3459,7.2678,29.568,78.2,8916,11400,115.9,0.0,24.7,30.2,charging,True,True,False,False,False,False,0,7059,32898,0,1024,0
2026-08-14T04:14:22.061,3475076,13139,8.0546,8.1587,4.0292,4.0251,7.3459,7.2678,29.568,78.2,8916,11400,115.9,0.0,24.7,30.2,charging,True,True,False,False,False,False,0,7059,32898,0,1024,0
2026-08-14T04:14:22.560,3476076,13140,8.0546,8.1587,4.0304,4.0258,7.3315,7.279,29.515,78.2,8918,11400,115.9,0.0,24.7,30.1,charging,True,True,False,False,False,False,0,7070,32898,0,1024,0
2026-08-14T04:14:23.059,3476076,13140,8.0546,8.1587,4.0304,4.0258,7.3315,7.279,29.515,78.2,8918,11400,115.9,0.0,24.7,30.1,charging,True,True,False,False,False,False,0,7070,32898,0,1024,0
2026-08-14T04:14:23.557,3477076,13141,8.0546,8.1587,4.0308,4.0249,7.3268,7.285,29.488,78.2,8920,11400,115.9,0.0,24.8,30.0,charging,True,True,False,False,False,False,0,7065,32898,0,1024,0
2026-08-14T04:14:24.056,3477076,13141,8.0546,8.1587,4.0308,4.0249,7.3268,7.285,29.488,78.2,8920,11400,115.9,0.0,24.8,30.0,charging,True,True,False,False,False,False,0,7065,32898,0,1024,0
2026-08-14T04:14:24.554,3478076,13142,8.0546,8.1587,4.0323,4.0253,7.3484,7.294,29.579,78.2,8922,11400,115.9,0.0,24.9,30.0,charging,True,True,False,False,False,False,0,7065,32898,0,1024,0
2026-08-14T04:14:25.053,3478076,13142,8.0546,8.1587,4.0323,4.0253,7.3484,7.294,29.579,78.2,8922,11400,115.9,0.0,24.9,30.0,charging,True,True,False,False,False,False,0,7065,32898,0,1024,0
2026-08-14T04:14:25.551,3479076,13143,8.0546,8.1587,4.0314,4.0249,7.3568,7.3043,29.609,78.2,8924,11400,115.9,0.0,24.9,30.1,charging,True,True,False,False,False,False,0,7065,32898,0,1024,0
2026-08-14T04:14:26.050,3479076,13143,8.0546,8.1587,4.0314,4.0249,7.3568,7.3043,29.609,78.2,8924,11400,115.9,0.0,24.9,30.1,charging,True,True,False,False,False,False,0,7065,32898,0,1024,0
2026-08-14T04:14:26.549,3480076,13144,8.0546,8.1587,4.0321,4.0253,7.3403,7.3121,29.545,78.2,8926,11400,115.9,0.0,25.0,30.3,charging,True,True,False,False,False,False,0,7081,32898,0,1024,0
2026-08-14T04:14:27.047,3480076,13144,8.0546,8.1587,4.0321,4.0253,7.3403,7.3121,29.545,78.2,8926,11400,115.9,0.0,25.0,30.3,charging,True,True,False,False,False,False,0,7081,32898,0,1024,0
2026-08-14T04:14:27.547,3481076,13145,8.0546,8.1587,4.0331,4.0278,7.3256,7.3171,29.505,78.3,8928,11400,115.9,0.0,25.1,30.4,charging,True,True,False,False,False,False,0,7081,32898,0,1024,0
2026-08-14T04:14:28.044,3481076,13145,8.0546,8.1587,4.0331,4.0278,7.3256,7.3171,29.505,78.3,8928,11400,115.9,0.0,25.1,30.4,charging,True,True,False,False,False,False,0,7081,32898,0,1024,0
2026-08-14T04:14:28.543,3482076,13146,8.0546,8.1587,4.0332,4.0264,7.3728,7.319,29.684,78.3,8930,11400,115.9,0.0,25.2,30.6,charging,True,True,False,False,False,False,0,7076,32898,0,1024,0
2026-08-14T04:14:29.042,3482076,13146,8.0546,8.1587,4.0332,4.0264,7.3728,7.319,29.684,78.3,8930,11400,115.9,0.0,25.2,30.6,charging,True,True,False,False,False,False,0,7076,32898,0,1024,0
2026-08-14T04:14:29.540,3483076,13147,8.0546,8.1587,4.0334,4.0264,7.3412,7.3259,29.558,78.3,8932,11400,115.9,0.0,25.2,31.0,charging,True,True,False,False,False,False,0,7076,32898,0,1024,0
2026-08-14T04:14:30.039,3483076,13147,8.0546,8.1587,4.0334,4.0264,7.3412,7.3259,29.558,78.3,8932,11400,115.9,0.0,25.2,31.0,charging,True,True,False,False,False,False,0,7076,32898,0,1024,0
2026-08-14T04:14:30.538,3484076,13148,8.0546,8.1587,4.0325,4.0258,7.3609,7.3303,29.632,78.3,8934,11400,115.9,0.0,25.3,30.8,charging,True,True,False,False,False,False,0,7076,32898,0,1024,0
2026-08-14T04:14:31.036,3484076,13148,8.0546,8.1587,4.0325,4.0258,7.3609,7.3303,29.632,78.3,8934,11400,115.9,0.0,25.3,30.8,charging,True,True,False,False,False,False,0,7076,32898,0,1024,0
2026-08-14T04:14:31.535,3485076,13149,8.0546,8.1587,4.0321,4.0271,7.3615,7.3368,29.644,78.3,8936,11400,115.9,0.0,25.4,31.1,charging,True,True,False,False,False,False,0,7076,32898,0,1024,0
2026-08-14T04:14:32.033,3485076,13149,8.0546,8.1587,4.0321,4.0271,7.3615,7.3368,29.644,78.3,8936,11400,115.9,0.0,25.4,31.1,charging,True,True,False,False,False,False,0,7076,32898,0,1024,0
2026-08-14T04:14:32.532,3486076,13150,8.0546,8.1587,4.0338,4.0266,7.3468,7.3396,29.582,78.4,8938,11400,115.9,0.0,25.4,31.1,charging,True,True,False,False,False,False,0,7081,32898,0,1024,0
2026-08-14T04:14:33.031,3486076,13150,8.0546,8.1587,4.0338,4.0266,7.3468,7.3396,29.582,78.4,8938,11400,115.9,0.0,25.4,31.1,charging,True,True,False,False,False,False,0,7081,32898,0,1024,0
2026-08-14T04:14:33.529,3487076,13151,8.0546,8.1587,4.0343,4.0266,7.3734,7.3437,29.689,78.4,8940,11400,115.9,0.0,25.4,31.2,charging,True,True,False,False,False,False,0,7081,32898,0,1024,0
2026-08-14T04:14:34.028,3487076,13151,8.0546,8.1587,4.0343,4.0266,7.3734,7.3437,29.689,78.4,8940,11400,115.9,0.0,25.4,31.2,charging,True,True,False,False,False,False,0,7081,32898,0,1024,0
2026-08-14T04:14:34.526,3488076,13152,8.0546,8.1587,4.0343,4.0275,7.3737,7.3443,29.697,78.4,8942,11400,115.9,0.0,25.5,31.4,charging,True,True,False,False,False,False,0,7081,32898,0,1024,0
2026-08-14T04:14:35.027,3488076,13152,8.0546,8.1587,4.0343,4.0275,7.3737,7.3443,29.697,78.4,8942,11400,115.9,0.0,25.5,31.4,charging,True,True,False,False,False,False,0,7081,32898,0,1024,0
2026-08-14T04:14:35.525,3489076,13153,8.0546,8.1587,4.0334,4.0271,7.3309,7.3475,29.521,78.4,8944,11400,115.9,0.0,25.6,31.5,charging,True,True,False,False,False,False,0,7081,32898,0,1024,0
2026-08-14T04:14:36.023,3489076,13153,8.0546,8.1587,4.0334,4.0271,7.3309,7.3475,29.521,78.4,8944,11400,115.9,0.0,25.6,31.5,charging,True,True,False,False,False,False,0,7081,32898,0,1024,0
2026-08-14T04:14:36.521,3490076,13154,8.0546,8.1587,4.0358,4.0271,7.344,7.3459,29.574,78.4,8946,11400,115.9,0.0,25.6,31.7,charging,True,True,False,False,False,False,0,7076,32898,0,1024,0
2026-08-14T04:14:37.019,3490076,13154,8.0546,8.1587,4.0358,4.0271,7.344,7.3459,29.574,78.4,8946,11400,115.9,0.0,25.6,31.7,charging,True,True,False,False,False,False,0,7076,32898,0,1024,0
2026-08-14T04:14:37.518,3491076,13155,8.0546,8.1587,4.0338,4.0278,7.3409,7.3465,29.566,78.4,8948,11400,115.9,0.0,25.7,31.7,charging,True,True,False,False,False,False,0,7076,32898,0,1024,0
2026-08-14T04:14:38.024,3491076,13155,8.0546,8.1587,4.0338,4.0278,7.3409,7.3465,29.566,78.4,8948,11400,115.9,0.0,25.7,31.7,charging,True,True,False,False,False,False,0,7076,32898,0,1024,0
2026-08-14T04:14:38.516,3492076,13156,8.0546,8.1587,4.0353,4.0277,7.3471,7.3462,29.59,78.5,8950,11400,115.9,0.0,25.8,31.7,charging,True,True,False,False,False,False,0,7076,32898,0,1024,0
2026-08-14T04:14:39.014,3492076,13156,8.0546,8.1587,4.0353,4.0277,7.3471,7.3462,29.59,78.5,8950,11400,115.9,0.0,25.8,31.7,charging,True,True,False,False,False,False,0,7076,32898,0,1024,0
2026-08-14T04:14:39.513,3493076,13157,8.0546,8.1587,4.0366,4.0289,7.3587,7.3503,29.646,78.5,8952,11400,115.9,0.0,25.8,31.9,charging,True,True,False,False,False,False,0,7076,32898,0,1024,0
2026-08-14T04:14:40.011,3493076,13157,8.0546,8.1587,4.0366,4.0289,7.3587,7.3503,29.646,78.5,8952,11400,115.9,0.0,25.8,31.9,charging,True,True,False,False,False,False,0,7076,32898,0,1024,0
2026-08-14T04:14:40.510,3494076,13158,8.0546,8.1587,4.0351,4.0301,7.3721,7.3525,29.71,78.5,8954,11400,115.9,0.0,25.9,32.0,charging,True,True,False,False,False,False,0,7076,32898,0,1024,0
2026-08-14T04:14:41.008,3494076,13158,8.0546,8.1587,4.0351,4.0301,7.3721,7.3525,29.71,78.5,8954,11400,115.9,0.0,25.9,32.0,charging,True,True,False,False,False,False,0,7076,32898,0,1024,0
2026-08-14T04:14:41.507,3495076,13159,8.0546,8.1587,4.0371,4.0299,7.3443,7.3503,29.595,78.5,8956,11400,115.9,0.0,26.0,32.2,charging,True,True,False,False,False,False,0,7076,32898,0,1024,0
2026-08-14T04:14:42.005,3495076,13159,8.0546,8.1587,4.0371,4.0299,7.3443,7.3503,29.595,78.5,8956,11400,115.9,0.0,26.0,32.2,charging,True,True,False,False,False,False,0,7076,32898,0,1024,0
2026-08-14T04:14:42.504,3496076,13160,8.0546,8.1587,4.0351,4.0296,7.35,7.3525,29.616,78.5,8958,11400,115.9,0.0,26.1,32.1,charging,True,True,False,False,False,False,0,7070,32898,0,1024,0
2026-08-14T04:14:43.002,3496076,13160,8.0546,8.1587,4.0351,4.0296,7.35,7.3525,29.616,78.5,8958,11400,115.9,0.0,26.1,32.1,charging,True,True,False,False,False,False,0,7070,32898,0,1024,0
2026-08-14T04:14:43.501,3497076,13161,8.0643,8.1734,4.0351,4.0296,7.3737,7.3556,29.712,78.5,8960,11400,115.9,0.0,26.1,32.3,charging,True,True,False,False,False,False,0,7070,32898,0,1024,0
2026-08-14T04:14:43.999,3497076,13161,8.0643,8.1734,4.0351,4.0296,7.3737,7.3556,29.712,78.5,8960,11400,115.9,0.0,26.1,32.3,charging,True,True,False,False,False,False,0,7070,32898,0,1024,0
2026-08-14T04:14:44.499,3498076,13162,8.0643,8.1734,4.0358,4.0288,7.365,7.3581,29.67,78.6,8962,11400,115.9,0.0,26.2,32.5,charging,True,True,False,False,False,False,0,7070,32898,0,1024,0
2026-08-14T04:14:44.996,3498076,13162,8.0643,8.1734,4.0358,4.0288,7.365,7.3581,29.67,78.6,8962,11400,115.9,0.0,26.2,32.5,charging,True,True,False,False,False,False,0,7070,32898,0,1024,0
2026-08-14T04:14:45.495,3499076,13163,8.0643,8.1734,4.0369,4.0303,7.3971,7.3615,29.812,78.6,8964,11400,115.9,0.0,26.3,32.5,charging,True,True,False,False,False,False,0,7070,32898,0,1024,0
2026-08-14T04:14:45.993,3499076,13163,8.0643,8.1734,4.0369,4.0303,7.3971,7.3615,29.812,78.6,8964,11400,115.9,0.0,26.3,32.5,charging,True,True,False,False,False,False,0,7070,32898,0,1024,0
2026-08-14T04:14:46.492,3500076,13164,8.0643,8.1734,4.0371,4.0296,7.3675,7.3631,29.686,78.6,8966,11400,115.9,0.0,26.3,32.7,charging,True,True,False,False,False,False,0,7070,32898,0,1024,0
2026-08-14T04:14:46.991,3500076,13164,8.0643,8.1734,4.0371,4.0296,7.3675,7.3631,29.686,78.6,8966,11400,115.9,0.0,26.3,32.7,charging,True,True,False,False,False,False,0,7070,32898,0,1024,0
2026-08-14T04:14:47.489,3501076,13165,8.0643,8.1734,4.0369,4.0296,7.4018,7.3665,29.825,78.6,8968,11400,115.9,0.0,26.4,32.7,charging,True,True,False,False,False,False,0,7065,32898,0,1024,0
2026-08-14T04:14:47.988,3501076,13165,8.0643,8.1734,4.0369,4.0296,7.4018,7.3665,29.825,78.6,8968,11400,115.9,0.0,26.4,32.7,charging,True,True,False,False,False,False,0,7065,32898,0,1024,0
2026-08-14T04:14:48.488,3502076,13166,8.0643,8.1734,4.0358,4.0301,7.3681,7.3681,29.694,78.6,8971,11400,115.9,0.0,26.5,33.0,charging,True,True,False,False,False,False,0,7065,32898,0,1024,0
2026-08-14T04:14:48.985,3502076,13166,8.0643,8.1734,4.0358,4.0301,7.3681,7.3681,29.694,78.6,8971,11400,115.9,0.0,26.5,33.0,charging,True,True,False,False,False,False,0,7065,32898,0,1024,0
2026-08-14T04:14:49.484,3503076,13167,8.0643,8.1734,4.036,4.0316,7.3631,7.3681,29.676,78.6,8972,11400,115.9,0.0,26.6,33.1,charging,True,True,False,False,False,False,0,7065,32898,0,1024,0
2026-08-14T04:14:49.982,3503076,13167,8.0643,8.1734,4.036,4.0316,7.3631,7.3681,29.676,78.6,8972,11400,115.9,0.0,26.6,33.1,charging,True,True,False,False,False,False,0,7065,32898,0,1024,0
2026-08-14T04:14:50.483,3504076,13168,8.0643,8.1734,4.0367,4.0307,7.3812,7.3706,29.75,78.7,8974,11400,115.9,0.0,26.6,33.2,charging,True,True,False,False,False,False,0,7065,32898,0,1024,0
2026-08-14T04:14:50.979,3504076,13168,8.0643,8.1734,4.0367,4.0307,7.3812,7.3706,29.75,78.7,8974,11400,115.9,0.0,26.6,33.2,charging,True,True,False,False,False,False,0,7065,32898,0,1024,0
2026-08-14T04:14:51.478,3505076,13169,8.0643,8.1734,4.0373,4.0299,7.3446,7.3681,29.596,78.7,8976,11400,115.9,0.0,26.7,33.1,charging,True,True,False,False,False,False,0,7059,32898,0,1024,0
2026-08-14T04:14:51.976,3505076,13169,8.0643,8.1734,4.0373,4.0299,7.3446,7.3681,29.596,78.7,8976,11400,115.9,0.0,26.7,33.1,charging,True,True,False,False,False,False,0,7059,32898,0,1024,0
2026-08-14T04:14:52.475,3506076,13170,8.0643,8.1734,4.0384,4.0312,7.3846,7.3706,29.768,78.7,8978,11400,115.9,0.0,26.8,33.4,charging,True,True,False,False,False,False,0,7059,32898,0,1024,0
2026-08-14T04:14:52.974,3506076,13170,8.0643,8.1734,4.0384,4.0312,7.3846,7.3706,29.768,78.7,8978,11400,115.9,0.0,26.8,33.4,charging,True,True,False,False,False,False,0,7059,32898,0,1024,0
2026-08-14T04:14:53.472,3507076,13171,8.0643,8.1734,4.0375,4.0308,7.3609,7.3718,29.668,78.7,8980,11400,115.9,0.0,26.8,33.4,charging,True,True,False,False,False,False,0,7059,32898,0,1024,0
2026-08-14T04:14:53.971,3507076,13171,8.0643,8.1734,4.0375,4.0308,7.3609,7.3718,29.668,78.7,8980,11400,115.9,0.0,26.8,33.4,charging,True,True,False,False,False,False,0,7059,32898,0,1024,0
2026-08-14T04:14:54.469,3508076,13172,8.0643,8.1734,4.0381,4.0312,7.3784,7.3728,29.744,78.7,8983,11400,115.9,0.0,26.8,33.6,charging,True,True,False,False,False,False,0,7059,32898,0,1024,0
2026-08-14T04:14:54.968,3508076,13172,8.0643,8.1734,4.0381,4.0312,7.3784,7.3728,29.744,78.7,8983,11400,115.9,0.0,26.8,33.6,charging,True,True,False,False,False,False,0,7059,32898,0,1024,0
2026-08-14T04:14:55.468,3509076,13173,8.0643,8.1734,4.0371,4.0319,7.3734,7.3737,29.728,78.8,8985,11400,115.9,0.0,26.9,33.5,charging,True,True,False,False,False,False,0,7059,32898,0,1024,0
2026-08-14T04:14:55.965,3509076,13173,8.0643,8.1734,4.0371,4.0319,7.3734,7.3737,29.728,78.8,8985,11400,115.9,0.0,26.9,33.5,charging,True,True,False,False,False,False,0,7059,32898,0,1024,0
2026-08-14T04:14:56.463,3510076,13174,8.0643,8.1734,4.0384,4.0303,7.3831,7.3737,29.755,78.8,8986,11400,115.9,0.0,27.0,33.6,charging,True,True,False,False,False,False,0,7059,32898,0,1024,0
2026-08-14T04:14:56.962,3510076,13174,8.0643,8.1734,4.0384,4.0303,7.3831,7.3737,29.755,78.8,8986,11400,115.9,0.0,27.0,33.6,charging,True,True,False,False,False,False,0,7059,32898,0,1024,0
2026-08-14T04:14:57.460,3511076,13175,8.0643,8.1734,4.0375,4.0308,7.3731,7.3731,29.718,78.8,8988,11400,115.9,0.0,27.0,33.8,charging,True,True,False,False,False,False,0,7053,32898,0,1024,0
2026-08-14T04:14:57.959,3511076,13175,8.0643,8.1734,4.0375,4.0308,7.3731,7.3731,29.718,78.8,8988,11400,115.9,0.0,27.0,33.8,charging,True,True,False,False,False,False,0,7053,32898,0,1024,0
2026-08-14T04:14:58.457,3512076,13176,8.0643,8.1734,4.0382,4.0314,7.3806,7.3756,29.753,78.8,8990,11400,115.9,0.0,27.1,33.7,charging,True,True,False,False,False,False,0,7070,32898,0,1024,0
2026-08-14T04:14:58.956,3512076,13176,8.0643,8.1734,4.0382,4.0314,7.3806,7.3756,29.753,78.8,8990,11400,115.9,0.0,27.1,33.7,charging,True,True,False,False,False,False,0,7070,32898,0,1024,0
2026-08-14T04:14:59.454,3513076,13177,8.0643,8.1734,4.0382,4.0314,7.3871,7.3771,29.779,78.8,8992,11400,115.9,0.0,27.2,33.9,charging,True,True,False,False,False,False,0,7070,32898,0,1024,0
2026-08-14T04:14:59.953,3513076,13177,8.0643,8.1734,4.0382,4.0314,7.3871,7.3771,29.779,78.8,8992,11400,115.9,0.0,27.2,33.9,charging,True,True,False,False,False,False,0,7070,32898,0,1024,0
2026-08-14T04:15:00.451,3514076,13178,8.0643,8.1734,4.0386,4.0325,7.3837,7.3784,29.774,78.8,8994,11400,115.9,0.0,27.2,34.1,charging,True,True,False,False,False,False,0,7070,32898,0,1024,0
2026-08-14T04:15:00.950,3514076,13178,8.0643,8.1734,4.0386,4.0325,7.3837,7.3784,29.774,78.8,8994,11400,115.9,0.0,27.2,34.1,charging,True,True,False,False,False,False,0,7070,32898,0,1024,0
2026-08-14T04:15:01.450,3515076,13179,8.0643,8.1734,4.0382,4.0328,7.3828,7.3784,29.772,78.9,8997,11400,115.9,0.0,27.2,34.2,charging,True,True,False,False,False,False,0,7070,32898,0,1024,0
2026-08-14T04:15:01.948,3515076,13179,8.0643,8.1734,4.0382,4.0328,7.3828,7.3784,29.772,78.9,8997,11400,115.9,0.0,27.2,34.2,charging,True,True,False,False,False,False,0,7070,32898,0,1024,0
2026-08-14T04:15:02.446,3516076,13180,8.0643,8.1734,4.0386,4.0347,7.3612,7.3793,29.699,78.9,8999,11400,115.9,0.0,27.3,34.3,charging,True,True,False,False,False,False,0,7070,32898,0,1024,0
2026-08-14T04:15:02.945,3516076,13180,8.0643,8.1734,4.0386,4.0347,7.3612,7.3793,29.699,78.9,8999,11400,115.9,0.0,27.3,34.3,charging,True,True,False,False,False,False,0,7070,32898,0,1024,0
2026-08-14T04:15:03.444,3517076,13181,8.0643,8.1734,4.0399,4.0319,7.3646,7.3762,29.692,78.9,9000,11400,115.9,0.0,27.3,34.3,charging,True,True,False,False,False,False,0,7065,32898,0,1024,0
2026-08-14T04:15:03.942,3517076,13181,8.0643,8.1734,4.0399,4.0319,7.3646,7.3762,29.692,78.9,9000,11400,115.9,0.0,27.3,34.3,charging,True,True,False,False,False,False,0,7065,32898,0,1024,0
2026-08-14T04:15:04.441,3518076,13182,8.0643,8.1734,4.0393,4.0339,7.3796,7.3759,29.768,78.9,9002,11400,115.9,0.0,27.4,34.4,charging,True,True,False,False,False,False,0,7065,32898,0,1024,0
2026-08-14T04:15:04.940,3518076,13182,8.0643,8.1734,4.0393,4.0339,7.3796,7.3759,29.768,78.9,9002,11400,115.9,0.0,27.4,34.4,charging,True,True,False,False,False,False,0,7065,32898,0,1024,0
2026-08-14T04:15:05.439,3519076,13183,8.0643,8.1771,4.0393,4.0332,7.3584,7.375,29.678,78.9,9004,11400,115.9,0.0,27.5,34.4,charging,True,True,False,False,False,False,0,7065,32898,0,1024,0
2026-08-14T04:15:05.937,3519076,13183,8.0643,8.1771,4.0393,4.0332,7.3584,7.375,29.678,78.9,9004,11400,115.9,0.0,27.5,34.4,charging,True,True,False,False,False,False,0,7065,32898,0,1024,0
2026-08-14T04:15:06.437,3520076,13184,8.0696,8.1771,4.0421,4.0342,7.3765,7.3743,29.758,79.0,9006,11400,115.9,0.0,27.6,34.5,charging,True,True,False,False,False,False,0,7065,32898,0,1024,0
2026-08-14T04:15:06.934,3520076,13184,8.0696,8.1771,4.0421,4.0342,7.3765,7.3743,29.758,79.0,9006,11400,115.9,0.0,27.6,34.5,charging,True,True,False,False,False,False,0,7065,32898,0,1024,0
2026-08-14T04:15:07.433,3521076,13185,8.0696,8.1771,4.0392,4.0328,7.3615,7.3725,29.686,79.0,9008,11400,115.9,0.0,27.6,34.6,charging,True,True,False,False,False,False,0,7048,32898,0,1024,0
2026-08-14T04:15:07.932,3521076,13185,8.0696,8.1771,4.0392,4.0328,7.3615,7.3725,29.686,79.0,9008,11400,115.9,0.0,27.6,34.6,charging,True,True,False,False,False,False,0,7048,32898,0,1024,0
2026-08-14T04:15:08.430,3522076,13186,8.0696,8.1771,4.0384,4.0342,7.3593,7.3693,29.688,79.0,9011,11400,115.9,0.0,27.7,34.7,charging,True,True,False,False,False,False,0,7048,32898,0,1024,0
2026-08-14T04:15:08.929,3522076,13186,8.0696,8.1771,4.0384,4.0342,7.3593,7.3693,29.688,79.0,9011,11400,115.9,0.0,27.7,34.7,charging,True,True,False,False,False,False,0,7048,32898,0,1024,0
2026-08-14T04:15:09.428,3523076,13187,8.0696,8.1771,4.0401,4.0323,7.3509,7.3653,29.64,79.0,9012,11400,115.9,0.0,27.7,34.8,charging,True,True,False,False,False,False,0,7048,32898,0,1024,0
2026-08-14T04:15:09.926,3523076,13187,8.0696,8.1771,4.0401,4.0323,7.3509,7.3653,29.64,79.0,9012,11400,115.9,0.0,27.7,34.8,charging,True,True,False,False,False,False,0,7048,32898,0,1024,0
2026-08-14T04:15:10.425,3524076,13188,8.0696,8.1771,4.0382,4.0339,7.3459,7.3612,29.632,79.0,9014,11400,115.9,0.0,27.7,34.8,charging,True,True,False,False,False,False,0,7042,32898,0,1024,0
2026-08-14T04:15:10.924,3524076,13188,8.0696,8.1771,4.0382,4.0339,7.3459,7.3612,29.632,79.0,9014,11400,115.9,0.0,27.7,34.8,charging,True,True,False,False,False,False,0,7042,32898,0,1024,0
2026-08-14T04:15:11.423,3525076,13189,8.0696,8.1771,4.0416,4.0342,7.3359,7.3565,29.593,79.0,9016,11400,115.9,0.0,27.8,34.7,charging,True,True,False,False,False,False,0,7042,32898,0,1024,0
2026-08-14T04:15:11.921,3525076,13189,8.0696,8.1771,4.0416,4.0342,7.3359,7.3565,29.593,79.0,9016,11400,115.9,0.0,27.8,34.7,charging,True,True,False,False,False,False,0,7042,32898,0,1024,0
2026-08-14T04:15:12.422,3526076,13190,8.0696,8.1771,4.0397,4.0336,7.3053,7.349,29.465,79.1,9018,11400,115.9,0.0,27.9,35.1,charging,True,True,False,False,False,False,0,7042,32898,0,1024,0
2026-08-14T04:15:12.919,3526076,13190,8.0696,8.1771,4.0397,4.0336,7.3053,7.349,29.465,79.1,9018,11400,115.9,0.0,27.9,35.1,charging,True,True,False,False,False,False,0,7042,32898,0,1024,0
2026-08-14T04:15:13.418,3527076,13191,8.0696,8.1771,4.0421,4.0343,7.314,7.3437,29.507,79.1,9020,11400,115.9,0.0,28.0,35.1,charging,True,True,False,False,False,False,0,7042,32898,0,1024,0
2026-08-14T04:15:13.916,3527076,13191,8.0696,8.1771,4.0421,4.0343,7.314,7.3437,29.507,79.1,9020,11400,115.9,0.0,28.0,35.1,charging,True,True,False,False,False,False,0,7042,32898,0,1024,0
2026-08-14T04:15:14.415,3528076,13192,8.0696,8.1771,4.0417,4.0331,7.3006,7.3371,29.443,79.1,9022,11400,115.9,0.0,28.0,35.2,charging,True,True,False,False,False,False,0,7042,32898,0,1024,0
2026-08-14T04:15:14.913,3528076,13192,8.0696,8.1771,4.0417,4.0331,7.3006,7.3371,29.443,79.1,9022,11400,115.9,0.0,28.0,35.2,charging,True,True,False,False,False,False,0,7042,32898,0,1024,0
2026-08-14T04:15:15.412,3529076,13193,8.0696,8.1771,4.0403,4.0349,7.2921,7.3321,29.422,79.1,9024,11400,115.9,0.0,28.0,35.2,charging,True,True,False,False,False,False,0,7031,32898,0,1024,0
2026-08-14T04:15:15.911,3529076,13193,8.0696,8.1771,4.0403,4.0349,7.2921,7.3321,29.422,79.1,9024,11400,115.9,0.0,28.0,35.2,charging,True,True,False,False,False,False,0,7031,32898,0,1024,0
2026-08-14T04:15:16.409,3530076,13194,8.0696,8.1771,4.0399,4.0339,7.304,7.3262,29.462,79.1,9026,11400,115.9,0.0,28.1,35.3,charging,True,True,False,False,False,False,0,7031,32898,0,1024,0
2026-08-14T04:15:16.908,3530076,13194,8.0696,8.1771,4.0399,4.0339,7.304,7.3262,29.462,79.1,9026,11400,115.9,0.0,28.1,35.3,charging,True,True,False,False,False,False,0,7031,32898,0,1024,0
2026-08-14T04:15:17.407,3531076,13195,8.0696,8.1771,4.0414,4.0336,7.2925,7.3228,29.414,79.1,9028,11400,115.9,0.0,28.1,35.2,charging,True,True,False,False,False,False,0,7031,32898,0,1024,0
2026-08-14T04:15:17.905,3531076,13195,8.0696,8.1771,4.0414,4.0336,7.2925,7.3228,29.414,79.1,9028,11400,115.9,0.0,28.1,35.2,charging,True,True,False,False,False,False,0,7031,32898,0,1024,0
2026-08-14T04:15:18.405,3532076,13196,8.0696,8.1771,4.0416,4.0325,7.28,7.3165,29.355,79.2,9030,11400,115.9,0.0,28.2,35.5,charging,True,True,False,False,False,False,0,7025,32898,0,1024,0
2026-08-14T04:15:18.902,3532076,13196,8.0696,8.1771,4.0416,4.0325,7.28,7.3165,29.355,79.2,9030,11400,115.9,0.0,28.2,35.5,charging,True,True,False,False,False,False,0,7025,32898,0,1024,0
2026-08-14T04:15:19.401,3533076,13197,8.0696,8.1771,4.0423,4.0342,7.2709,7.3106,29.331,79.2,9032,11400,115.9,0.0,28.3,35.6,charging,True,True,False,False,False,False,0,7025,32898,0,1024,0
2026-08-14T04:15:19.899,3533076,13197,8.0696,8.1771,4.0423,4.0342,7.2709,7.3106,29.331,79.2,9032,11400,115.9,0.0,28.3,35.6,charging,True,True,False,False,False,False,0,7025,32898,0,1024,0
2026-08-14T04:15:20.398,3534076,13198,8.0696,8.1771,4.0408,4.0336,7.2825,7.3059,29.374,79.2,9034,11400,115.9,0.0,28.3,35.5,charging,True,True,False,False,False,False,0,7025,32898,0,1024,0
2026-08-14T04:15:20.897,3534076,13198,8.0696,8.1771,4.0408,4.0336,7.2825,7.3059,29.374,79.2,9034,11400,115.9,0.0,28.3,35.5,charging,True,True,False,False,False,False,0,7025,32898,0,1024,0
2026-08-14T04:15:21.395,3535076,13199,8.0696,8.1771,4.0432,4.0346,7.2731,7.2993,29.342,79.2,9036,11400,115.9,0.0,28.3,35.6,charging,True,True,False,False,False,False,0,7025,32898,0,1024,0
2026-08-14T04:15:21.894,3535076,13199,8.0696,8.1771,4.0432,4.0346,7.2731,7.2993,29.342,79.2,9036,11400,115.9,0.0,28.3,35.6,charging,True,True,False,False,False,False,0,7025,32898,0,1024,0
2026-08-14T04:15:22.392,3536076,13200,8.0696,8.1771,4.0421,4.0343,7.2818,7.2965,29.377,79.2,9037,11400,115.9,0.0,28.4,35.8,charging,True,True,False,False,False,False,0,7008,32898,0,1024,0
2026-08-14T04:15:22.891,3536076,13200,8.0696,8.1771,4.0421,4.0343,7.2818,7.2965,29.377,79.2,9037,11400,115.9,0.0,28.4,35.8,charging,True,True,False,False,False,False,0,7008,32898,0,1024,0
2026-08-14T04:15:23.390,3537076,13201,8.0696,8.1771,4.0408,4.0346,7.2703,7.2928,29.331,79.2,9039,11400,115.9,0.0,28.4,35.7,charging,True,True,False,False,False,False,0,7008,32898,0,1024,0
2026-08-14T04:15:23.888,3537076,13201,8.0696,8.1771,4.0408,4.0346,7.2703,7.2928,29.331,79.2,9039,11400,115.9,0.0,28.4,35.7,charging,True,True,False,False,False,False,0,7008,32898,0,1024,0
2026-08-14T04:15:24.388,3538076,13202,8.0696,8.1771,4.0408,4.0369,7.2771,7.2893,29.376,79.3,9042,11400,115.9,0.0,28.4,35.8,charging,True,True,False,False,False,False,0,7008,32898,0,1024,0
2026-08-14T04:15:24.885,3538076,13202,8.0696,8.1771,4.0408,4.0369,7.2771,7.2893,29.376,79.3,9042,11400,115.9,0.0,28.4,35.8,charging,True,True,False,False,False,False,0,7008,32898,0,1024,0
2026-08-14T04:15:25.384,3539076,13203,8.0696,8.1771,4.0407,4.0351,7.2478,7.2825,29.244,79.3,9044,11400,115.9,0.0,28.5,35.9,charging,True,True,False,False,False,False,0,7008,32898,0,1024,0
2026-08-14T04:15:25.883,3539076,13203,8.0696,8.1771,4.0407,4.0351,7.2478,7.2825,29.244,79.3,9044,11400,115.9,0.0,28.5,35.9,charging,True,True,False,False,False,False,0,7008,32898,0,1024,0
2026-08-14T04:15:26.381,3540076,13204,8.0696,8.1771,4.0421,4.0351,7.2362,7.2756,29.198,79.3,9046,11400,115.9,0.0,28.6,35.8,charging,True,True,False,False,False,False,0,7003,32898,0,1024,0
2026-08-14T04:15:26.880,3540076,13204,8.0696,8.1771,4.0421,4.0351,7.2362,7.2756,29.198,79.3,9046,11400,115.9,0.0,28.6,35.8,charging,True,True,False,False,False,False,0,7003,32898,0,1024,0
2026-08-14T04:15:27.378,3541076,13205,8.0696,8.1771,4.0425,4.0362,7.2596,7.2718,29.3,79.3,9048,11400,115.9,0.0,28.7,35.9,charging,True,True,False,False,False,False,0,7003,32898,0,1024,0
2026-08-14T04:15:27.877,3541076,13205,8.0696,8.1771,4.0425,4.0362,7.2596,7.2718,29.3,79.3,9048,11400,115.9,0.0,28.7,35.9,charging,True,True,False,False,False,False,0,7003,32898,0,1024,0
2026-08-14T04:15:28.376,3542076,13206,8.0815,8.1793,4.0434,4.0362,7.2487,7.2684,29.257,79.3,9050,11400,115.9,0.0,28.7,36.1,charging,True,True,False,False,False,False,0,7003,32898,0,1024,0
2026-08-14T04:15:28.874,3542076,13206,8.0815,8.1793,4.0434,4.0362,7.2487,7.2684,29.257,79.3,9050,11400,115.9,0.0,28.7,36.1,charging,True,True,False,False,False,False,0,7003,32898,0,1024,0
2026-08-14T04:15:29.373,3543076,13207,8.0815,8.1793,4.0432,4.0347,7.2384,7.264,29.092,79.3,9051,11400,115.9,0.0,28.7,36.1,charging,True,True,False,False,False,False,0,6991,32898,0,1024,0
2026-08-14T04:15:29.879,3543076,13207,8.0815,8.1793,4.0432,4.0347,7.2384,7.264,29.092,79.3,9051,11400,115.9,0.0,28.7,36.1,charging,True,True,False,False,False,False,0,6991,32898,0,1024,0
2026-08-14T04:15:30.371,3544076,13208,8.0815,8.1793,4.0425,4.0357,7.2246,7.2565,29.155,79.4,9053,11400,115.9,0.0,28.8,36.1,charging,True,True,False,False,False,False,0,6991,32898,0,1024,0
2026-08-14T04:15:30.868,3544076,13208,8.0815,8.1793,4.0425,4.0357,7.2246,7.2565,29.155,79.4,9053,11400,115.9,0.0,28.8,36.1,charging,True,True,False,False,False,False,0,6991,32898,0,1024,0
2026-08-14T04:15:31.367,3545076,13209,8.0815,8.1793,4.0419,4.0346,7.2253,7.2512,29.15,79.4,9055,11400,115.9,0.0,28.8,36.2,charging,True,True,False,False,False,False,0,6991,32898,0,1024,0
2026-08-14T04:15:31.865,3545076,13209,8.0815,8.1793,4.0419,4.0346,7.2253,7.2512,29.15,79.4,9055,11400,115.9,0.0,28.8,36.2,charging,True,True,False,False,False,False,0,6991,32898,0,1024,0
2026-08-14T04:15:32.364,3546076,13210,8.0815,8.1793,4.0436,4.0364,7.2231,7.2465,29.155,79.4,9057,11400,115.9,0.0,28.8,36.3,charging,True,True,False,False,False,False,0,6991,32898,0,1024,0
2026-08-14T04:15:32.863,3546076,13210,8.0815,8.1793,4.0436,4.0364,7.2231,7.2465,29.155,79.4,9057,11400,115.9,0.0,28.8,36.3,charging,True,True,False,False,False,False,0,6991,32898,0,1024,0
2026-08-14T04:15:33.361,3547076,13211,8.0815,8.1793,4.0436,4.0358,7.2168,7.2406,29.124,79.4,9059,11400,115.9,0.0,28.9,36.3,charging,True,True,False,False,False,False,0,6991,32898,0,1024,0
2026-08-14T04:15:33.860,3547076,13211,8.0815,8.1793,4.0436,4.0358,7.2168,7.2406,29.124,79.4,9059,11400,115.9,0.0,28.9,36.3,charging,True,True,False,False,False,False,0,6991,32898,0,1024,0
2026-08-14T04:15:34.359,3548076,13212,8.0815,8.1793,4.0434,4.0366,7.2093,7.2346,29.1,79.4,9061,11400,115.9,0.0,28.9,36.3,charging,True,True,False,False,False,False,0,6991,32898,0,1024,0
2026-08-14T04:15:34.857,3548076,13212,8.0815,8.1793,4.0434,4.0366,7.2093,7.2346,29.1,79.4,9061,11400,115.9,0.0,28.9,36.3,charging,True,True,False,False,False,False,0,6991,32898,0,1024,0
2026-08-14T04:15:35.357,3549076,13213,8.0815,8.1793,4.0428,4.036,7.2081,7.2287,29.091,79.5,9063,11400,115.9,0.0,28.9,36.4,charging,True,True,False,False,False,False,0,6986,32898,0,1024,0
2026-08-14T04:15:35.854,3549076,13213,8.0815,8.1793,4.0428,4.036,7.2081,7.2287,29.091,79.5,9063,11400,115.9,0.0,28.9,36.4,charging,True,True,False,False,False,False,0,6986,32898,0,1024,0
2026-08-14T04:15:36.353,3550076,13214,8.0815,8.1793,4.0431,4.036,7.2106,7.2259,29.102,79.5,9065,11400,115.9,0.0,29.0,36.4,charging,True,True,False,False,False,False,0,6969,32898,0,1024,0
2026-08-14T04:15:36.852,3550076,13214,8.0815,8.1793,4.0431,4.036,7.2106,7.2259,29.102,79.5,9065,11400,115.9,0.0,29.0,36.4,charging,True,True,False,False,False,False,0,6969,32898,0,1024,0
2026-08-14T04:15:37.350,3551076,13215,8.0815,8.1793,4.0428,4.0373,7.2006,7.2203,29.07,79.5,9067,11400,115.9,0.0,29.1,36.4,charging,True,True,False,False,False,False,0,6969,32898,0,1024,0
2026-08-14T04:15:37.848,3551076,13215,8.0815,8.1793,4.0428,4.0373,7.2006,7.2203,29.07,79.5,9067,11400,115.9,0.0,29.1,36.4,charging,True,True,False,False,False,False,0,6969,32898,0,1024,0
2026-08-14T04:15:38.346,3552076,13216,8.0815,8.1793,4.0438,4.036,7.1809,7.2128,28.982,79.5,9069,11400,115.9,0.0,29.1,36.7,charging,True,True,False,False,False,False,0,6969,32898,0,1024,0
2026-08-14T04:15:38.845,3552076,13216,8.0815,8.1793,4.0438,4.036,7.1809,7.2128,28.982,79.5,9069,11400,115.9,0.0,29.1,36.7,charging,True,True,False,False,False,False,0,6969,32898,0,1024,0
2026-08-14T04:15:39.343,3553076,13217,8.0815,8.1793,4.0428,4.0377,7.19,7.209,29.03,79.5,9071,11400,115.9,0.0,29.2,36.7,charging,True,True,False,False,False,False,0,6969,32898,0,1024,0
2026-08-14T04:15:39.842,3553076,13217,8.0815,8.1793,4.0428,4.0377,7.19,7.209,29.03,79.5,9071,11400,115.9,0.0,29.2,36.7,charging,True,True,False,False,False,False,0,6969,32898,0,1024,0
2026-08-14T04:15:40.341,3554076,13218,8.0815,8.1793,4.0443,4.0377,7.1796,7.2053,28.988,79.5,9073,11400,115.9,0.0,29.3,36.5,charging,True,True,False,False,False,False,0,6969,32898,0,1024,0
2026-08-14T04:15:40.840,3554076,13218,8.0815,8.1793,4.0443,4.0377,7.1796,7.2053,28.988,79.5,9073,11400,115.9,0.0,29.3,36.5,charging,True,True,False,False,False,False,0,6969,32898,0,1024,0
2026-08-14T04:15:41.338,3555076,13219,8.0815,8.1793,4.0431,4.0366,7.1703,7.2,28.942,79.5,9075,11400,115.9,0.0,29.4,36.8,charging,True,True,False,False,False,False,0,6969,32898,0,1024,0
2026-08-14T04:15:41.837,3555076,13219,8.0815,8.1793,4.0431,4.0366,7.1703,7.2,28.942,79.5,9075,11400,115.9,0.0,29.4,36.8,charging,True,True,False,False,False,False,0,6969,32898,0,1024,0
2026-08-14T04:15:42.337,3556076,13220,8.0815,8.1793,4.0425,4.0362,7.1606,7.1965,28.9,79.6,9076,11400,115.9,0.0,29.4,36.7,charging,True,True,False,False,False,False,0,6969,32898,0,1024,0
2026-08-14T04:15:42.834,3556076,13220,8.0815,8.1793,4.0425,4.0362,7.1606,7.1965,28.9,79.6,9076,11400,115.9,0.0,29.4,36.7,charging,True,True,False,False,False,False,0,6969,32898,0,1024,0
2026-08-14T04:15:43.333,3557076,13221,8.0815,8.1793,4.0449,4.036,7.1687,7.1921,28.932,79.6,9078,11400,115.9,0.0,29.4,36.9,charging,True,True,False,False,False,False,0,6952,32898,0,1024,0
2026-08-14T04:15:43.832,3557076,13221,8.0815,8.1793,4.0449,4.036,7.1687,7.1921,28.932,79.6,9078,11400,115.9,0.0,29.4,36.9,charging,True,True,False,False,False,False,0,6952,32898,0,1024,0
2026-08-14T04:15:44.330,3558076,13222,8.0815,8.1793,4.0431,4.0364,7.1453,7.1859,28.84,79.6,9080,11400,115.9,0.0,29.5,36.9,charging,True,True,False,False,False,False,0,6952,32898,0,1024,0
2026-08-14T04:15:44.829,3558076,13222,8.0815,8.1793,4.0431,4.0364,7.1453,7.1859,28.84,79.6,9080,11400,115.9,0.0,29.5,36.9,charging,True,True,False,False,False,False,0,6952,32898,0,1024,0
2026-08-14T04:15:45.328,3559076,13223,8.0815,8.1793,4.0432,4.036,7.1643,7.1831,28.915,79.6,9082,11400,115.9,0.0,29.5,36.7,charging,True,True,False,False,False,False,0,6952,32898,0,1024,0
2026-08-14T04:15:45.826,3559076,13223,8.0815,8.1793,4.0432,4.036,7.1643,7.1831,28.915,79.6,9082,11400,115.9,0.0,29.5,36.7,charging,True,True,False,False,False,False,0,6952,32898,0,1024,0
2026-08-14T04:15:46.325,3560076,13224,8.0815,8.1793,4.0436,4.036,7.1337,7.1762,28.792,79.6,9084,11400,115.9,0.0,29.5,37.1,charging,True,True,False,False,False,False,0,6952,32898,0,1024,0
2026-08-14T04:15:46.823,3560076,13224,8.0815,8.1793,4.0436,4.036,7.1337,7.1762,28.792,79.6,9084,11400,115.9,0.0,29.5,37.1,charging,True,True,False,False,False,False,0,6952,32898,0,1024,0
2026-08-14T04:15:47.322,3561076,13225,8.0815,8.1793,4.0434,4.0369,7.1556,7.1703,28.884,79.6,9086,11400,115.9,0.0,29.6,37.0,charging,True,True,False,False,False,False,0,6952,32898,0,1024,0
2026-08-14T04:15:47.821,3561076,13225,8.0815,8.1793,4.0434,4.0369,7.1556,7.1703,28.884,79.6,9086,11400,115.9,0.0,29.6,37.0,charging,True,True,False,False,False,False,0,6952,32898,0,1024,0
2026-08-14T04:15:48.321,3562076,13226,8.0815,8.1793,4.0436,4.0378,7.1437,7.1681,28.844,79.7,9087,11400,115.9,0.0,29.7,37.1,charging,True,True,False,False,False,False,0,6952,32898,0,1024,0
2026-08-14T04:15:48.818,3562076,13226,8.0815,8.1793,4.0436,4.0378,7.1437,7.1681,28.844,79.7,9087,11400,115.9,0.0,29.7,37.1,charging,True,True,False,False,False,False,0,6952,32898,0,1024,0
2026-08-14T04:15:49.316,3563076,13227,8.0815,8.1793,4.0451,4.0389,7.1437,7.1625,28.852,79.7,9089,11400,115.9,0.0,29.7,37.2,charging,True,True,False,False,False,False,0,6952,32898,0,1024,0
2026-08-14T04:15:49.815,3563076,13227,8.0815,8.1793,4.0451,4.0389,7.1437,7.1625,28.852,79.7,9089,11400,115.9,0.0,29.7,37.2,charging,True,True,False,False,False,False,0,6952,32898,0,1024,0
2026-08-14T04:15:50.313,3564076,13228,8.0815,8.1906,4.0442,4.0378,7.1459,7.1584,28.852,79.7,9091,11400,115.9,0.0,29.7,37.0,charging,True,True,False,False,False,False,0,6935,32898,0,1024,0
2026-08-14T04:15:50.812,3564076,13228,8.0815,8.1906,4.0442,4.0378,7.1459,7.1584,28.852,79.7,9091,11400,115.9,0.0,29.7,37.0,charging,True,True,False,False,False,False,0,6935,32898,0,1024,0
2026-08-14T04:15:51.311,3565076,13229,8.0806,8.1906,4.0428,4.0382,7.1246,7.1534,28.771,79.7,9093,11400,115.9,0.0,29.8,37.2,charging,True,True,False,False,False,False,0,6935,32898,0,1024,0
2026-08-14T04:15:51.809,3565076,13229,8.0806,8.1906,4.0428,4.0382,7.1246,7.1534,28.771,79.7,9093,11400,115.9,0.0,29.8,37.2,charging,True,True,False,False,False,False,0,6935,32898,0,1024,0
2026-08-14T04:15:52.308,3566076,13230,8.0806,8.1906,4.0439,4.0388,7.1159,7.1471,28.739,79.7,9095,11400,115.9,0.0,29.8,37.1,charging,True,True,False,False,False,False,0,6930,32898,0,1024,0
2026-08-14T04:15:52.807,3566076,13230,8.0806,8.1906,4.0439,4.0388,7.1159,7.1471,28.739,79.7,9095,11400,115.9,0.0,29.8,37.1,charging,True,True,False,False,False,False,0,6930,32898,0,1024,0
2026-08-14T04:15:53.305,3567076,13231,8.0806,8.1906,4.0438,4.0382,7.12,7.1428,28.752,79.7,9097,11400,115.9,0.0,29.8,37.2,charging,True,True,False,False,False,False,0,6930,32898,0,1024,0
2026-08-14T04:15:53.804,3567076,13231,8.0806,8.1906,4.0438,4.0382,7.12,7.1428,28.752,79.7,9097,11400,115.9,0.0,29.8,37.2,charging,True,True,False,False,False,False,0,6930,32898,0,1024,0
2026-08-14T04:15:54.304,3568076,13232,8.0806,8.1906,4.0446,4.0381,7.1168,7.1378,28.737,79.8,9099,11400,115.9,0.0,29.8,37.3,charging,True,True,False,False,False,False,0,6930,32898,0,1024,0
2026-08-14T04:15:54.801,3568076,13232,8.0806,8.1906,4.0446,4.0381,7.1168,7.1378,28.737,79.8,9099,11400,115.9,0.0,29.8,37.3,charging,True,True,False,False,False,False,0,6930,32898,0,1024,0
2026-08-14T04:15:55.300,3569076,13233,8.0806,8.1906,4.0434,4.0378,7.1046,7.1337,28.686,79.8,9101,11400,115.9,0.0,29.9,37.4,charging,True,True,False,False,False,False,0,6930,32898,0,1024,0
2026-08-14T04:15:55.798,3569076,13233,8.0806,8.1906,4.0434,4.0378,7.1046,7.1337,28.686,79.8,9101,11400,115.9,0.0,29.9,37.4,charging,True,True,False,False,False,False,0,6930,32898,0,1024,0
2026-08-14T04:15:56.297,3570076,13234,8.0806,8.1906,4.0454,4.0373,7.1334,7.1309,28.8,79.8,9103,11400,115.9,0.0,29.9,37.3,charging,True,True,False,False,False,False,0,6930,32898,0,1024,0
2026-08-14T04:15:56.795,3570076,13234,8.0806,8.1906,4.0454,4.0373,7.1334,7.1309,28.8,79.8,9103,11400,115.9,0.0,29.9,37.3,charging,True,True,False,False,False,False,0,6930,32898,0,1024,0
2026-08-14T04:15:57.294,3571076,13235,8.0806,8.1906,4.0464,4.0392,7.1043,7.1259,28.696,79.8,9105,11400,115.9,0.0,29.9,37.5,charging,True,True,False,False,False,False,0,6930,32898,0,1024,0
2026-08-14T04:15:57.792,3571076,13235,8.0806,8.1906,4.0464,4.0392,7.1043,7.1259,28.696,79.8,9105,11400,115.9,0.0,29.9,37.5,charging,True,True,False,False,False,False,0,6930,32898,0,1024,0
2026-08-14T04:15:58.291,3572076,13236,8.0806,8.1906,4.0442,4.0393,7.0978,7.1206,28.67,79.8,9107,11400,115.9,0.0,30.0,37.5,charging,True,True,False,False,False,False,0,6930,32898,0,1024,0
2026-08-14T04:15:58.791,3572076,13236,8.0806,8.1906,4.0442,4.0393,7.0978,7.1206,28.67,79.8,9107,11400,115.9,0.0,30.0,37.5,charging,True,True,False,False,False,False,0,6930,32898,0,1024,0
2026-08-14T04:15:59.289,3573076,13237,8.0806,8.1906,4.0453,4.0381,7.0896,7.1156,28.628,79.8,9109,11400,115.9,0.0,30.0,37.5,charging,True,True,False,False,False,False,0,6918,32898,0,1024,0
2026-08-14T04:15:59.787,3573076,13237,8.0806,8.1906,4.0453,4.0381,7.0896,7.1156,28.628,79.8,9109,11400,115.9,0.0,30.0,37.5,charging,True,True,False,False,False,False,0,6918,32898,0,1024,0
2026-08-14T04:16:00.287,3574076,13238,8.0806,8.1906,4.0449,4.0378,7.0871,7.1084,28.616,79.9,9111,11400,115.9,0.0,30.1,37.5,charging,True,True,False,False,False,False,0,6913,32898,0,1024,0
2026-08-14T04:16:00.785,3574076,13238,8.0806,8.1906,4.0449,4.0378,7.0871,7.1084,28.616,79.9,9111,11400,115.9,0.0,30.1,37.5,charging,True,True,False,False,False,False,0,6913,32898,0,1024,0
2026-08-14T04:16:01.283,3575076,13239,8.0806,8.1906,4.0457,4.0389,7.0856,7.105,28.617,79.9,9113,11400,115.9,0.0,30.1,37.5,charging,True,True,False,False,False,False,0,6913,32898,0,1024,0
2026-08-14T04:16:01.781,3575076,13239,8.0806,8.1906,4.0457,4.0389,7.0856,7.105,28.617,79.9,9113,11400,115.9,0.0,30.1,37.5,charging,True,True,False,False,False,False,0,6913,32898,0,1024,0
2026-08-14T04:16:02.280,3576076,13240,8.0806,8.1906,4.0462,4.0388,7.0787,7.1018,28.584,79.9,9114,11400,115.9,0.0,30.1,37.5,charging,True,True,False,False,False,False,0,6913,32898,0,1024,0
2026-08-14T04:16:02.779,3576076,13240,8.0806,8.1906,4.0462,4.0388,7.0787,7.1018,28.584,79.9,9114,11400,115.9,0.0,30.1,37.5,charging,True,True,False,False,False,False,0,6913,32898,0,1024,0
2026-08-14T04:16:03.278,3577076,13241,8.0806,8.1906,4.0438,4.0393,7.0906,7.0984,28.641,79.9,9116,11400,115.9,0.0,30.1,37.7,charging,True,True,False,False,False,False,0,6913,32898,0,1024,0
2026-08-14T04:16:03.777,3577076,13241,8.0806,8.1906,4.0438,4.0393,7.0906,7.0984,28.641,79.9,9116,11400,115.9,0.0,30.1,37.7,charging,True,True,False,False,False,False,0,6913,32898,0,1024,0
2026-08-14T04:16:04.275,3578076,13242,8.0806,8.1906,4.0473,4.0396,7.0671,7.094,28.547,79.9,9118,11400,115.9,0.0,30.2,37.8,charging,True,True,False,False,False,False,0,6913,32898,0,1024,0
2026-08-14T04:16:04.774,3578076,13242,8.0806,8.1906,4.0473,4.0396,7.0671,7.094,28.547,79.9,9118,11400,115.9,0.0,30.2,37.8,charging,True,True,False,False,False,False,0,6913,32898,0,1024,0
2026-08-14T04:16:05.272,3579076,13243,8.0806,8.1906,4.046,4.0392,7.0871,7.0884,28.625,79.9,9120,11400,115.9,0.0,30.2,37.5,charging,True,True,False,False,False,False,0,6913,32898,0,1024,0
2026-08-14T04:16:05.771,3579076,13243,8.0806,8.1906,4.046,4.0392,7.0871,7.0884,28.625,79.9,9120,11400,115.9,0.0,30.2,37.5,charging,True,True,False,False,False,False,0,6913,32898,0,1024,0
2026-08-14T04:16:06.271,3580076,13244,8.0806,8.1906,4.0464,4.0396,7.0465,7.0831,28.464,80.0,9122,11400,115.9,0.0,30.2,37.9,charging,True,True,False,False,False,False,0,6896,32898,0,1024,0
2026-08-14T04:16:06.769,3580076,13244,8.0806,8.1906,4.0464,4.0396,7.0465,7.0831,28.464,80.0,9122,11400,115.9,0.0,30.2,37.9,charging,True,True,False,False,False,False,0,6896,32898,0,1024,0
2026-08-14T04:16:07.268,3581076,13245,8.0806,8.1906,4.0457,4.0389,7.0593,7.0775,28.512,80.0,9124,11400,115.9,0.0,30.3,37.9,charging,True,True,False,False,False,False,0,6896,32898,0,1024,0
2026-08-14T04:16:07.766,3581076,13245,8.0806,8.1906,4.0457,4.0389,7.0593,7.0775,28.512,80.0,9124,11400,115.9,0.0,30.3,37.9,charging,True,True,False,False,False,False,0,6896,32898,0,1024,0
2026-08-14T04:16:08.264,3582076,13246,8.0806,8.1906,4.0466,4.0386,7.0496,7.0737,28.47,80.0,9126,11400,115.9,0.0,30.3,38.0,charging,True,True,False,False,False,False,0,6896,32898,0,1024,0
2026-08-14T04:16:08.763,3582076,13246,8.0806,8.1906,4.0466,4.0386,7.0496,7.0737,28.47,80.0,9126,11400,115.9,0.0,30.3,38.0,charging,True,True,False,False,False,False,0,6896,32898,0,1024,0
2026-08-14T04:16:09.262,3583076,13247,8.0806,8.1906,4.0464,4.0397,7.0512,7.0712,28.484,80.0,9127,11400,115.9,0.0,30.4,37.9,charging,True,True,False,False,False,False,0,6890,32898,0,1024,0
2026-08-14T04:16:09.761,3583076,13247,8.0806,8.1906,4.0464,4.0397,7.0512,7.0712,28.484,80.0,9127,11400,115.9,0.0,30.4,37.9,charging,True,True,False,False,False,False,0,6890,32898,0,1024,0
2026-08-14T04:16:10.259,3584076,13248,8.0806,8.1906,4.0469,4.0403,7.0543,7.0668,28.5,80.0,9129,11400,115.9,0.0,30.4,38.1,charging,True,True,False,False,False,False,0,6890,32898,0,1024,0
2026-08-14T04:16:10.758,3584076,13248,8.0806,8.1906,4.0469,4.0403,7.0543,7.0668,28.5,80.0,9129,11400,115.9,0.0,30.4,38.1,charging,True,True,False,False,False,False,0,6890,32898,0,1024,0
2026-08-14T04:16:11.256,3585076,13249,8.0806,8.1906,4.0466,4.0401,7.0462,7.0606,28.467,80.0,9131,11400,115.9,0.0,30.4,38.0,charging,True,True,False,False,False,False,0,6890,32898,0,1024,0
2026-08-14T04:16:11.755,3585076,13249,8.0806,8.1906,4.0466,4.0401,7.0462,7.0606,28.467,80.0,9131,11400,115.9,0.0,30.4,38.0,charging,True,True,False,False,False,False,0,6890,32898,0,1024,0
2026-08-14T04:16:12.254,3586076,13250,8.0806,8.1906,4.0467,4.0417,7.0518,7.0571,28.5,80.1,9133,11400,115.9,0.0,30.5,38.1,charging,True,True,False,False,False,False,0,6890,32898,0,1024,0
2026-08-14T04:16:12.752,3586076,13250,8.0806,8.1906,4.0467,4.0417,7.0518,7.0571,28.5,80.1,9133,11400,115.9,0.0,30.5,38.1,charging,True,True,False,False,False,False,0,6890,32898,0,1024,0
2026-08-14T04:16:13.251,3587076,13251,8.0837,8.1896,4.0493,4.0417,7.0396,7.054,28.451,80.1,9135,11400,115.9,0.0,30.5,38.1,charging,True,True,False,False,False,False,0,6890,32898,0,1024,0
2026-08-14T04:16:13.750,3587076,13251,8.0837,8.1896,4.0493,4.0417,7.0396,7.054,28.451,80.1,9135,11400,115.9,0.0,30.5,38.1,charging,True,True,False,False,False,False,0,6890,32898,0,1024,0
2026-08-14T04:16:14.248,3588076,13252,8.0837,8.1896,4.0467,4.0403,7.03,7.0478,28.403,80.1,9137,11400,115.9,0.0,30.5,37.9,charging,True,True,False,False,False,False,0,6879,32898,0,1024,0
2026-08-14T04:16:14.746,3588076,13252,8.0837,8.1896,4.0467,4.0403,7.03,7.0478,28.403,80.1,9137,11400,115.9,0.0,30.5,37.9,charging,True,True,False,False,False,False,0,6879,32898,0,1024,0
2026-08-14T04:16:15.245,3589076,13253,8.0837,8.1896,4.0497,4.0403,7.0065,7.045,28.307,80.1,9139,11400,115.9,0.0,30.6,38.1,charging,True,True,False,False,False,False,0,6879,32898,0,1024,0
2026-08-14T04:16:15.743,3589076,13253,8.0837,8.1896,4.0497,4.0403,7.0065,7.045,28.307,80.1,9139,11400,115.9,0.0,30.6,38.1,charging,True,True,False,False,False,False,0,6879,32898,0,1024,0
2026-08-14T04:16:16.242,3590076,13254,8.0837,8.1896,4.0466,4.0414,7.0178,7.0393,28.361,80.1,9140,11400,115.9,0.0,30.6,38.0,charging,True,True,False,False,False,False,0,6873,32898,0,1024,0
2026-08-14T04:16:16.741,3590076,13254,8.0837,8.1896,4.0466,4.0414,7.0178,7.0393,28.361,80.1,9140,11400,115.9,0.0,30.6,38.0,charging,True,True,False,False,False,False,0,6873,32898,0,1024,0
2026-08-14T04:16:17.239,3591076,13255,8.0837,8.1896,4.0458,4.041,7.0078,7.0346,28.318,80.1,9142,11400,115.9,0.0,30.7,38.1,charging,True,True,False,False,False,False,0,6873,32898,0,1024,0
2026-08-14T04:16:17.738,3591076,13255,8.0837,8.1896,4.0458,4.041,7.0078,7.0346,28.318,80.1,9142,11400,115.9,0.0,30.7,38.1,charging,True,True,False,False,False,False,0,6873,32898,0,1024,0
2026-08-14T04:16:18.237,3592076,13256,8.0837,8.1896,4.0475,4.0414,7.0093,7.0287,28.326,80.2,9144,11400,115.9,0.0,30.7,38.2,charging,True,True,False,False,False,False,0,6873,32898,0,1024,0
2026-08-14T04:16:18.735,3592076,13256,8.0837,8.1896,4.0475,4.0414,7.0093,7.0287,28.326,80.2,9144,11400,115.9,0.0,30.7,38.2,charging,True,True,False,False,False,False,0,6873,32898,0,1024,0
2026-08-14T04:16:19.233,3593076,13257,8.0837,8.1896,4.0478,4.0389,6.994,7.0231,28.248,80.2,9146,11400,115.9,0.0,30.7,38.2,charging,True,True,False,False,False,False,0,6873,32898,0,1024,0
2026-08-14T04:16:19.732,3593076,13257,8.0837,8.1896,4.0478,4.0389,6.994,7.0231,28.248,80.2,9146,11400,115.9,0.0,30.7,38.2,charging,True,True,False,False,False,False,0,6873,32898,0,1024,0
2026-08-14T04:16:20.230,3594076,13258,8.0837,8.1896,4.0492,4.0416,6.9956,7.0178,28.272,80.2,9148,11400,115.9,0.0,30.7,38.2,charging,True,True,False,False,False,False,0,6873,32898,0,1024,0
2026-08-14T04:16:20.729,3594076,13258,8.0837,8.1896,4.0492,4.0416,6.9956,7.0178,28.272,80.2,9148,11400,115.9,0.0,30.7,38.2,charging,True,True,False,False,False,False,0,6873,32898,0,1024,0
2026-08-14T04:16:21.228,3595076,13259,8.0837,8.1896,4.0484,4.0403,6.9846,7.0153,28.219,80.2,9150,11400,115.9,0.0,30.7,38.4,charging,True,True,False,False,False,False,0,6856,32898,0,1024,0
2026-08-14T04:16:21.726,3595076,13259,8.0837,8.1896,4.0484,4.0403,6.9846,7.0153,28.219,80.2,9150,11400,115.9,0.0,30.7,38.4,charging,True,True,False,False,False,False,0,6856,32898,0,1024,0
2026-08-14T04:16:22.225,3596076,13260,8.0837,8.1896,4.0481,4.0423,6.9871,7.0096,28.206,80.2,9151,11400,115.9,0.0,30.8,38.3,charging,True,True,False,False,False,False,0,6856,32898,0,1024,0
2026-08-14T04:16:22.723,3596076,13260,8.0837,8.1896,4.0481,4.0423,6.9871,7.0096,28.206,80.2,9151,11400,115.9,0.0,30.8,38.3,charging,True,True,False,False,False,False,0,6856,32898,0,1024,0
2026-08-14T04:16:23.222,3597076,13261,8.0837,8.1896,4.0486,4.0401,6.9871,7.005,28.228,80.2,9153,11400,115.9,0.0,30.8,38.5,charging,True,True,False,False,False,False,0,6856,32898,0,1024,0
2026-08-14T04:16:23.720,3597076,13261,8.0837,8.1896,4.0486,4.0401,6.9871,7.005,28.228,80.2,9153,11400,115.9,0.0,30.8,38.5,charging,True,True,False,False,False,False,0,6856,32898,0,1024,0
2026-08-14T04:16:24.220,3598076,13262,8.0837,8.1896,4.0482,4.0416,6.9837,7.0012,28.224,80.2,9155,11400,115.9,0.0,30.8,38.4,charging,True,True,False,False,False,False,0,6856,32898,0,1024,0
2026-08-14T04:16:24.717,3598076,13262,8.0837,8.1896,4.0482,4.0416,6.9837,7.0012,28.224,80.2,9155,11400,115.9,0.0,30.8,38.4,charging,True,True,False,False,False,False,0,6856,32898,0,1024,0
2026-08-14T04:16:25.218,3599076,13263,8.0837,8.1896,4.0482,4.0401,6.9659,6.9946,28.142,80.3,9157,11400,115.9,0.0,30.9,38.4,charging,True,True,False,False,False,False,0,6851,32898,0,1024,0
2026-08-14T04:16:25.714,3599076,13263,8.0837,8.1896,4.0482,4.0401,6.9659,6.9946,28.142,80.3,9157,11400,115.9,0.0,30.9,38.4,charging,True,True,False,False,False,False,0,6851,32898,0,1024,0
2026-08-14T04:16:26.213,3600076,13264,8.0837,8.1896,4.0492,4.0421,6.9659,6.9906,28.156,80.3,9159,11400,115.9,0.0,31.0,38.5,charging,True,True,False,False,False,False,0,6851,32898,0,1024,0
2026-08-14T04:16:26.711,3600076,13264,8.0837,8.1896,4.0492,4.0421,6.9659,6.9906,28.156,80.3,9159,11400,115.9,0.0,31.0,38.5,charging,True,True,False,False,False,False,0,6851,32898,0,1024,0
2026-08-14T04:16:27.210,3601076,13265,8.0837,8.1896,4.0486,4.0423,6.9709,6.9859,28.177,80.3,9161,11400,115.9,0.0,31.0,38.3,charging,True,True,False,False,False,False,0,6851,32898,0,1024,0
2026-08-14T04:16:27.709,3601076,13265,8.0837,8.1896,4.0486,4.0423,6.9709,6.9859,28.177,80.3,9161,11400,115.9,0.0,31.0,38.3,charging,True,True,False,False,False,False,0,6851,32898,0,1024,0
2026-08-14T04:16:28.208,3602076,13266,8.0837,8.1896,4.0475,4.0423,6.9715,6.984,28.18,80.3,9162,11400,115.9,0.0,31.0,38.4,charging,True,True,False,False,False,False,0,6851,32898,0,1024,0
2026-08-14T04:16:28.706,3602076,13266,8.0837,8.1896,4.0475,4.0423,6.9715,6.984,28.18,80.3,9162,11400,115.9,0.0,31.0,38.4,charging,True,True,False,False,False,False,0,6851,32898,0,1024,0
2026-08-14T04:16:29.205,3603076,13267,8.0837,8.1896,4.0484,4.0419,6.9456,6.979,28.072,80.3,9164,11400,115.9,0.0,31.0,38.6,charging,True,True,False,False,False,False,0,6851,32898,0,1024,0
2026-08-14T04:16:29.704,3603076,13267,8.0837,8.1896,4.0484,4.0419,6.9456,6.979,28.072,80.3,9164,11400,115.9,0.0,31.0,38.6,charging,True,True,False,False,False,False,0,6851,32898,0,1024,0
2026-08-14T04:16:30.202,3604076,13268,8.0837,8.1896,4.0497,4.0417,6.9559,6.9756,28.113,80.3,9166,11400,115.9,0.0,31.0,38.5,charging,True,True,False,False,False,False,0,6840,32898,0,1024,0
2026-08-14T04:16:30.701,3604076,13268,8.0837,8.1896,4.0497,4.0417,6.9559,6.9756,28.113,80.3,9166,11400,115.9,0.0,31.0,38.5,charging,True,True,False,False,False,False,0,6840,32898,0,1024,0
2026-08-14T04:16:31.200,3605076,13269,8.0837,8.1896,4.0481,4.0417,6.9437,6.9696,28.064,80.4,9168,11400,115.9,0.0,31.1,38.5,charging,True,True,False,False,False,False,0,6840,32898,0,1024,0
2026-08-14T04:16:31.698,3605076,13269,8.0837,8.1896,4.0481,4.0417,6.9437,6.9696,28.064,80.4,9168,11400,115.9,0.0,31.1,38.5,charging,True,True,False,False,False,False,0,6840,32898,0,1024,0
2026-08-14T04:16:32.196,3606076,13270,8.0837,8.1896,4.0512,4.0419,6.935,6.9643,28.03,80.4,9170,11400,115.9,0.0,31.1,38.6,charging,True,True,False,False,False,False,0,6834,32898,0,1024,0
2026-08-14T04:16:32.695,3606076,13270,8.0837,8.1896,4.0512,4.0419,6.935,6.9643,28.03,80.4,9170,11400,115.9,0.0,31.1,38.6,charging,True,True,False,False,False,False,0,6834,32898,0,1024,0
2026-08-14T04:16:33.193,3607076,13271,8.0837,8.1896,4.0496,4.0421,6.9578,6.9618,28.123,80.4,9171,11400,115.9,0.0,31.1,38.6,charging,True,True,False,False,False,False,0,6834,32898,0,1024,0
2026-08-14T04:16:33.692,3607076,13271,8.0837,8.1896,4.0496,4.0421,6.9578,6.9618,28.123,80.4,9171,11400,115.9,0.0,31.1,38.6,charging,True,True,False,False,False,False,0,6834,32898,0,1024,0
2026-08-14T04:16:34.190,3608076,13272,8.0837,8.1896,4.0493,4.041,6.9315,6.9578,28.009,80.4,9173,11400,115.9,0.0,31.1,38.6,charging,True,True,False,False,False,False,0,6834,32898,0,1024,0
2026-08-14T04:16:34.689,3608076,13272,8.0837,8.1896,4.0493,4.041,6.9315,6.9578,28.009,80.4,9173,11400,115.9,0.0,31.1,38.6,charging,True,True,False,False,False,False,0,6834,32898,0,1024,0
2026-08-14T04:16:35.188,3609076,13273,8.094,8.1896,4.0493,4.0416,6.9384,6.9528,28.041,80.4,9175,11400,115.9,0.0,31.1,38.5,charging,True,True,False,False,False,False,0,6834,32898,0,1024,0
2026-08-14T04:16:35.686,3609076,13273,8.094,8.1896,4.0493,4.0416,6.9384,6.9528,28.041,80.4,9175,11400,115.9,0.0,31.1,38.5,charging,True,True,False,False,False,False,0,6834,32898,0,1024,0
2026-08-14T04:16:36.185,3610076,13274,8.094,8.1896,4.0488,4.0434,6.9178,6.9481,27.971,80.4,9177,11400,115.9,0.0,31.2,38.6,charging,True,True,False,False,False,False,0,6834,32898,0,1024,0
2026-08-14T04:16:36.683,3610076,13274,8.094,8.1896,4.0488,4.0434,6.9178,6.9481,27.971,80.4,9177,11400,115.9,0.0,31.2,38.6,charging,True,True,False,False,False,False,0,6834,32898,0,1024,0
2026-08-14T04:16:37.183,3611076,13275,8.094,8.1896,4.0493,4.0419,6.9275,6.9425,28.0,80.5,9178,11400,115.9,0.0,31.2,38.7,charging,True,True,False,False,False,False,0,6817,32898,0,1024,0
2026-08-14T04:16:37.680,3611076,13275,8.094,8.1896,4.0493,4.0419,6.9275,6.9425,28.0,80.5,9178,11400,115.9,0.0,31.2,38.7,charging,True,True,False,False,False,False,0,6817,32898,0,1024,0
2026-08-14T04:16:38.179,3612076,13276,8.094,8.1896,4.0493,4.0414,6.9143,6.9384,27.942,80.5,9180,11400,115.9,0.0,31.2,38.5,charging,True,True,False,False,False,False,0,6817,32898,0,1024,0
2026-08-14T04:16:38.678,3612076,13276,8.094,8.1896,4.0493,4.0414,6.9143,6.9384,27.942,80.5,9180,11400,115.9,0.0,31.2,38.5,charging,True,True,False,False,False,False,0,6817,32898,0,1024,0
2026-08-14T04:16:39.176,3613076,13277,8.094,8.1896,4.0497,4.0421,6.9068,6.9331,27.918,80.5,9182,11400,115.9,0.0,31.3,38.8,charging,True,True,False,False,False,False,0,6817,32898,0,1024,0
2026-08-14T04:16:39.675,3613076,13277,8.094,8.1896,4.0497,4.0421,6.9068,6.9331,27.918,80.5,9182,11400,115.9,0.0,31.3,38.8,charging,True,True,False,False,False,False,0,6817,32898,0,1024,0
2026-08-14T04:16:40.173,3614076,13278,8.094,8.1896,4.0482,4.0436,6.895,6.9281,27.88,80.5,9184,11400,115.9,0.0,31.3,38.6,charging,True,True,False,False,False,False,0,6817,32898,0,1024,0
2026-08-14T04:16:40.671,3614076,13278,8.094,8.1896,4.0482,4.0436,6.895,6.9281,27.88,80.5,9184,11400,115.9,0.0,31.3,38.6,charging,True,True,False,False,False,False,0,6817,32898,0,1024,0
2026-08-14T04:16:41.170,3615076,13279,8.094,8.1896,4.0497,4.0427,6.8962,6.9234,27.878,80.5,9186,11400,115.9,0.0,31.3,38.8,charging,True,True,False,False,False,False,0,6811,32898,0,1024,0
2026-08-14T04:16:41.669,3615076,13279,8.094,8.1896,4.0497,4.0427,6.8962,6.9234,27.878,80.5,9186,11400,115.9,0.0,31.3,38.8,charging,True,True,False,False,False,False,0,6811,32898,0,1024,0
2026-08-14T04:16:42.167,3616076,13280,8.094,8.1896,4.0504,4.0428,6.8825,6.9184,27.824,80.5,9187,11400,115.9,0.0,31.3,38.8,charging,True,True,False,False,False,False,0,6811,32898,0,1024,0
2026-08-14T04:16:42.665,3616076,13280,8.094,8.1896,4.0504,4.0428,6.8825,6.9184,27.824,80.5,9187,11400,115.9,0.0,31.3,38.8,charging,True,True,False,False,False,False,0,6811,32898,0,1024,0
2026-08-14T04:16:43.165,3617076,13281,8.094,8.1896,4.0493,4.0431,6.8968,6.914,27.884,80.6,9189,11400,115.9,0.0,31.3,38.8,charging,True,True,False,False,False,False,0,6811,32898,0,1024,0
2026-08-14T04:16:43.663,3617076,13281,8.094,8.1896,4.0493,4.0431,6.8968,6.914,27.884,80.6,9189,11400,115.9,0.0,31.3,38.8,charging,True,True,False,False,False,False,0,6811,32898,0,1024,0
2026-08-14T04:16:44.161,3618076,13282,8.094,8.1896,4.0504,4.0427,6.8856,6.9081,27.835,80.6,9191,11400,115.9,0.0,31.3,38.7,charging,True,True,False,False,False,False,0,6811,32898,0,1024,0
2026-08-14T04:16:44.659,3618076,13282,8.094,8.1896,4.0504,4.0427,6.8856,6.9081,27.835,80.6,9191,11400,115.9,0.0,31.3,38.7,charging,True,True,False,False,False,False,0,6811,32898,0,1024,0
2026-08-14T04:16:45.158,3619076,13283,8.094,8.1896,4.051,4.0432,6.8712,6.904,27.78,80.6,9193,11400,115.9,0.0,31.3,38.6,charging,True,True,False,False,False,False,0,6800,32898,0,1024,0
2026-08-14T04:16:45.657,3619076,13283,8.094,8.1896,4.051,4.0432,6.8712,6.904,27.78,80.6,9193,11400,115.9,0.0,31.3,38.6,charging,True,True,False,False,False,False,0,6800,32898,0,1024,0
2026-08-14T04:16:46.155,3620076,13284,8.094,8.1896,4.0507,4.0438,6.9009,6.9021,27.905,80.6,9195,11400,115.9,0.0,31.4,38.8,charging,True,True,False,False,False,False,0,6800,32898,0,1024,0
2026-08-14T04:16:46.654,3620076,13284,8.094,8.1896,4.0507,4.0438,6.9009,6.9021,27.905,80.6,9195,11400,115.9,0.0,31.4,38.8,charging,True,True,False,False,False,False,0,6800,32898,0,1024,0
2026-08-14T04:16:47.153,3621076,13285,8.094,8.1896,4.0504,4.0427,6.8846,6.8965,27.832,80.6,9197,11400,115.9,0.0,31.4,38.7,charging,True,True,False,False,False,False,0,6800,32898,0,1024,0
2026-08-14T04:16:47.651,3621076,13285,8.094,8.1896,4.0504,4.0427,6.8846,6.8965,27.832,80.6,9197,11400,115.9,0.0,31.4,38.7,charging,True,True,False,False,False,False,0,6800,32898,0,1024,0
2026-08-14T04:16:48.150,3622076,13286,8.094,8.1896,4.0512,4.0449,6.8643,6.8934,27.764,80.6,9199,11400,115.9,0.0,31.4,38.9,charging,True,True,False,False,False,False,0,6800,32898,0,1024,0
2026-08-14T04:16:48.648,3622076,13286,8.094,8.1896,4.0512,4.0449,6.8643,6.8934,27.764,80.6,9199,11400,115.9,0.0,31.4,38.9,charging,True,True,False,False,False,False,0,6800,32898,0,1024,0
2026-08-14T04:16:49.146,3623076,13287,8.094,8.1896,4.051,4.0439,6.8743,6.8893,27.798,80.6,9200,11400,115.9,0.0,31.4,38.8,charging,True,True,False,False,False,False,0,6795,32898,0,1024,0
2026-08-14T04:16:49.645,3623076,13287,8.094,8.1896,4.051,4.0439,6.8743,6.8893,27.798,80.6,9200,11400,115.9,0.0,31.4,38.8,charging,True,True,False,False,False,False,0,6795,32898,0,1024,0
2026-08-14T04:16:50.145,3624076,13288,8.094,8.1896,4.0501,4.0439,6.8353,6.8821,27.64,80.7,9202,11400,115.9,0.0,31.5,38.8,charging,True,True,False,False,False,False,0,6795,32898,0,1024,0
2026-08-14T04:16:50.642,3624076,13288,8.094,8.1896,4.0501,4.0439,6.8353,6.8821,27.64,80.7,9202,11400,115.9,0.0,31.5,38.8,charging,True,True,False,False,False,False,0,6795,32898,0,1024,0
2026-08-14T04:16:51.141,3625076,13289,8.094,8.1896,4.0504,4.0446,6.8634,6.8787,27.758,80.7,9204,11400,115.9,0.0,31.5,38.9,charging,True,True,False,False,False,False,0,6795,32898,0,1024,0
2026-08-14T04:16:51.640,3625076,13289,8.094,8.1896,4.0504,4.0446,6.8634,6.8787,27.758,80.7,9204,11400,115.9,0.0,31.5,38.9,charging,True,True,False,False,False,False,0,6795,32898,0,1024,0
2026-08-14T04:16:52.138,3626076,13290,8.094,8.1896,4.0519,4.0454,6.8759,6.875,27.816,80.7,9206,11400,115.9,0.0,31.4,38.8,charging,True,True,False,False,False,False,0,6778,32898,0,1024,0
2026-08-14T04:16:52.636,3626076,13290,8.094,8.1896,4.0519,4.0454,6.8759,6.875,27.816,80.7,9206,11400,115.9,0.0,31.4,38.8,charging,True,True,False,False,False,False,0,6778,32898,0,1024,0
2026-08-14T04:16:53.135,3627076,13291,8.094,8.1896,4.0531,4.0428,6.8393,6.8696,27.649,80.7,9207,11400,115.9,0.0,31.5,38.9,charging,True,True,False,False,False,False,0,6778,32898,0,1024,0
2026-08-14T04:16:53.633,3627076,13291,8.094,8.1896,4.0531,4.0428,6.8393,6.8696,27.649,80.7,9207,11400,115.9,0.0,31.5,38.9,charging,True,True,False,False,False,False,0,6778,32898,0,1024,0
2026-08-14T04:16:54.132,3628076,13292,8.094,8.1896,4.0517,4.0446,6.8196,6.8653,27.582,80.7,9209,11400,115.9,0.0,31.5,38.0,charging,True,True,False,False,False,False,0,6778,32898,0,1024,0
2026-08-14T04:16:54.630,3628076,13292,8.094,8.1896,4.0517,4.0446,6.8196,6.8653,27.582,80.7,9209,11400,115.9,0.0,31.5,38.0,charging,True,True,False,False,False,False,0,6778,32898,0,1024,0
2026-08-14T04:16:55.129,3629076,13293,8.094,8.1896,4.0503,4.0454,6.8253,6.8593,27.606,80.7,9210,11400,115.9,0.0,31.5,37.6,charging,True,True,False,False,False,False,0,6778,32898,0,1024,0
2026-08-14T04:16:55.627,3629076,13293,8.094,8.1896,4.0503,4.0454,6.8253,6.8593,27.606,80.7,9210,11400,115.9,0.0,31.5,37.6,charging,True,True,False,False,False,False,0,6778,32898,0,1024,0
2026-08-14T04:16:56.127,3630076,13294,8.094,8.1896,4.051,4.0462,6.8171,6.8525,27.584,80.8,9212,11400,115.9,0.0,31.5,37.9,charging,True,True,False,False,False,False,0,6778,32898,0,1024,0
2026-08-14T04:16:56.624,3630076,13294,8.094,8.1896,4.051,4.0462,6.8171,6.8525,27.584,80.8,9212,11400,115.9,0.0,31.5,37.9,charging,True,True,False,False,False,False,0,6778,32898,0,1024,0
2026-08-14T04:16:57.123,3631076,13295,8.094,8.1896,4.0514,4.0442,6.8293,6.849,27.619,80.8,9214,11400,115.9,0.0,31.4,37.9,charging,True,True,False,False,False,False,0,6778,32898,0,1024,0
2026-08-14T04:16:57.622,3631076,13295,8.094,8.1896,4.0514,4.0442,6.8293,6.849,27.619,80.8,9214,11400,115.9,0.0,31.4,37.9,charging,True,True,False,False,False,False,0,6778,32898,0,1024,0
2026-08-14T04:16:58.120,3632076,13296,8.0903,8.1928,4.051,4.0442,6.8012,6.8434,27.505,80.8,9216,11400,115.9,0.0,31.4,37.5,charging,True,True,False,False,False,False,0,6772,32898,0,1024,0
2026-08-14T04:16:58.619,3632076,13296,8.0903,8.1928,4.051,4.0442,6.8012,6.8434,27.505,80.8,9216,11400,115.9,0.0,31.4,37.5,charging,True,True,False,False,False,False,0,6772,32898,0,1024,0
2026-08-14T04:16:59.118,3633076,13297,8.0903,8.1928,4.0512,4.0451,6.8084,6.8378,27.54,80.8,9218,11400,115.9,0.0,31.4,37.9,charging,True,True,False,False,False,False,0,6772,32898,0,1024,0
2026-08-14T04:16:59.616,3633076,13297,8.0903,8.1928,4.0512,4.0451,6.8084,6.8378,27.54,80.8,9218,11400,115.9,0.0,31.4,37.9,charging,True,True,False,False,False,False,0,6772,32898,0,1024,0
2026-08-14T04:17:00.115,3634076,13298,8.0903,8.1928,4.0512,4.0446,6.8012,6.8318,27.507,80.8,9220,11400,115.9,0.0,31.4,38.1,charging,True,True,False,False,False,False,0,6772,32898,0,1024,0
2026-08-14T04:17:00.614,3634076,13298,8.0903,8.1928,4.0512,4.0446,6.8012,6.8318,27.507,80.8,9220,11400,115.9,0.0,31.4,38.1,charging,True,True,False,False,False,False,0,6772,32898,0,1024,0
2026-08-14T04:17:01.112,3635076,13299,8.0903,8.1928,4.0527,4.0457,6.7909,6.8275,27.472,80.8,9221,11400,115.9,0.0,31.4,37.9,charging,True,True,False,False,False,False,0,6761,32898,0,1024,0
2026-08-14T04:17:01.611,3635076,13299,8.0903,8.1928,4.0527,4.0457,6.7909,6.8275,27.472,80.8,9221,11400,115.9,0.0,31.4,37.9,charging,True,True,False,False,False,False,0,6761,32898,0,1024,0
2026-08-14T04:17:02.109,3636076,13300,8.0903,8.1928,4.0516,4.0438,6.7965,6.8221,27.483,80.8,9223,11400,115.9,0.0,31.4,38.1,charging,True,True,False,False,False,False,0,6761,32898,0,1024,0
2026-08-14T04:17:02.608,3636076,13300,8.0903,8.1928,4.0516,4.0438,6.7965,6.8221,27.483,80.8,9223,11400,115.9,0.0,31.4,38.1,charging,True,True,False,False,False,False,0,6761,32898,0,1024,0
2026-08-14T04:17:03.108,3637076,13301,8.0903,8.1928,4.0517,4.046,6.8175,6.8206,27.584,80.9,9225,11400,115.9,0.0,31.4,38.1,charging,True,True,False,False,False,False,0,6761,32898,0,1024,0
2026-08-14T04:17:03.605,3637076,13301,8.0903,8.1928,4.0517,4.046,6.8175,6.8206,27.584,80.9,9225,11400,115.9,0.0,31.4,38.1,charging,True,True,False,False,False,False,0,6761,32898,0,1024,0
2026-08-14T04:17:04.104,3638076,13302,8.0903,8.1928,4.0536,4.046,6.8062,6.8178,27.537,80.9,9227,11400,115.9,0.0,31.5,38.3,charging,True,True,False,False,False,False,0,6761,32898,0,1024,0
2026-08-14T04:17:04.602,3638076,13302,8.0903,8.1928,4.0536,4.046,6.8062,6.8178,27.537,80.9,9227,11400,115.9,0.0,31.5,38.3,charging,True,True,False,False,False,False,0,6761,32898,0,1024,0
2026-08-14T04:17:05.101,3639076,13303,8.0903,8.1928,4.0517,4.0449,6.7887,6.8153,27.459,80.9,9228,11400,115.9,0.0,31.5,38.4,charging,True,True,False,False,False,False,0,6761,32898,0,1024,0
2026-08-14T04:17:05.600,3639076,13303,8.0903,8.1928,4.0517,4.0449,6.7887,6.8153,27.459,80.9,9228,11400,115.9,0.0,31.5,38.4,charging,True,True,False,False,False,False,0,6761,32898,0,1024,0
2026-08-14T04:17:06.098,3640076,13304,8.0903,8.1928,4.0525,4.0453,6.8215,6.8153,27.595,80.9,9230,11400,115.9,0.0,31.5,38.4,charging,True,True,False,False,False,False,0,6755,32898,0,1024,0
2026-08-14T04:17:06.597,3640076,13304,8.0903,8.1928,4.0525,4.0453,6.8215,6.8153,27.595,80.9,9230,11400,115.9,0.0,31.5,38.4,charging,True,True,False,False,False,False,0,6755,32898,0,1024,0
2026-08-14T04:17:07.096,3641076,13305,8.0903,8.1928,4.0516,4.0462,6.799,6.8128,27.51,80.9,9232,11400,115.9,0.0,31.5,38.5,charging,True,True,False,False,False,False,0,6755,32898,0,1024,0
2026-08-14T04:17:07.594,3641076,13305,8.0903,8.1928,4.0516,4.0462,6.799,6.8128,27.51,80.9,9232,11400,115.9,0.0,31.5,38.5,charging,True,True,False,False,False,False,0,6755,32898,0,1024,0
2026-08-14T04:17:08.093,3642076,13306,8.0903,8.1928,4.0521,4.0462,6.7875,6.8103,27.52,80.9,9233,11400,115.9,0.0,31.5,38.6,charging,True,True,False,False,False,False,0,6755,32898,0,1024,0
2026-08-14T04:17:08.591,3642076,13306,8.0903,8.1928,4.0521,4.0462,6.7875,6.8103,27.52,80.9,9233,11400,115.9,0.0,31.5,38.6,charging,True,True,False,False,False,False,0,6755,32898,0,1024,0
2026-08-14T04:17:09.091,3643076,13307,8.0903,8.1928,4.0527,4.0047,-0.0565,0.0,-0.227,81.0,9235,11400,115.9,0.0,31.5,38.5,discharging,True,True,False,False,False,False,0,0,32898,0,1024,0
2026-08-14T04:17:09.588,3643076,13307,8.0903,8.1928,4.0527,4.0047,-0.0565,0.0,-0.227,81.0,9235,11400,115.9,0.0,31.5,38.5,discharging,True,True,False,False,False,False,0,0,32898,0,1024,0
2026-08-14T04:17:10.087,3644076,13308,8.0903,8.1928,4.0042,4.0049,-0.0662,-0.0115,-0.265,81.0,9234,11400,115.9,0.0,31.8,38.3,discharging,True,True,False,False,False,False,0,0,32898,0,1024,0
2026-08-14T04:17:10.585,3644076,13308,8.0903,8.1928,4.0042,4.0049,-0.0662,-0.0115,-0.265,81.0,9234,11400,115.9,0.0,31.8,38.3,discharging,True,True,False,False,False,False,0,0,32898,0,1024,0
2026-08-14T04:17:11.084,3645076,13309,8.0903,8.1928,4.0036,4.0016,-0.0675,-0.0209,-0.27,81.0,9234,11400,115.9,0.0,31.8,38.1,discharging,True,True,False,False,False,False,0,0,32898,0,1024,0
2026-08-14T04:17:11.584,3645076,13309,8.0903,8.1928,4.0036,4.0016,-0.0675,-0.0209,-0.27,81.0,9234,11400,115.9,0.0,31.8,38.1,discharging,True,True,False,False,False,False,0,0,32898,0,1024,0
2026-08-14T04:17:12.081,3646076,13310,8.0903,8.1928,4.0014,4.0004,-0.0675,-0.0284,-0.27,80.9,9234,11400,115.9,0.0,31.8,37.9,discharging,True,True,False,False,False,False,0,0,32898,0,1024,0
2026-08-14T04:17:12.579,3646076,13310,8.0903,8.1928,4.0014,4.0004,-0.0675,-0.0284,-0.27,80.9,9234,11400,115.9,0.0,31.8,37.9,discharging,True,True,False,False,False,False,0,0,32898,0,1024,0
2026-08-14T04:17:13.078,3647076,13311,8.0903,8.1928,4.0016,4.001,-0.0675,-0.0359,-0.27,80.9,9234,11400,115.9,0.0,31.8,37.8,discharging,True,True,False,False,False,False,0,0,32898,0,1024,0
2026-08-14T04:17:13.576,3647076,13311,8.0903,8.1928,4.0016,4.001,-0.0675,-0.0359,-0.27,80.9,9234,11400,115.9,0.0,31.8,37.8,discharging,True,True,False,False,False,False,0,0,32898,0,1024,0
2026-08-14T04:17:14.075,3648076,13312,8.0903,8.1928,4.0007,3.9997,-0.0634,-0.0409,-0.254,80.9,9234,11400,115.9,0.0,31.8,37.7,discharging,True,True,False,False,False,False,0,0,32898,0,1024,0
2026-08-14T04:17:14.573,3648076,13312,8.0903,8.1928,4.0007,3.9997,-0.0634,-0.0409,-0.254,80.9,9234,11400,115.9,0.0,31.8,37.7,discharging,True,True,False,False,False,False,0,0,32898,0,1024,0
2026-08-14T04:17:15.072,3649076,13313,8.0903,8.1928,4.0008,3.999,-0.0703,-0.0446,-0.281,80.9,9234,11400,115.9,0.0,31.7,37.6,discharging,True,True,False,False,False,False,0,0,32898,0,1024,0
2026-08-14T04:17:15.571,3649076,13313,8.0903,8.1928,4.0008,3.999,-0.0703,-0.0446,-0.281,80.9,9234,11400,115.9,0.0,31.7,37.6,discharging,True,True,False,False,False,False,0,0,32898,0,1024,0
2026-08-14T04:17:16.069,3650076,13314,8.0903,8.1928,3.999,3.9988,-0.0703,-0.049,-0.281,80.9,9234,11400,115.9,0.0,31.7,37.5,discharging,True,True,False,False,False,False,0,0,32898,0,1024,0
2026-08-14T04:17:16.568,3650076,13314,8.0903,8.1928,3.999,3.9988,-0.0703,-0.049,-0.281,80.9,9234,11400,115.9,0.0,31.7,37.5,discharging,True,True,False,False,False,False,0,0,32898,0,1024,0
2026-08-14T04:17:17.066,3651076,13315,8.0903,8.1928,3.999,3.9992,-0.0653,-0.0528,-0.262,80.9,9233,11400,115.9,0.0,31.7,37.3,discharging,True,True,False,False,False,False,0,0,32898,0,1024,0
2026-08-14T04:17:17.565,3651076,13315,8.0903,8.1928,3.999,3.9992,-0.0653,-0.0528,-0.262,80.9,9233,11400,115.9,0.0,31.7,37.3,discharging,True,True,False,False,False,False,0,0,32898,0,1024,0
2026-08-14T04:17:18.063,3652076,13316,8.0903,8.1928,3.9982,3.9984,-0.0337,-0.0531,-0.136,80.9,9233,11400,115.9,0.0,31.6,37.3,discharging,True,True,False,False,False,False,0,0,32898,0,1024,0
2026-08-14T04:17:18.562,3652076,13316,8.0903,8.1928,3.9982,3.9984,-0.0337,-0.0531,-0.136,80.9,9233,11400,115.9,0.0,31.6,37.3,discharging,True,True,False,False,False,False,0,0,32898,0,1024,0
2026-08-14T04:17:19.060,3653076,13317,8.0903,8.1928,3.9993,3.9984,-0.0318,-0.0493,-0.128,80.9,9233,11400,115.9,0.0,31.6,37.0,discharging,True,True,False,False,False,False,0,0,32898,0,1024,0
2026-08-14T04:17:19.559,3653076,13317,8.0903,8.1928,3.9993,3.9984,-0.0318,-0.0493,-0.128,80.9,9233,11400,115.9,0.0,31.6,37.0,discharging,True,True,False,False,False,False,0,0,32898,0,1024,0
2026-08-14T04:17:20.058,3654076,13318,7.9878,7.985,3.9993,3.9984,-0.0325,-0.0465,-0.131,80.9,9233,11400,115.9,0.0,31.6,36.8,discharging,True,True,False,False,False,False,0,0,32898,0,1024,0
2026-08-14T04:17:20.556,3654076,13318,7.9878,7.985,3.9993,3.9984,-0.0325,-0.0465,-0.131,80.9,9233,11400,115.9,0.0,31.6,36.8,discharging,True,True,False,False,False,False,0,0,32898,0,1024,0
2026-08-14T04:17:21.055,3655076,13319,7.9878,7.985,3.9978,3.9966,-0.0418,-0.0459,-0.168,80.9,9233,11400,115.9,0.0,31.5,36.8,discharging,True,True,False,False,False,False,0,0,32898,0,1024,0
2026-08-14T04:17:21.553,3655076,13319,7.9878,7.985,3.9978,3.9966,-0.0418,-0.0459,-0.168,80.9,9233,11400,115.9,0.0,31.5,36.8,discharging,True,True,False,False,False,False,0,0,32898,0,1024,0
2026-08-14T04:17:22.052,3656076,13320,7.9878,7.985,3.9977,3.9977,-0.0371,-0.0443,-0.148,80.9,9233,11400,115.9,0.0,31.5,36.6,discharging,True,True,False,False,False,False,0,0,32898,0,1024,0
2026-08-14T04:17:22.550,3656076,13320,7.9878,7.985,3.9977,3.9977,-0.0371,-0.0443,-0.148,80.9,9233,11400,115.9,0.0,31.5,36.6,discharging,True,True,False,False,False,False,0,0,32898,0,1024,0
2026-08-14T04:17:23.048,3657076,13321,7.9878,7.985,3.9973,3.9973,-0.0353,-0.0434,-0.142,80.9,9232,11400,115.9,0.0,31.5,36.5,discharging,True,True,False,False,False,False,0,0,32898,0,1024,0
2026-08-14T04:17:23.547,3657076,13321,7.9878,7.985,3.9973,3.9973,-0.0353,-0.0434,-0.142,80.9,9232,11400,115.9,0.0,31.5,36.5,discharging,True,True,False,False,False,False,0,0,32898,0,1024,0
2026-08-14T04:17:24.045,3658076,13322,7.9878,7.985,3.9969,3.9978,-0.1159,-0.0525,-0.464,80.9,9232,11400,115.9,0.0,31.4,36.3,discharging,True,True,False,False,False,False,0,0,32898,0,1024,0
2026-08-14T04:17:24.544,3658076,13322,7.9878,7.985,3.9969,3.9978,-0.1159,-0.0525,-0.464,80.9,9232,11400,115.9,0.0,31.4,36.3,discharging,True,True,False,False,False,False,0,0,32898,0,1024,0
2026-08-14T04:17:25.042,3659076,13323,7.9878,7.985,3.9977,3.9984,-0.0378,-0.05,-0.152,80.9,9232,11400,115.9,0.0,31.3,36.2,discharging,True,True,False,False,False,False,0,0,32898,0,1024,0
2026-08-14T04:17:25.541,3659076,13323,7.9878,7.985,3.9977,3.9984,-0.0378,-0.05,-0.152,80.9,9232,11400,115.9,0.0,31.3,36.2,discharging,True,True,False,False,False,False,0,0,32898,0,1024,0
2026-08-14T04:17:26.039,3660076,13324,7.9878,7.985,3.9962,3.9973,-0.0318,-0.0465,-0.128,80.9,9232,11400,115.9,0.0,31.3,36.1,discharging,True,True,False,False,False,False,0,0,32898,0,1024,0
2026-08-14T04:17:26.538,3660076,13324,7.9878,7.985,3.9962,3.9973,-0.0318,-0.0465,-0.128,80.9,9232,11400,115.9,0.0,31.3,36.1,discharging,True,True,False,False,False,False,0,0,32898,0,1024,0
2026-08-14T04:17:27.036,3661076,13325,7.9878,7.985,4.0466,4.0416,7.2615,0.4565,29.347,80.9,9233,11400,115.9,0.0,31.1,36.2,charging,True,True,False,False,False,False,0,0,32898,0,1024,0
2026-08-14T04:17:27.535,3661076,13325,7.9878,7.985,4.0466,4.0416,7.2615,0.4565,29.347,80.9,9233,11400,115.9,0.0,31.1,36.2,charging,True,True,False,False,False,False,0,0,32898,0,1024,0
2026-08-14T04:17:28.034,3662076,13326,7.9878,7.985,4.0484,4.0434,7.2437,1.6525,29.251,81.0,9234,11400,115.9,0.0,31.0,36.3,charging,True,True,False,False,False,False,0,0,32898,0,1024,0
2026-08-14T04:17:28.532,3662076,13326,7.9878,7.985,4.0484,4.0434,7.2437,1.6525,29.251,81.0,9234,11400,115.9,0.0,31.0,36.3,charging,True,True,False,False,False,False,0,0,32898,0,1024,0
2026-08-14T04:17:29.031,3663076,13327,7.9878,7.985,4.0497,4.0439,7.1784,2.6306,29.028,81.0,9236,11400,115.9,0.0,31.0,36.4,charging,True,True,False,False,False,False,0,4483,32898,0,1024,0
2026-08-14T04:17:29.529,3663076,13327,7.9878,7.985,4.0497,4.0439,7.1784,2.6306,29.028,81.0,9236,11400,115.9,0.0,31.0,36.4,charging,True,True,False,False,False,False,0,4483,32898,0,1024,0
2026-08-14T04:17:30.028,3664076,13328,7.9878,7.985,4.0489,4.0446,7.1571,3.4296,28.947,81.0,9238,11400,115.9,0.0,31.0,36.6,charging,True,True,False,False,False,False,0,5180,32898,0,1024,0
2026-08-14T04:17:30.526,3664076,13328,7.9878,7.985,4.0489,4.0446,7.1571,3.4296,28.947,81.0,9238,11400,115.9,0.0,31.0,36.6,charging,True,True,False,False,False,False,0,5180,32898,0,1024,0
2026-08-14T04:17:31.025,3665076,13329,7.9878,7.985,4.0503,4.0439,7.1434,4.084,28.886,81.0,9240,11400,115.9,0.0,31.0,36.6,charging,True,True,False,False,False,False,0,5726,32898,0,1024,0
2026-08-14T04:17:31.524,3665076,13329,7.9878,7.985,4.0503,4.0439,7.1434,4.084,28.886,81.0,9240,11400,115.9,0.0,31.0,36.6,charging,True,True,False,False,False,False,0,5726,32898,0,1024,0
2026-08-14T04:17:32.022,3666076,13330,7.9878,7.985,4.0493,4.0451,7.099,4.6153,28.716,81.0,9242,11400,115.9,0.0,31.0,36.7,charging,True,True,False,False,False,False,0,5726,32898,0,1024,0
2026-08-14T04:17:32.521,3666076,13330,7.9878,7.985,4.0493,4.0451,7.099,4.6153,28.716,81.0,9242,11400,115.9,0.0,31.0,36.7,charging,True,True,False,False,False,False,0,5726,32898,0,1024,0
2026-08-14T04:17:33.019,3667076,13331,7.9878,7.985,4.0517,4.0438,7.0893,5.05,28.667,81.0,9244,11400,115.9,0.0,31.0,36.8,charging,True,True,False,False,False,False,0,6086,32898,0,1024,0
2026-08-14T04:17:33.518,3667076,13331,7.9878,7.985,4.0517,4.0438,7.0893,5.05,28.667,81.0,9244,11400,115.9,0.0,31.0,36.8,charging,True,True,False,False,False,False,0,6086,32898,0,1024,0
2026-08-14T04:17:34.019,3668076,13332,7.9878,7.985,4.0521,4.0458,7.0606,5.295,28.564,81.1,9246,11400,115.9,0.0,31.0,36.9,charging,True,True,False,False,False,False,0,6243,32898,0,1024,0
2026-08-14T04:17:34.515,3668076,13332,7.9878,7.985,4.0521,4.0458,7.0606,5.295,28.564,81.1,9246,11400,115.9,0.0,31.0,36.9,charging,True,True,False,False,False,False,0,6243,32898,0,1024,0
2026-08-14T04:17:35.013,3669076,13333,7.9878,7.985,4.0517,4.0469,7.0621,5.605,28.579,81.1,9247,11400,115.9,0.0,31.0,36.8,charging,True,True,False,False,False,False,0,6243,32898,0,1024,0
2026-08-14T04:17:35.512,3669076,13333,7.9878,7.985,4.0517,4.0469,7.0621,5.605,28.579,81.1,9247,11400,115.9,0.0,31.0,36.8,charging,True,True,False,False,False,False,0,6243,32898,0,1024,0
2026-08-14T04:17:36.011,3670076,13334,7.9878,7.985,4.0532,4.0458,7.0565,5.8593,28.548,81.1,9249,11400,115.9,0.0,31.0,36.9,charging,True,True,False,False,False,False,0,6367,32898,0,1024,0
2026-08-14T04:17:36.509,3670076,13334,7.9878,7.985,4.0532,4.0458,7.0565,5.8593,28.548,81.1,9249,11400,115.9,0.0,31.0,36.9,charging,True,True,False,False,False,False,0,6367,32898,0,1024,0
2026-08-14T04:17:37.008,3671076,13335,7.9878,7.985,4.0532,4.0466,7.0121,6.065,28.374,81.1,9251,11400,115.9,0.0,31.0,36.8,charging,True,True,False,False,False,False,0,6468,32898,0,1024,0
2026-08-14T04:17:37.507,3671076,13335,7.9878,7.985,4.0532,4.0466,7.0121,6.065,28.374,81.1,9251,11400,115.9,0.0,31.0,36.8,charging,True,True,False,False,False,False,0,6468,32898,0,1024,0
2026-08-14T04:17:38.006,3672076,13336,7.9878,7.985,4.0531,4.0467,7.0275,6.2315,28.436,81.1,9253,11400,115.9,0.0,31.0,37.0,charging,True,True,False,False,False,False,0,6536,32898,0,1024,0
2026-08-14T04:17:38.504,3672076,13336,7.9878,7.985,4.0531,4.0467,7.0275,6.2315,28.436,81.1,9253,11400,115.9,0.0,31.0,37.0,charging,True,True,False,False,False,False,0,6536,32898,0,1024,0
2026-08-14T04:17:39.003,3673076,13337,7.9878,7.985,4.0532,4.0467,6.9796,6.3659,28.244,81.1,9255,11400,115.9,0.0,31.0,37.1,charging,True,True,False,False,False,False,0,6536,32898,0,1024,0
2026-08-14T04:17:39.501,3673076,13337,7.9878,7.985,4.0532,4.0467,6.9796,6.3659,28.244,81.1,9255,11400,115.9,0.0,31.0,37.1,charging,True,True,False,False,False,False,0,6536,32898,0,1024,0
2026-08-14T04:17:40.001,3674076,13338,7.9878,7.985,4.0528,4.0475,6.9856,6.474,28.273,81.1,9257,11400,115.9,0.0,31.0,36.7,charging,True,True,False,False,False,False,0,6598,32898,0,1024,0
2026-08-14T04:17:40.499,3674076,13338,7.9878,7.985,4.0528,4.0475,6.9856,6.474,28.273,81.1,9257,11400,115.9,0.0,31.0,36.7,charging,True,True,False,False,False,False,0,6598,32898,0,1024,0
2026-08-14T04:17:40.999,3675076,13339,7.9878,7.985,4.0551,4.0492,6.975,6.5356,28.243,81.2,9258,11400,115.9,0.0,31.0,37.2,charging,True,True,False,False,False,False,0,6643,32898,0,1024,0
2026-08-14T04:17:41.496,3675076,13339,7.9878,7.985,4.0551,4.0492,6.975,6.5356,28.243,81.2,9258,11400,115.9,0.0,31.0,37.2,charging,True,True,False,False,False,False,0,6643,32898,0,1024,0
2026-08-14T04:17:41.995,3676076,13340,7.9878,7.985,4.0539,4.0469,6.9534,6.6106,28.139,81.2,9260,11400,115.9,0.0,31.1,37.1,charging,True,True,False,False,False,False,0,6643,32898,0,1024,0
2026-08-14T04:17:42.494,3676076,13340,7.9878,7.985,4.0539,4.0469,6.9534,6.6106,28.139,81.2,9260,11400,115.9,0.0,31.1,37.1,charging,True,True,False,False,False,False,0,6643,32898,0,1024,0
2026-08-14T04:17:42.992,3677076,13341,8.0984,8.1965,4.0528,4.0469,6.9456,6.6728,28.107,81.2,9262,11400,115.9,0.0,31.1,37.2,charging,True,True,False,False,False,False,0,6676,32898,0,1024,0
2026-08-14T04:17:43.491,3677076,13341,8.0984,8.1965,4.0528,4.0469,6.9456,6.6728,28.107,81.2,9262,11400,115.9,0.0,31.1,37.2,charging,True,True,False,False,False,False,0,6676,32898,0,1024,0
2026-08-14T04:17:43.990,3678076,13342,8.0984,8.1965,4.0546,4.0497,6.9525,6.7221,28.155,81.2,9264,11400,115.9,0.0,31.1,37.1,charging,True,True,False,False,False,False,0,6699,32898,0,1024,0
2026-08-14T04:17:44.489,3678076,13342,8.0984,8.1965,4.0546,4.0497,6.9525,6.7221,28.155,81.2,9264,11400,115.9,0.0,31.1,37.1,charging,True,True,False,False,False,False,0,6699,32898,0,1024,0
2026-08-14T04:17:44.987,3679076,13343,8.0984,8.1965,4.0547,4.0482,6.9443,6.7615,28.112,81.2,9266,11400,115.9,0.0,31.1,37.2,charging,True,True,False,False,False,False,0,6710,32898,0,1024,0
2026-08-14T04:17:45.486,3679076,13343,8.0984,8.1965,4.0547,4.0482,6.9443,6.7615,28.112,81.2,9266,11400,115.9,0.0,31.1,37.2,charging,True,True,False,False,False,False,0,6710,32898,0,1024,0
2026-08-14T04:17:45.985,3680076,13344,8.0984,8.1965,4.0542,4.0488,6.9084,6.7893,27.969,81.2,9268,11400,115.9,0.0,31.1,37.2,charging,True,True,False,False,False,False,0,6710,32898,0,1024,0
2026-08-14T04:17:46.483,3680076,13344,8.0984,8.1965,4.0542,4.0488,6.9084,6.7893,27.969,81.2,9268,11400,115.9,0.0,31.1,37.2,charging,True,True,False,False,False,False,0,6710,32898,0,1024,0
2026-08-14T04:17:46.984,3681076,13345,8.0984,8.1965,4.0557,4.0475,6.9065,6.8125,27.953,81.3,9270,11400,115.9,0.0,31.1,37.5,charging,True,True,False,False,False,False,0,6721,32898,0,1024,0
2026-08-14T04:17:47.481,3681076,13345,8.0984,8.1965,4.0557,4.0475,6.9065,6.8125,27.953,81.3,9270,11400,115.9,0.0,31.1,37.5,charging,True,True,False,False,False,False,0,6721,32898,0,1024,0
2026-08-14T04:17:47.981,3682076,13346,8.0984,8.1965,4.0557,4.0486,6.9103,6.8246,27.976,81.3,9271,11400,115.9,0.0,31.1,37.4,charging,True,True,False,False,False,False,0,6733,32898,0,1024,0
2026-08-14T04:17:48.478,3682076,13346,8.0984,8.1965,4.0557,4.0486,6.9103,6.8246,27.976,81.3,9271,11400,115.9,0.0,31.1,37.4,charging,True,True,False,False,False,False,0,6733,32898,0,1024,0
2026-08-14T04:17:48.977,3683076,13347,8.0984,8.1965,4.0562,4.0497,6.9106,6.8409,27.985,81.3,9273,11400,115.9,0.0,31.1,37.4,charging,True,True,False,False,False,False,0,6733,32898,0,1024,0
2026-08-14T04:17:49.476,3683076,13347,8.0984,8.1965,4.0562,4.0497,6.9106,6.8409,27.985,81.3,9273,11400,115.9,0.0,31.1,37.4,charging,True,True,False,False,False,False,0,6733,32898,0,1024,0
2026-08-14T04:17:49.975,3684076,13348,8.0984,8.1965,4.0543,4.0488,6.8868,6.8506,27.883,81.3,9275,11400,115.9,0.0,31.1,37.4,charging,True,True,False,False,False,False,0,6744,32898,0,1024,0
2026-08-14T04:17:50.473,3684076,13348,8.0984,8.1965,4.0543,4.0488,6.8868,6.8506,27.883,81.3,9275,11400,115.9,0.0,31.1,37.4,charging,True,True,False,False,False,False,0,6744,32898,0,1024,0
2026-08-14T04:17:50.972,3685076,13349,8.0984,8.1965,4.0562,4.0488,6.8981,6.8596,27.928,81.3,9276,11400,115.9,0.0,31.2,37.5,charging,True,True,False,False,False,False,0,6744,32898,0,1024,0
2026-08-14T04:17:51.471,3685076,13349,8.0984,8.1965,4.0562,4.0488,6.8981,6.8596,27.928,81.3,9276,11400,115.9,0.0,31.2,37.5,charging,True,True,False,False,False,False,0,6744,32898,0,1024,0
2026-08-14T04:17:51.969,3686076,13350,8.0984,8.1965,4.0549,4.0508,6.8765,6.8625,27.854,81.3,9278,11400,115.9,0.0,31.2,37.7,charging,True,True,False,False,False,False,0,6738,32898,0,1024,0
2026-08-14T04:17:52.468,3686076,13350,8.0984,8.1965,4.0549,4.0508,6.8765,6.8625,27.854,81.3,9278,11400,115.9,0.0,31.2,37.7,charging,True,True,False,False,False,False,0,6738,32898,0,1024,0
2026-08-14T04:17:52.968,3687076,13351,8.0984,8.1965,4.0567,4.0488,6.8837,6.8662,27.87,81.4,9280,11400,115.9,0.0,31.2,37.6,charging,True,True,False,False,False,False,0,6738,32898,0,1024,0
2026-08-14T04:17:53.465,3687076,13351,8.0984,8.1965,4.0567,4.0488,6.8837,6.8662,27.87,81.4,9280,11400,115.9,0.0,31.2,37.6,charging,True,True,False,False,False,False,0,6738,32898,0,1024,0
2026-08-14T04:17:53.964,3688076,13352,8.0984,8.1965,4.0569,4.0507,6.8793,6.8671,27.865,81.4,9282,11400,115.9,0.0,31.2,37.7,charging,True,True,False,False,False,False,0,6738,32898,0,1024,0
2026-08-14T04:17:54.462,3688076,13352,8.0984,8.1965,4.0569,4.0507,6.8793,6.8671,27.865,81.4,9282,11400,115.9,0.0,31.2,37.7,charging,True,True,False,False,False,False,0,6738,32898,0,1024,0
2026-08-14T04:17:54.961,3689076,13353,8.0984,8.1965,4.0562,4.0497,6.8671,6.8678,27.809,81.4,9283,11400,115.9,0.0,31.2,37.7,charging,True,True,False,False,False,False,0,6738,32898,0,1024,0
2026-08-14T04:17:55.460,3689076,13353,8.0984,8.1965,4.0562,4.0497,6.8671,6.8678,27.809,81.4,9283,11400,115.9,0.0,31.2,37.7,charging,True,True,False,False,False,False,0,6738,32898,0,1024,0
2026-08-14T04:17:55.959,3690076,13354,8.0984,8.1965,4.0554,4.0523,6.8478,6.865,27.748,81.4,9285,11400,115.9,0.0,31.3,37.6,charging,True,True,False,False,False,False,0,6738,32898,0,1024,0
2026-08-14T04:17:56.457,3690076,13354,8.0984,8.1965,4.0554,4.0523,6.8478,6.865,27.748,81.4,9285,11400,115.9,0.0,31.3,37.6,charging,True,True,False,False,False,False,0,6738,32898,0,1024,0
2026-08-14T04:17:56.956,3691076,13355,8.0984,8.1965,4.0581,4.0492,6.8443,6.8631,27.713,81.4,9287,11400,115.9,0.0,31.3,37.7,charging,True,True,False,False,False,False,0,6738,32898,0,1024,0
2026-08-14T04:17:57.455,3691076,13355,8.0984,8.1965,4.0581,4.0492,6.8443,6.8631,27.713,81.4,9287,11400,115.9,0.0,31.3,37.7,charging,True,True,False,False,False,False,0,6738,32898,0,1024,0
2026-08-14T04:17:57.953,3692076,13356,8.0984,8.1965,4.0567,4.0504,6.8571,6.8618,27.774,81.4,9289,11400,115.9,0.0,31.3,37.7,charging,True,True,False,False,False,False,0,6733,32898,0,1024,0
2026-08-14T04:17:58.452,3692076,13356,8.0984,8.1965,4.0567,4.0504,6.8571,6.8618,27.774,81.4,9289,11400,115.9,0.0,31.3,37.7,charging,True,True,False,False,False,False,0,6733,32898,0,1024,0
2026-08-14T04:17:58.951,3693076,13357,8.0984,8.1965,4.0564,4.0503,6.8453,6.8575,27.724,81.4,9291,11400,115.9,0.0,31.3,38.0,charging,True,True,False,False,False,False,0,6733,32898,0,1024,0
2026-08-14T04:17:59.450,3693076,13357,8.0984,8.1965,4.0564,4.0503,6.8453,6.8575,27.724,81.4,9291,11400,115.9,0.0,31.3,38.0,charging,True,True,False,False,False,False,0,6733,32898,0,1024,0
2026-08-14T04:17:59.949,3694076,13358,8.0984,8.1965,4.0578,4.0501,6.84,6.8565,27.702,81.5,9292,11400,115.9,0.0,31.3,37.7,charging,True,True,False,False,False,False,0,6733,32898,0,1024,0
2026-08-14T04:18:00.447,3694076,13358,8.0984,8.1965,4.0578,4.0501,6.84,6.8565,27.702,81.5,9292,11400,115.9,0.0,31.3,37.7,charging,True,True,False,False,False,False,0,6733,32898,0,1024,0
2026-08-14T04:18:00.946,3695076,13359,8.0984,8.1965,4.0584,4.0503,6.824,6.8521,27.638,81.5,9294,11400,115.9,0.0,31.3,37.9,charging,True,True,False,False,False,False,0,6733,32898,0,1024,0
2026-08-14T04:18:01.444,3695076,13359,8.0984,8.1965,4.0584,4.0503,6.824,6.8521,27.638,81.5,9294,11400,115.9,0.0,31.3,37.9,charging,True,True,False,False,False,False,0,6733,32898,0,1024,0
2026-08-14T04:18:01.943,3696076,13360,8.0984,8.1965,4.0573,4.051,6.8368,6.8481,27.696,81.5,9296,11400,115.9,0.0,31.3,37.8,charging,True,True,False,False,False,False,0,6733,32898,0,1024,0
2026-08-14T04:18:02.442,3696076,13360,8.0984,8.1965,4.0573,4.051,6.8368,6.8481,27.696,81.5,9296,11400,115.9,0.0,31.3,37.8,charging,True,True,False,False,False,False,0,6733,32898,0,1024,0
2026-08-14T04:18:02.941,3697076,13361,8.0984,8.1965,4.0575,4.0501,6.8215,6.8428,27.627,81.5,9297,11400,115.9,0.0,31.3,37.9,charging,True,True,False,False,False,False,0,6733,32898,0,1024,0
2026-08-14T04:18:03.439,3697076,13361,8.0984,8.1965,4.0575,4.0501,6.8215,6.8428,27.627,81.5,9297,11400,115.9,0.0,31.3,37.9,charging,True,True,False,False,False,False,0,6733,32898,0,1024,0
2026-08-14T04:18:03.938,3698076,13362,8.0984,8.1965,4.0566,4.0508,6.8156,6.8384,27.608,81.5,9299,11400,115.9,0.0,31.3,37.9,charging,True,True,False,False,False,False,0,6733,32898,0,1024,0
2026-08-14T04:18:04.437,3698076,13362,8.0984,8.1965,4.0566,4.0508,6.8156,6.8384,27.608,81.5,9299,11400,115.9,0.0,31.3,37.9,charging,True,True,False,False,False,False,0,6733,32898,0,1024,0
2026-08-14T04:18:04.935,3699076,13363,8.1081,8.2015,4.0566,4.0499,6.815,6.8359,27.598,81.5,9301,11400,115.9,0.0,31.4,38.0,charging,True,True,False,False,False,False,0,6716,32898,0,1024,0
2026-08-14T04:18:05.434,3699076,13363,8.1081,8.2015,4.0566,4.0499,6.815,6.8359,27.598,81.5,9301,11400,115.9,0.0,31.4,38.0,charging,True,True,False,False,False,False,0,6716,32898,0,1024,0
2026-08-14T04:18:05.934,3700076,13364,8.1081,8.2015,4.0588,4.0501,6.8118,6.8306,27.588,81.6,9303,11400,115.9,0.0,31.4,38.0,charging,True,True,False,False,False,False,0,6716,32898,0,1024,0
2026-08-14T04:18:06.431,3700076,13364,8.1081,8.2015,4.0588,4.0501,6.8118,6.8306,27.588,81.6,9303,11400,115.9,0.0,31.4,38.0,charging,True,True,False,False,False,False,0,6716,32898,0,1024,0
2026-08-14T04:18:06.930,3701076,13365,8.1081,8.2015,4.0571,4.0514,6.794,6.8262,27.524,81.6,9304,11400,115.9,0.0,31.4,38.3,charging,True,True,False,False,False,False,0,6716,32898,0,1024,0
2026-08-14T04:18:07.429,3701076,13365,8.1081,8.2015,4.0571,4.0514,6.794,6.8262,27.524,81.6,9304,11400,115.9,0.0,31.4,38.3,charging,True,True,False,False,False,False,0,6716,32898,0,1024,0
2026-08-14T04:18:07.927,3702076,13366,8.1081,8.2015,4.0581,4.0507,6.8037,6.8221,27.558,81.6,9306,11400,115.9,0.0,31.4,38.2,charging,True,True,False,False,False,False,0,6716,32898,0,1024,0
2026-08-14T04:18:08.426,3702076,13366,8.1081,8.2015,4.0581,4.0507,6.8037,6.8221,27.558,81.6,9306,11400,115.9,0.0,31.4,38.2,charging,True,True,False,False,False,False,0,6716,32898,0,1024,0
2026-08-14T04:18:08.925,3703076,13367,8.1081,8.2015,4.0588,4.0514,6.7862,6.8171,27.492,81.6,9308,11400,115.9,0.0,31.4,38.3,charging,True,True,False,False,False,False,0,6716,32898,0,1024,0
2026-08-14T04:18:09.429,3703076,13367,8.1081,8.2015,4.0588,4.0514,6.7862,6.8171,27.492,81.6,9308,11400,115.9,0.0,31.4,38.3,charging,True,True,False,False,False,False,0,6716,32898,0,1024,0
2026-08-14T04:18:09.922,3704076,13368,8.1081,8.2015,4.0584,4.0504,6.7943,6.8137,27.52,81.6,9310,11400,115.9,0.0,31.5,38.3,charging,True,True,False,False,False,False,0,6716,32898,0,1024,0
2026-08-14T04:18:10.421,3704076,13368,8.1081,8.2015,4.0584,4.0504,6.7943,6.8137,27.52,81.6,9310,11400,115.9,0.0,31.5,38.3,charging,True,True,False,False,False,False,0,6716,32898,0,1024,0
2026-08-14T04:18:10.919,3705076,13369,8.1081,8.2015,4.0582,4.0503,6.7793,6.8087,27.457,81.6,9312,11400,115.9,0.0,31.5,38.2,charging,True,True,False,False,False,False,0,6716,32898,0,1024,0
2026-08-14T04:18:11.418,3705076,13369,8.1081,8.2015,4.0582,4.0503,6.7793,6.8087,27.457,81.6,9312,11400,115.9,0.0,31.5,38.2,charging,True,True,False,False,False,False,0,6716,32898,0,1024,0
2026-08-14T04:18:11.917,3706076,13370,8.1081,8.2015,4.0584,4.0521,6.7706,6.8028,27.435,81.6,9313,11400,115.9,0.0,31.5,38.2,charging,True,True,False,False,False,False,0,6710,32898,0,1024,0
2026-08-14T04:18:12.415,3706076,13370,8.1081,8.2015,4.0584,4.0521,6.7706,6.8028,27.435,81.6,9313,11400,115.9,0.0,31.5,38.2,charging,True,True,False,False,False,False,0,6710,32898,0,1024,0
2026-08-14T04:18:12.915,3707076,13371,8.1081,8.2015,4.0592,4.0514,6.7696,6.7971,27.425,81.7,9315,11400,115.9,0.0,31.5,38.3,charging,True,True,False,False,False,False,0,6710,32898,0,1024,0
2026-08-14T04:18:13.412,3707076,13371,8.1081,8.2015,4.0592,4.0514,6.7696,6.7971,27.425,81.7,9315,11400,115.9,0.0,31.5,38.3,charging,True,True,False,False,False,False,0,6710,32898,0,1024,0
2026-08-14T04:18:13.911,3708076,13372,8.1081,8.2015,4.0592,4.0523,6.7621,6.7937,27.401,81.7,9316,11400,115.9,0.0,31.5,38.3,charging,True,True,False,False,False,False,0,6693,32898,0,1024,0
2026-08-14T04:18:14.410,3708076,13372,8.1081,8.2015,4.0592,4.0523,6.7621,6.7937,27.401,81.7,9316,11400,115.9,0.0,31.5,38.3,charging,True,True,False,False,False,False,0,6693,32898,0,1024,0
2026-08-14T04:18:14.908,3709076,13373,8.1081,8.2015,4.0578,4.0519,6.7565,6.7878,27.376,81.7,9318,11400,115.9,0.0,31.5,38.5,charging,True,True,False,False,False,False,0,6693,32898,0,1024,0
2026-08-14T04:18:15.407,3709076,13373,8.1081,8.2015,4.0578,4.0519,6.7565,6.7878,27.376,81.7,9318,11400,115.9,0.0,31.5,38.5,charging,True,True,False,False,False,False,0,6693,32898,0,1024,0
2026-08-14T04:18:15.905,3710076,13374,8.1081,8.2015,4.0586,4.0523,6.7687,6.7843,27.428,81.7,9320,11400,115.9,0.0,31.5,38.4,charging,True,True,False,False,False,False,0,6693,32898,0,1024,0
2026-08-14T04:18:16.404,3710076,13374,8.1081,8.2015,4.0586,4.0523,6.7687,6.7843,27.428,81.7,9320,11400,115.9,0.0,31.5,38.4,charging,True,True,False,False,False,False,0,6693,32898,0,1024,0
2026-08-14T04:18:16.902,3711076,13375,8.1081,8.2015,4.0582,4.0517,6.7603,6.7787,27.39,81.7,9322,11400,115.9,0.0,31.6,38.3,charging,True,True,False,False,False,False,0,6693,32898,0,1024,0
2026-08-14T04:18:17.401,3711076,13375,8.1081,8.2015,4.0582,4.0517,6.7603,6.7787,27.39,81.7,9322,11400,115.9,0.0,31.6,38.3,charging,True,True,False,False,False,False,0,6693,32898,0,1024,0
2026-08-14T04:18:17.899,3712076,13376,8.1081,8.2015,4.0603,4.0523,6.7481,6.7737,27.345,81.7,9324,11400,115.9,0.0,31.6,38.5,charging,True,True,False,False,False,False,0,6693,32898,0,1024,0
2026-08-14T04:18:18.398,3712076,13376,8.1081,8.2015,4.0603,4.0523,6.7481,6.7737,27.345,81.7,9324,11400,115.9,0.0,31.6,38.5,charging,True,True,False,False,False,False,0,6693,32898,0,1024,0
2026-08-14T04:18:18.896,3713076,13377,8.1081,8.2015,4.0582,4.0514,6.7409,6.7681,27.308,81.7,9325,11400,115.9,0.0,31.6,38.5,charging,True,True,False,False,False,False,0,6693,32898,0,1024,0
2026-08-14T04:18:19.395,3713076,13377,8.1081,8.2015,4.0582,4.0514,6.7409,6.7681,27.308,81.7,9325,11400,115.9,0.0,31.6,38.5,charging,True,True,False,False,False,False,0,6693,32898,0,1024,0
2026-08-14T04:18:19.895,3714076,13378,8.1081,8.2015,4.0593,4.0527,6.7334,6.7612,27.288,81.8,9327,11400,115.9,0.0,31.6,38.6,charging,True,True,False,False,False,False,0,6693,32898,0,1024,0
2026-08-14T04:18:20.392,3714076,13378,8.1081,8.2015,4.0593,4.0527,6.7334,6.7612,27.288,81.8,9327,11400,115.9,0.0,31.6,38.6,charging,True,True,False,False,False,False,0,6693,32898,0,1024,0
2026-08-14T04:18:20.890,3715076,13379,8.1081,8.2015,4.0599,4.0539,6.7028,6.7556,27.171,81.8,9328,11400,115.9,0.0,31.6,38.5,charging,True,True,False,False,False,False,0,6676,32898,0,1024,0
2026-08-14T04:18:21.389,3715076,13379,8.1081,8.2015,4.0599,4.0539,6.7028,6.7556,27.171,81.8,9328,11400,115.9,0.0,31.6,38.5,charging,True,True,False,False,False,False,0,6676,32898,0,1024,0
2026-08-14T04:18:21.887,3716076,13380,8.1081,8.2015,4.0593,4.0519,6.7271,6.7503,27.257,81.8,9330,11400,115.9,0.0,31.6,38.4,charging,True,True,False,False,False,False,0,6676,32898,0,1024,0
2026-08-14T04:18:22.386,3716076,13380,8.1081,8.2015,4.0593,4.0519,6.7271,6.7503,27.257,81.8,9330,11400,115.9,0.0,31.6,38.4,charging,True,True,False,False,False,False,0,6676,32898,0,1024,0
2026-08-14T04:18:22.885,3717076,13381,8.1081,8.2015,4.0596,4.0542,6.7246,6.745,27.262,81.8,9332,11400,115.9,0.0,31.7,38.6,charging,True,True,False,False,False,False,0,6676,32898,0,1024,0
2026-08-14T04:18:23.383,3717076,13381,8.1081,8.2015,4.0596,4.0542,6.7246,6.745,27.262,81.8,9332,11400,115.9,0.0,31.7,38.6,charging,True,True,False,False,False,False,0,6676,32898,0,1024,0
2026-08-14T04:18:23.882,3718076,13382,8.1081,8.2015,4.0599,4.0532,6.7231,6.7396,27.249,81.8,9334,11400,115.9,0.0,31.7,38.4,charging,True,True,False,False,False,False,0,6676,32898,0,1024,0
2026-08-14T04:18:24.380,3718076,13382,8.1081,8.2015,4.0599,4.0532,6.7231,6.7396,27.249,81.8,9334,11400,115.9,0.0,31.7,38.4,charging,True,True,False,False,False,False,0,6676,32898,0,1024,0
2026-08-14T04:18:24.879,3719076,13383,8.1081,8.2015,4.0614,4.0534,6.7112,6.7371,27.203,81.8,9336,11400,115.9,0.0,31.7,38.6,charging,True,True,False,False,False,False,0,6676,32898,0,1024,0
2026-08-14T04:18:25.377,3719076,13383,8.1081,8.2015,4.0614,4.0534,6.7112,6.7371,27.203,81.8,9336,11400,115.9,0.0,31.7,38.6,charging,True,True,False,False,False,False,0,6676,32898,0,1024,0
2026-08-14T04:18:25.877,3720076,13384,8.1081,8.2015,4.0599,4.0528,6.7096,6.7325,27.192,81.9,9337,11400,115.9,0.0,31.7,38.5,charging,True,True,False,False,False,False,0,6676,32898,0,1024,0
2026-08-14T04:18:26.375,3720076,13384,8.1081,8.2015,4.0599,4.0528,6.7096,6.7325,27.192,81.9,9337,11400,115.9,0.0,31.7,38.5,charging,True,True,False,False,False,False,0,6676,32898,0,1024,0
2026-08-14T04:18:26.873,3721076,13385,8.1081,8.2134,4.0614,4.0543,6.699,6.7268,27.16,81.9,9339,11400,115.9,0.0,31.7,38.5,charging,True,True,False,False,False,False,0,6676,32898,0,1024,0
2026-08-14T04:18:27.372,3721076,13385,8.1081,8.2134,4.0614,4.0543,6.699,6.7268,27.16,81.9,9339,11400,115.9,0.0,31.7,38.5,charging,True,True,False,False,False,False,0,6676,32898,0,1024,0
2026-08-14T04:18:27.870,3722076,13386,8.1118,8.2134,4.0608,4.0543,6.6909,6.7234,27.126,81.9,9340,11400,115.9,0.0,31.7,38.5,charging,True,True,False,False,False,False,0,6660,32898,0,1024,0
2026-08-14T04:18:28.369,3722076,13386,8.1118,8.2134,4.0608,4.0543,6.6909,6.7234,27.126,81.9,9340,11400,115.9,0.0,31.7,38.5,charging,True,True,False,False,False,False,0,6660,32898,0,1024,0
2026-08-14T04:18:28.868,3723076,13387,8.1118,8.2134,4.0599,4.0539,6.6987,6.7196,27.155,81.9,9342,11400,115.9,0.0,31.7,38.7,charging,True,True,False,False,False,False,0,6654,32898,0,1024,0
2026-08-14T04:18:29.367,3723076,13387,8.1118,8.2134,4.0599,4.0539,6.6987,6.7196,27.155,81.9,9342,11400,115.9,0.0,31.7,38.7,charging,True,True,False,False,False,False,0,6654,32898,0,1024,0
2026-08-14T04:18:29.865,3724076,13388,8.1118,8.2134,4.0617,4.0543,6.7018,6.715,27.171,81.9,9344,11400,115.9,0.0,31.8,38.7,charging,True,True,False,False,False,False,0,6654,32898,0,1024,0
2026-08-14T04:18:30.364,3724076,13388,8.1118,8.2134,4.0617,4.0543,6.7018,6.715,27.171,81.9,9344,11400,115.9,0.0,31.8,38.7,charging,True,True,False,False,False,False,0,6654,32898,0,1024,0
2026-08-14T04:18:30.863,3725076,13389,8.1118,8.2134,4.0608,4.0539,6.6778,6.7081,27.07,81.9,9346,11400,115.9,0.0,31.7,38.8,charging,True,True,False,False,False,False,0,6654,32898,0,1024,0
2026-08-14T04:18:31.361,3725076,13389,8.1118,8.2134,4.0608,4.0539,6.6778,6.7081,27.07,81.9,9346,11400,115.9,0.0,31.7,38.8,charging,True,True,False,False,False,False,0,6654,32898,0,1024,0
2026-08-14T04:18:31.860,3726076,13390,8.1118,8.2134,4.0589,4.0532,6.7075,6.705,27.187,81.9,9348,11400,115.9,0.0,31.7,38.9,charging,True,True,False,False,False,False,0,6654,32898,0,1024,0
2026-08-14T04:18:32.359,3726076,13390,8.1118,8.2134,4.0589,4.0532,6.7075,6.705,27.187,81.9,9348,11400,115.9,0.0,31.7,38.9,charging,True,True,False,False,False,False,0,6654,32898,0,1024,0
2026-08-14T04:18:32.859,3727076,13391,8.1118,8.2134,4.0589,4.0542,6.684,6.7015,27.097,82.0,9349,11400,115.9,0.0,31.8,38.8,charging,True,True,False,False,False,False,0,6654,32898,0,1024,0
2026-08-14T04:18:33.356,3727076,13391,8.1118,8.2134,4.0589,4.0542,6.684,6.7015,27.097,82.0,9349,11400,115.9,0.0,31.8,38.8,charging,True,True,False,False,False,False,0,6654,32898,0,1024,0
2026-08-14T04:18:33.855,3728076,13392,8.1118,8.2134,4.0621,4.0538,6.6765,6.6987,27.064,82.0,9351,11400,115.9,0.0,31.8,38.7,charging,True,True,False,False,False,False,0,6654,32898,0,1024,0
2026-08-14T04:18:34.353,3728076,13392,8.1118,8.2134,4.0621,4.0538,6.6765,6.6987,27.064,82.0,9351,11400,115.9,0.0,31.8,38.7,charging,True,True,False,False,False,False,0,6654,32898,0,1024,0
2026-08-14T04:18:34.852,3729076,13393,8.1118,8.2134,4.0612,4.0554,6.6581,6.694,27.001,82.0,9352,11400,115.9,0.0,31.8,38.6,charging,True,True,False,False,False,False,0,6654,32898,0,1024,0
2026-08-14T04:18:35.350,3729076,13393,8.1118,8.2134,4.0612,4.0554,6.6581,6.694,27.001,82.0,9352,11400,115.9,0.0,31.8,38.6,charging,True,True,False,False,False,False,0,6654,32898,0,1024,0
2026-08-14T04:18:35.849,3730076,13394,8.1118,8.2134,4.0603,4.0538,6.6506,6.6871,26.958,82.0,9354,11400,115.9,0.0,31.8,38.6,charging,True,True,False,False,False,False,0,6643,32898,0,1024,0
2026-08-14T04:18:36.348,3730076,13394,8.1118,8.2134,4.0603,4.0538,6.6506,6.6871,26.958,82.0,9354,11400,115.9,0.0,31.8,38.6,charging,True,True,False,False,False,False,0,6643,32898,0,1024,0
2026-08-14T04:18:36.846,3731076,13395,8.1118,8.2134,4.0614,4.0538,6.6475,6.6815,26.947,82.0,9356,11400,115.9,0.0,31.8,38.8,charging,True,True,False,False,False,False,0,6637,32898,0,1024,0
2026-08-14T04:18:37.345,3731076,13395,8.1118,8.2134,4.0614,4.0538,6.6475,6.6815,26.947,82.0,9356,11400,115.9,0.0,31.8,38.8,charging,True,True,False,False,False,False,0,6637,32898,0,1024,0
2026-08-14T04:18:37.843,3732076,13396,8.1118,8.2134,4.0614,4.0551,6.6528,6.6775,26.977,82.0,9358,11400,115.9,0.0,31.8,38.9,charging,True,True,False,False,False,False,0,6637,32898,0,1024,0
2026-08-14T04:18:38.342,3732076,13396,8.1118,8.2134,4.0614,4.0551,6.6528,6.6775,26.977,82.0,9358,11400,115.9,0.0,31.8,38.9,charging,True,True,False,False,False,False,0,6637,32898,0,1024,0
2026-08-14T04:18:38.842,3733076,13397,8.1118,8.2134,4.0608,4.0547,6.6553,6.6731,26.984,82.1,9360,11400,115.9,0.0,31.8,38.8,charging,True,True,False,False,False,False,0,6637,32898,0,1024,0
2026-08-14T04:18:39.339,3733076,13397,8.1118,8.2134,4.0608,4.0547,6.6553,6.6731,26.984,82.1,9360,11400,115.9,0.0,31.8,38.8,charging,True,True,False,False,False,False,0,6637,32898,0,1024,0
2026-08-14T04:18:39.837,3734076,13398,8.1118,8.2134,4.0616,4.0553,6.6546,6.6684,26.985,82.1,9361,11400,115.9,0.0,31.8,38.8,charging,True,True,False,False,False,False,0,6637,32898,0,1024,0
2026-08-14T04:18:40.336,3734076,13398,8.1118,8.2134,4.0616,4.0553,6.6546,6.6684,26.985,82.1,9361,11400,115.9,0.0,31.8,38.8,charging,True,True,False,False,False,False,0,6637,32898,0,1024,0
2026-08-14T04:18:40.834,3735076,13399,8.1118,8.2134,4.0608,4.0567,6.6534,6.6659,26.99,82.1,9362,11400,115.9,0.0,31.8,38.8,charging,True,True,False,False,False,False,0,6637,32898,0,1024,0
2026-08-14T04:18:41.333,3735076,13399,8.1118,8.2134,4.0608,4.0567,6.6534,6.6659,26.99,82.1,9362,11400,115.9,0.0,31.8,38.8,charging,True,True,False,False,False,False,0,6637,32898,0,1024,0
2026-08-14T04:18:41.831,3736076,13400,8.1118,8.2134,4.0619,4.0569,6.6528,6.6637,26.988,82.1,9364,11400,115.9,0.0,31.8,38.9,charging,True,True,False,False,False,False,0,6637,32898,0,1024,0
2026-08-14T04:18:42.330,3736076,13400,8.1118,8.2134,4.0619,4.0569,6.6528,6.6637,26.988,82.1,9364,11400,115.9,0.0,31.8,38.9,charging,True,True,False,False,False,False,0,6637,32898,0,1024,0
2026-08-14T04:18:42.828,3737076,13401,8.1118,8.2134,4.0623,4.0551,6.6409,6.66,26.929,82.1,9366,11400,115.9,0.0,31.9,38.9,charging,True,True,False,False,False,False,0,6620,32898,0,1024,0
2026-08-14T04:18:43.327,3737076,13401,8.1118,8.2134,4.0623,4.0551,6.6409,6.66,26.929,82.1,9366,11400,115.9,0.0,31.9,38.9,charging,True,True,False,False,False,False,0,6620,32898,0,1024,0
2026-08-14T04:18:43.825,3738076,13402,8.1118,8.2134,4.0619,4.0549,6.6115,6.6528,26.808,82.1,9368,11400,115.9,0.0,31.9,39.1,charging,True,True,False,False,False,False,0,6620,32898,0,1024,0
2026-08-14T04:18:44.324,3738076,13402,8.1118,8.2134,4.0619,4.0549,6.6115,6.6528,26.808,82.1,9368,11400,115.9,0.0,31.9,39.1,charging,True,True,False,False,False,False,0,6620,32898,0,1024,0
2026-08-14T04:18:44.823,3739076,13403,8.1118,8.2134,4.0601,4.0557,6.6268,6.6481,26.875,82.1,9370,11400,115.9,0.0,31.9,39.0,charging,True,True,False,False,False,False,0,6620,32898,0,1024,0
2026-08-14T04:18:45.321,3739076,13403,8.1118,8.2134,4.0601,4.0557,6.6268,6.6481,26.875,82.1,9370,11400,115.9,0.0,31.9,39.0,charging,True,True,False,False,False,False,0,6620,32898,0,1024,0
2026-08-14T04:18:45.820,3740076,13404,8.1118,8.2134,4.0619,4.0566,6.6203,6.645,26.854,82.1,9371,11400,115.9,0.0,31.9,38.9,charging,True,True,False,False,False,False,0,6615,32898,0,1024,0
2026-08-14T04:18:46.318,3740076,13404,8.1118,8.2134,4.0619,4.0566,6.6203,6.645,26.854,82.1,9371,11400,115.9,0.0,31.9,38.9,charging,True,True,False,False,False,False,0,6615,32898,0,1024,0
2026-08-14T04:18:46.819,3741076,13405,8.1118,8.2134,4.0631,4.0567,6.6218,6.6409,26.862,82.2,9373,11400,115.9,0.0,31.9,38.9,charging,True,True,False,False,False,False,0,6615,32898,0,1024,0
2026-08-14T04:18:47.315,3741076,13405,8.1118,8.2134,4.0631,4.0567,6.6218,6.6409,26.862,82.2,9373,11400,115.9,0.0,31.9,38.9,charging,True,True,False,False,False,False,0,6615,32898,0,1024,0
2026-08-14T04:18:47.814,3742076,13406,8.1118,8.2134,4.0616,4.0546,6.6009,6.6353,26.763,82.2,9374,11400,115.9,0.0,31.9,39.0,charging,True,True,False,False,False,False,0,6615,32898,0,1024,0
2026-08-14T04:18:48.312,3742076,13406,8.1118,8.2134,4.0616,4.0546,6.6009,6.6353,26.763,82.2,9374,11400,115.9,0.0,31.9,39.0,charging,True,True,False,False,False,False,0,6615,32898,0,1024,0
2026-08-14T04:18:48.811,3743076,13407,8.1118,8.2134,4.0614,4.0549,6.5946,6.6293,26.739,82.2,9376,11400,115.9,0.0,31.9,39.0,charging,True,True,False,False,False,False,0,6615,32898,0,1024,0
2026-08-14T04:18:49.309,3743076,13407,8.1118,8.2134,4.0614,4.0549,6.5946,6.6293,26.739,82.2,9376,11400,115.9,0.0,31.9,39.0,charging,True,True,False,False,False,False,0,6615,32898,0,1024,0
2026-08-14T04:18:49.808,3744076,13408,8.1184,8.2165,4.0614,4.0551,6.6068,6.6246,26.79,82.2,9378,11400,115.9,0.0,31.9,39.0,charging,True,True,False,False,False,False,0,6603,32898,0,1024,0
2026-08-14T04:18:50.307,3744076,13408,8.1184,8.2165,4.0614,4.0551,6.6068,6.6246,26.79,82.2,9378,11400,115.9,0.0,31.9,39.0,charging,True,True,False,False,False,False,0,6603,32898,0,1024,0
2026-08-14T04:18:50.805,3745076,13409,8.1184,8.2165,4.0623,4.0547,6.605,6.6206,26.78,82.2,9380,11400,115.9,0.0,32.0,38.9,charging,True,True,False,False,False,False,0,6603,32898,0,1024,0
2026-08-14T04:18:51.304,3745076,13409,8.1184,8.2165,4.0623,4.0547,6.605,6.6206,26.78,82.2,9380,11400,115.9,0.0,32.0,38.9,charging,True,True,False,False,False,False,0,6603,32898,0,1024,0
2026-08-14T04:18:51.803,3746076,13410,8.1184,8.2165,4.0623,4.0549,6.5896,6.614,26.72,82.2,9381,11400,115.9,0.0,32.0,38.9,charging,True,True,False,False,False,False,0,6603,32898,0,1024,0
2026-08-14T04:18:52.301,3746076,13410,8.1184,8.2165,4.0623,4.0549,6.5896,6.614,26.72,82.2,9381,11400,115.9,0.0,32.0,38.9,charging,True,True,False,False,False,False,0,6603,32898,0,1024,0
2026-08-14T04:18:52.800,3747076,13411,8.1184,8.2165,4.0625,4.0553,6.575,6.6109,26.662,82.2,9383,11400,115.9,0.0,32.0,39.0,charging,True,True,False,False,False,False,0,6598,32898,0,1024,0
2026-08-14T04:18:53.298,3747076,13411,8.1184,8.2165,4.0625,4.0553,6.575,6.6109,26.662,82.2,9383,11400,115.9,0.0,32.0,39.0,charging,True,True,False,False,False,False,0,6598,32898,0,1024,0
2026-08-14T04:18:53.798,3748076,13412,8.1184,8.2165,4.0616,4.0553,6.5962,6.6087,26.758,82.3,9384,11400,115.9,0.0,32.0,38.9,charging,True,True,False,False,False,False,0,6598,32898,0,1024,0
2026-08-14T04:18:54.295,3748076,13412,8.1184,8.2165,4.0616,4.0553,6.5962,6.6087,26.758,82.3,9384,11400,115.9,0.0,32.0,38.9,charging,True,True,False,False,False,False,0,6598,32898,0,1024,0
2026-08-14T04:18:54.794,3749076,13413,8.1184,8.2165,4.0638,4.0581,6.5865,6.6046,26.728,82.3,9386,11400,115.9,0.0,32.0,39.0,charging,True,True,False,False,False,False,0,6598,32898,0,1024,0
2026-08-14T04:18:55.292,3749076,13413,8.1184,8.2165,4.0638,4.0581,6.5865,6.6046,26.728,82.3,9386,11400,115.9,0.0,32.0,39.0,charging,True,True,False,False,False,False,0,6598,32898,0,1024,0
2026-08-14T04:18:55.791,3750076,13414,8.1184,8.2165,4.0616,4.0567,6.5853,6.6003,26.713,82.3,9388,11400,115.9,0.0,32.0,39.1,charging,True,True,False,False,False,False,0,6598,32898,0,1024,0
2026-08-14T04:18:56.289,3750076,13414,8.1184,8.2165,4.0616,4.0567,6.5853,6.6003,26.713,82.3,9388,11400,115.9,0.0,32.0,39.1,charging,True,True,False,False,False,False,0,6598,32898,0,1024,0
2026-08-14T04:18:56.788,3751076,13415,8.1184,8.2165,4.0634,4.0567,6.5718,6.5971,26.659,82.3,9389,11400,115.9,0.0,32.1,39.0,charging,True,True,False,False,False,False,0,6598,32898,0,1024,0
2026-08-14T04:18:57.287,3751076,13415,8.1184,8.2165,4.0634,4.0567,6.5718,6.5971,26.659,82.3,9389,11400,115.9,0.0,32.1,39.0,charging,True,True,False,False,False,False,0,6598,32898,0,1024,0
2026-08-14T04:18:57.785,3752076,13416,8.1184,8.2165,4.0642,4.0567,6.5659,6.5931,26.635,82.3,9391,11400,115.9,0.0,32.0,39.0,charging,True,True,False,False,False,False,0,6598,32898,0,1024,0
2026-08-14T04:18:58.284,3752076,13416,8.1184,8.2165,4.0642,4.0567,6.5659,6.5931,26.635,82.3,9391,11400,115.9,0.0,32.0,39.0,charging,True,True,False,False,False,False,0,6598,32898,0,1024,0
2026-08-14T04:18:58.782,3753076,13417,8.1184,8.2165,4.0638,4.0571,6.5734,6.5893,26.668,82.3,9393,11400,115.9,0.0,32.0,39.0,charging,True,True,False,False,False,False,0,6598,32898,0,1024,0
2026-08-14T04:18:59.281,3753076,13417,8.1184,8.2165,4.0638,4.0571,6.5734,6.5893,26.668,82.3,9393,11400,115.9,0.0,32.0,39.0,charging,True,True,False,False,False,False,0,6598,32898,0,1024,0
2026-08-14T04:18:59.781,3754076,13418,8.1184,8.2165,4.0638,4.0581,6.5637,6.5846,26.635,82.4,9395,11400,115.9,0.0,32.0,39.1,charging,True,True,False,False,False,False,0,6581,32898,0,1024,0
2026-08-14T04:19:00.278,3754076,13418,8.1184,8.2165,4.0638,4.0581,6.5637,6.5846,26.635,82.4,9395,11400,115.9,0.0,32.0,39.1,charging,True,True,False,False,False,False,0,6581,32898,0,1024,0
2026-08-14T04:19:00.777,3755076,13419,8.1184,8.2165,4.0623,4.0586,6.559,6.5815,26.619,82.4,9396,11400,115.9,0.0,32.1,38.9,charging,True,True,False,False,False,False,0,6575,32898,0,1024,0
2026-08-14T04:19:01.275,3755076,13419,8.1184,8.2165,4.0623,4.0586,6.559,6.5815,26.619,82.4,9396,11400,115.9,0.0,32.1,38.9,charging,True,True,False,False,False,False,0,6575,32898,0,1024,0
2026-08-14T04:19:01.774,3756076,13420,8.1184,8.2165,4.0642,4.0578,6.5581,6.5775,26.611,82.4,9398,11400,115.9,0.0,32.1,38.9,charging,True,True,False,False,False,False,0,6575,32898,0,1024,0
2026-08-14T04:19:02.272,3756076,13420,8.1184,8.2165,4.0642,4.0578,6.5581,6.5775,26.611,82.4,9398,11400,115.9,0.0,32.1,38.9,charging,True,True,False,False,False,False,0,6575,32898,0,1024,0
2026-08-14T04:19:02.771,3757076,13421,8.1184,8.2165,4.0643,4.0564,6.5434,6.5721,26.542,82.4,9399,11400,115.9,0.0,32.1,39.1,charging,True,True,False,False,False,False,0,6575,32898,0,1024,0
2026-08-14T04:19:03.269,3757076,13421,8.1184,8.2165,4.0643,4.0564,6.5434,6.5721,26.542,82.4,9399,11400,115.9,0.0,32.1,39.1,charging,True,True,False,False,False,False,0,6575,32898,0,1024,0
2026-08-14T04:19:03.768,3758076,13422,8.1184,8.2165,4.0628,4.0584,6.5293,6.5659,26.497,82.4,9401,11400,115.9,0.0,32.1,39.0,charging,True,True,False,False,False,False,0,6575,32898,0,1024,0
2026-08-14T04:19:04.266,3758076,13422,8.1184,8.2165,4.0628,4.0584,6.5293,6.5659,26.497,82.4,9401,11400,115.9,0.0,32.1,39.0,charging,True,True,False,False,False,False,0,6575,32898,0,1024,0
2026-08-14T04:19:04.765,3759076,13423,8.1184,8.2165,4.0631,4.0564,6.5371,6.5618,26.516,82.4,9403,11400,115.9,0.0,32.1,38.9,charging,True,True,False,False,False,False,0,6575,32898,0,1024,0
2026-08-14T04:19:05.263,3759076,13423,8.1184,8.2165,4.0631,4.0564,6.5371,6.5618,26.516,82.4,9403,11400,115.9,0.0,32.1,38.9,charging,True,True,False,False,False,False,0,6575,32898,0,1024,0
2026-08-14T04:19:05.767,3760076,13424,8.1184,8.2165,4.0651,4.0567,6.5325,6.5584,26.499,82.4,9405,11400,115.9,0.0,32.1,39.1,charging,True,True,False,False,False,False,0,6575,32898,0,1024,0
2026-08-14T04:19:06.261,3760076,13424,8.1184,8.2165,4.0651,4.0567,6.5325,6.5584,26.499,82.4,9405,11400,115.9,0.0,32.1,39.1,charging,True,True,False,False,False,False,0,6575,32898,0,1024,0
2026-08-14T04:19:06.762,3761076,13425,8.1184,8.2165,4.0634,4.0577,6.5234,6.5521,26.468,82.5,9406,11400,115.9,0.0,32.1,39.1,charging,True,True,False,False,False,False,0,6564,32898,0,1024,0
2026-08-14T04:19:07.258,3761076,13425,8.1184,8.2165,4.0634,4.0577,6.5234,6.5521,26.468,82.5,9406,11400,115.9,0.0,32.1,39.1,charging,True,True,False,False,False,False,0,6564,32898,0,1024,0
2026-08-14T04:19:07.756,3762076,13426,8.1184,8.2165,4.0636,4.0569,6.505,6.545,26.388,82.5,9407,11400,115.9,0.0,32.1,39.0,charging,True,True,False,False,False,False,0,6558,32898,0,1024,0
2026-08-14T04:19:08.255,3762076,13426,8.1184,8.2165,4.0636,4.0569,6.505,6.545,26.388,82.5,9407,11400,115.9,0.0,32.1,39.0,charging,True,True,False,False,False,False,0,6558,32898,0,1024,0
2026-08-14T04:19:08.754,3763076,13427,8.1184,8.2165,4.0646,4.0592,6.5293,6.5421,26.504,82.5,9409,11400,115.9,0.0,32.1,39.1,charging,True,True,False,False,False,False,0,6558,32898,0,1024,0
2026-08-14T04:19:09.252,3763076,13427,8.1184,8.2165,4.0646,4.0592,6.5293,6.5421,26.504,82.5,9409,11400,115.9,0.0,32.1,39.1,charging,True,True,False,False,False,False,0,6558,32898,0,1024,0
2026-08-14T04:19:09.751,3764076,13428,8.1184,8.2165,4.0653,4.0577,6.4987,6.5381,26.369,82.5,9411,11400,115.9,0.0,32.1,39.1,charging,True,True,False,False,False,False,0,6558,32898,0,1024,0
2026-08-14T04:19:10.249,3764076,13428,8.1184,8.2165,4.0653,4.0577,6.4987,6.5381,26.369,82.5,9411,11400,115.9,0.0,32.1,39.1,charging,True,True,False,False,False,False,0,6558,32898,0,1024,0
2026-08-14T04:19:10.748,3765076,13429,8.1184,8.2165,4.0649,4.0573,6.5375,6.5359,26.524,82.5,9413,11400,115.9,0.0,32.1,39.1,charging,True,True,False,False,False,False,0,6558,32898,0,1024,0
2026-08-14T04:19:11.247,3765076,13429,8.1184,8.2165,4.0649,4.0573,6.5375,6.5359,26.524,82.5,9413,11400,115.9,0.0,32.1,39.1,charging,True,True,False,False,False,False,0,6558,32898,0,1024,0
2026-08-14T04:19:11.745,3766076,13430,8.1184,8.2128,4.066,4.0582,6.5259,6.5325,26.483,82.5,9414,11400,115.9,0.0,32.1,39.2,charging,True,True,False,False,False,False,0,6558,32898,0,1024,0
2026-08-14T04:19:12.243,3766076,13430,8.1184,8.2128,4.066,4.0582,6.5259,6.5325,26.483,82.5,9414,11400,115.9,0.0,32.1,39.2,charging,True,True,False,False,False,False,0,6558,32898,0,1024,0
2026-08-14T04:19:12.742,3767076,13431,8.1221,8.2128,4.0646,4.0575,6.5106,6.5303,26.416,82.5,9415,11400,115.9,0.0,32.2,39.1,charging,True,True,False,False,False,False,0,6558,32898,0,1024,0
2026-08-14T04:19:13.241,3767076,13431,8.1221,8.2128,4.0646,4.0575,6.5106,6.5303,26.416,82.5,9415,11400,115.9,0.0,32.2,39.1,charging,True,True,False,False,False,False,0,6558,32898,0,1024,0
2026-08-14T04:19:13.740,3768076,13432,8.1221,8.2128,4.0642,4.0586,6.4959,6.5262,26.363,82.6,9417,11400,115.9,0.0,32.2,39.1,charging,True,True,False,False,False,False,0,6558,32898,0,1024,0
2026-08-14T04:19:14.237,3768076,13432,8.1221,8.2128,4.0642,4.0586,6.4959,6.5262,26.363,82.6,9417,11400,115.9,0.0,32.2,39.1,charging,True,True,False,False,False,False,0,6558,32898,0,1024,0
2026-08-14T04:19:14.736,3769076,13433,8.1221,8.2128,4.0657,4.0582,6.5046,6.5209,26.396,82.6,9419,11400,115.9,0.0,32.2,39.1,charging,True,True,False,False,False,False,0,6558,32898,0,1024,0
2026-08-14T04:19:15.235,3769076,13433,8.1221,8.2128,4.0657,4.0582,6.5046,6.5209,26.396,82.6,9419,11400,115.9,0.0,32.2,39.1,charging,True,True,False,False,False,False,0,6558,32898,0,1024,0
2026-08-14T04:19:15.733,3770076,13434,8.1221,8.2128,4.0654,4.0582,6.4971,6.5165,26.366,82.6,9421,11400,115.9,0.0,32.2,39.0,charging,True,True,False,False,False,False,0,6558,32898,0,1024,0
2026-08-14T04:19:16.232,3770076,13434,8.1221,8.2128,4.0654,4.0582,6.4971,6.5165,26.366,82.6,9421,11400,115.9,0.0,32.2,39.0,charging,True,True,False,False,False,False,0,6558,32898,0,1024,0
2026-08-14T04:19:16.730,3771076,13435,8.1221,8.2128,4.0654,4.0589,6.5121,6.5125,26.432,82.6,9422,11400,115.9,0.0,32.2,38.9,charging,True,True,False,False,False,False,0,6536,32898,0,1024,0
2026-08-14T04:19:17.229,3771076,13435,8.1221,8.2128,4.0654,4.0589,6.5121,6.5125,26.432,82.6,9422,11400,115.9,0.0,32.2,38.9,charging,True,True,False,False,False,False,0,6536,32898,0,1024,0
2026-08-14T04:19:17.728,3772076,13436,8.1221,8.2128,4.0664,4.0582,6.4887,6.5084,26.332,82.6,9424,11400,115.9,0.0,32.2,38.9,charging,True,True,False,False,False,False,0,6536,32898,0,1024,0
2026-08-14T04:19:18.226,3772076,13436,8.1221,8.2128,4.0664,4.0582,6.4887,6.5084,26.332,82.6,9424,11400,115.9,0.0,32.2,38.9,charging,True,True,False,False,False,False,0,6536,32898,0,1024,0
2026-08-14T04:19:18.725,3773076,13437,8.1221,8.2128,4.0643,4.0567,6.4868,6.5059,26.315,82.6,9426,11400,115.9,0.0,32.2,39.0,charging,True,True,False,False,False,False,0,6536,32898,0,1024,0
2026-08-14T04:19:19.223,3773076,13437,8.1221,8.2128,4.0643,4.0567,6.4868,6.5059,26.315,82.6,9426,11400,115.9,0.0,32.2,39.0,charging,True,True,False,False,False,False,0,6536,32898,0,1024,0
2026-08-14T04:19:19.722,3774076,13438,8.1221,8.2128,4.0664,4.0584,6.4818,6.5025,26.305,82.6,9427,11400,115.9,0.0,32.2,39.0,charging,True,True,False,False,False,False,0,6536,32898,0,1024,0
2026-08-14T04:19:20.221,3774076,13438,8.1221,8.2128,4.0664,4.0584,6.4818,6.5025,26.305,82.6,9427,11400,115.9,0.0,32.2,39.0,charging,True,True,False,False,False,False,0,6536,32898,0,1024,0
2026-08-14T04:19:20.719,3775076,13439,8.1221,8.2128,4.0664,4.0592,6.4415,6.4953,26.147,82.6,9429,11400,115.9,0.0,32.2,39.1,charging,True,True,False,False,False,False,0,6536,32898,0,1024,0
2026-08-14T04:19:21.218,3775076,13439,8.1221,8.2128,4.0664,4.0592,6.4415,6.4953,26.147,82.6,9429,11400,115.9,0.0,32.2,39.1,charging,True,True,False,False,False,False,0,6536,32898,0,1024,0
2026-08-14T04:19:21.718,3776076,13440,8.1221,8.2128,4.0651,4.0601,6.4743,6.4906,26.286,82.7,9430,11400,115.9,0.0,32.2,39.1,charging,True,True,False,False,False,False,0,6536,32898,0,1024,0
2026-08-14T04:19:22.215,3776076,13440,8.1221,8.2128,4.0651,4.0601,6.4743,6.4906,26.286,82.7,9430,11400,115.9,0.0,32.2,39.1,charging,True,True,False,False,False,False,0,6536,32898,0,1024,0
2026-08-14T04:19:22.714,3777076,13441,8.1221,8.2128,4.0658,4.0596,6.4575,6.4865,26.214,82.7,9432,11400,115.9,0.0,32.2,38.9,charging,True,True,False,False,False,False,0,6536,32898,0,1024,0
2026-08-14T04:19:23.213,3777076,13441,8.1221,8.2128,4.0658,4.0596,6.4575,6.4865,26.214,82.7,9432,11400,115.9,0.0,32.2,38.9,charging,True,True,False,False,False,False,0,6536,32898,0,1024,0
2026-08-14T04:19:23.711,3778076,13442,8.1221,8.2128,4.0649,4.0586,6.4696,6.4831,26.257,82.7,9434,11400,115.9,0.0,32.2,39.0,charging,True,True,False,False,False,False,0,6530,32898,0,1024,0
2026-08-14T04:19:24.210,3778076,13442,8.1221,8.2128,4.0649,4.0586,6.4696,6.4831,26.257,82.7,9434,11400,115.9,0.0,32.2,39.0,charging,True,True,False,False,False,False,0,6530,32898,0,1024,0
2026-08-14T04:19:24.708,3779076,13443,8.1221,8.2128,4.0647,4.0604,6.4559,6.4793,26.212,82.7,9435,11400,115.9,0.0,32.3,39.0,charging,True,True,False,False,False,False,0,6519,32898,0,1024,0
2026-08-14T04:19:25.207,3779076,13443,8.1221,8.2128,4.0647,4.0604,6.4559,6.4793,26.212,82.7,9435,11400,115.9,0.0,32.3,39.0,charging,True,True,False,False,False,False,0,6519,32898,0,1024,0
2026-08-14T04:19:25.706,3780076,13444,8.1221,8.2128,4.066,4.0596,6.4496,6.4737,26.182,82.7,9437,11400,115.9,0.0,32.3,38.9,charging,True,True,False,False,False,False,0,6519,32898,0,1024,0
2026-08-14T04:19:26.204,3780076,13444,8.1221,8.2128,4.066,4.0596,6.4496,6.4737,26.182,82.7,9437,11400,115.9,0.0,32.3,38.9,charging,True,True,False,False,False,False,0,6519,32898,0,1024,0
2026-08-14T04:19:26.703,3781076,13445,8.1221,8.2128,4.0673,4.0596,6.4443,6.4712,26.16,82.7,9438,11400,115.9,0.0,32.3,39.0,charging,True,True,False,False,False,False,0,6519,32898,0,1024,0
2026-08-14T04:19:27.201,3781076,13445,8.1221,8.2128,4.0673,4.0596,6.4443,6.4712,26.16,82.7,9438,11400,115.9,0.0,32.3,39.0,charging,True,True,False,False,False,False,0,6519,32898,0,1024,0
2026-08-14T04:19:27.700,3782076,13446,8.1221,8.2128,4.0662,4.0589,6.429,6.4665,26.094,82.7,9440,11400,115.9,0.0,32.3,38.9,charging,True,True,False,False,False,False,0,6519,32898,0,1024,0
2026-08-14T04:19:28.199,3782076,13446,8.1221,8.2128,4.0662,4.0589,6.429,6.4665,26.094,82.7,9440,11400,115.9,0.0,32.3,38.9,charging,True,True,False,False,False,False,0,6519,32898,0,1024,0
2026-08-14T04:19:28.699,3783076,13447,8.1221,8.2128,4.0669,4.0588,6.4415,6.4625,26.144,82.8,9442,11400,115.9,0.0,32.3,38.9,charging,True,True,False,False,False,False,0,6519,32898,0,1024,0
2026-08-14T04:19:29.196,3783076,13447,8.1221,8.2128,4.0669,4.0588,6.4415,6.4625,26.144,82.8,9442,11400,115.9,0.0,32.3,38.9,charging,True,True,False,False,False,False,0,6519,32898,0,1024,0
2026-08-14T04:19:29.695,3784076,13448,8.1221,8.2128,4.0671,4.0592,6.4478,6.4584,26.172,82.8,9443,11400,115.9,0.0,32.3,39.1,charging,True,True,False,False,False,False,0,6519,32898,0,1024,0
2026-08-14T04:19:30.193,3784076,13448,8.1221,8.2128,4.0671,4.0592,6.4478,6.4584,26.172,82.8,9443,11400,115.9,0.0,32.3,39.1,charging,True,True,False,False,False,False,0,6519,32898,0,1024,0
2026-08-14T04:19:30.693,3785076,13449,8.1221,8.2128,4.0658,4.0592,6.4462,6.454,26.166,82.8,9445,11400,115.9,0.0,32.3,38.9,charging,True,True,False,False,False,False,0,6519,32898,0,1024,0
2026-08-14T04:19:31.191,3785076,13449,8.1221,8.2128,4.0658,4.0592,6.4462,6.454,26.166,82.8,9445,11400,115.9,0.0,32.3,38.9,charging,True,True,False,False,False,False,0,6519,32898,0,1024,0
2026-08-14T04:19:31.689,3786076,13450,8.1221,8.2128,4.066,4.0601,6.41,6.4478,26.025,82.8,9447,11400,115.9,0.0,32.3,39.3,charging,True,True,False,False,False,False,0,6513,32898,0,1024,0
2026-08-14T04:19:32.188,3786076,13450,8.1221,8.2128,4.066,4.0601,6.41,6.4478,26.025,82.8,9447,11400,115.9,0.0,32.3,39.3,charging,True,True,False,False,False,False,0,6513,32898,0,1024,0
2026-08-14T04:19:32.687,3787076,13451,8.1221,8.2128,4.0673,4.0596,6.4131,6.4421,26.033,82.8,9448,11400,115.9,0.0,32.3,38.9,charging,True,True,False,False,False,False,0,6513,32898,0,1024,0
2026-08-14T04:19:33.185,3787076,13451,8.1221,8.2128,4.0673,4.0596,6.4131,6.4421,26.033,82.8,9448,11400,115.9,0.0,32.3,38.9,charging,True,True,False,False,False,False,0,6513,32898,0,1024,0
2026-08-14T04:19:33.684,3788076,13452,8.1221,8.2128,4.0664,4.0589,6.4337,6.4393,26.113,82.8,9449,11400,115.9,0.0,32.3,39.0,charging,True,True,False,False,False,False,0,6496,32898,0,1024,0
2026-08-14T04:19:34.183,3788076,13452,8.1221,8.2128,4.0664,4.0589,6.4337,6.4393,26.113,82.8,9449,11400,115.9,0.0,32.3,39.0,charging,True,True,False,False,False,False,0,6496,32898,0,1024,0
2026-08-14T04:19:34.681,3789076,13453,8.1265,8.2128,4.0664,4.0601,6.4171,6.434,26.054,82.8,9451,11400,115.9,0.0,32.3,38.9,charging,True,True,False,False,False,False,0,6496,32898,0,1024,0
2026-08-14T04:19:35.180,3789076,13453,8.1265,8.2128,4.0664,4.0601,6.4171,6.434,26.054,82.8,9451,11400,115.9,0.0,32.3,38.9,charging,True,True,False,False,False,False,0,6496,32898,0,1024,0
2026-08-14T04:19:35.680,3790076,13454,8.1265,8.2128,4.0667,4.0586,6.389,6.4278,25.929,82.9,9453,11400,115.9,0.0,32.3,39.2,charging,True,True,False,False,False,False,0,6496,32898,0,1024,0
2026-08-14T04:19:36.177,3790076,13454,8.1265,8.2128,4.0667,4.0586,6.389,6.4278,25.929,82.9,9453,11400,115.9,0.0,32.3,39.2,charging,True,True,False,False,False,False,0,6496,32898,0,1024,0
2026-08-14T04:19:36.676,3791076,13455,8.1265,8.2128,4.0658,4.0596,6.4118,6.425,26.028,82.9,9455,11400,115.9,0.0,32.3,39.0,charging,True,True,False,False,False,False,0,6496,32898,0,1024,0
2026-08-14T04:19:37.175,3791076,13455,8.1265,8.2128,4.0658,4.0596,6.4118,6.425,26.028,82.9,9455,11400,115.9,0.0,32.3,39.0,charging,True,True,False,False,False,False,0,6496,32898,0,1024,0
2026-08-14T04:19:37.673,3792076,13456,8.1265,8.2128,4.0667,4.0599,6.3953,6.4206,25.963,82.9,9456,11400,115.9,0.0,32.3,39.2,charging,True,True,False,False,False,False,0,6496,32898,0,1024,0
2026-08-14T04:19:38.172,3792076,13456,8.1265,8.2128,4.0667,4.0599,6.3953,6.4206,25.963,82.9,9456,11400,115.9,0.0,32.3,39.2,charging,True,True,False,False,False,False,0,6496,32898,0,1024,0
2026-08-14T04:19:38.671,3793076,13457,8.1265,8.2128,4.0675,4.0597,6.3925,6.4162,25.95,82.9,9458,11400,115.9,0.0,32.3,38.9,charging,True,True,False,False,False,False,0,6491,32898,0,1024,0
2026-08-14T04:19:39.169,3793076,13457,8.1265,8.2128,4.0675,4.0597,6.3925,6.4162,25.95,82.9,9458,11400,115.9,0.0,32.3,38.9,charging,True,True,False,False,False,False,0,6491,32898,0,1024,0
2026-08-14T04:19:39.668,3794076,13458,8.1265,8.2128,4.0673,4.0608,6.4028,6.4134,26.0,82.9,9460,11400,115.9,0.0,32.3,39.0,charging,True,True,False,False,False,False,0,6491,32898,0,1024,0
2026-08-14T04:19:40.167,3794076,13458,8.1265,8.2128,4.0673,4.0608,6.4028,6.4134,26.0,82.9,9460,11400,115.9,0.0,32.3,39.0,charging,True,True,False,False,False,False,0,6491,32898,0,1024,0
2026-08-14T04:19:40.665,3795076,13459,8.1265,8.2128,4.066,4.0612,6.3734,6.4087,25.883,82.9,9461,11400,115.9,0.0,32.3,38.9,charging,True,True,False,False,False,False,0,6491,32898,0,1024,0
2026-08-14T04:19:41.164,3795076,13459,8.1265,8.2128,4.066,4.0612,6.3734,6.4087,25.883,82.9,9461,11400,115.9,0.0,32.3,38.9,charging,True,True,False,False,False,False,0,6491,32898,0,1024,0
2026-08-14T04:19:41.662,3796076,13460,8.1265,8.2128,4.0671,4.0601,6.394,6.4062,25.96,82.9,9462,11400,115.9,0.0,32.3,39.0,charging,True,True,False,False,False,False,0,6480,32898,0,1024,0
2026-08-14T04:19:42.161,3796076,13460,8.1265,8.2128,4.0671,4.0601,6.394,6.4062,25.96,82.9,9462,11400,115.9,0.0,32.3,39.0,charging,True,True,False,False,False,False,0,6480,32898,0,1024,0
2026-08-14T04:19:42.661,3797076,13461,8.1265,8.2128,4.0673,4.061,6.3825,6.4021,25.918,83.0,9464,11400,115.9,0.0,32.3,39.0,charging,True,True,False,False,False,False,0,6480,32898,0,1024,0
2026-08-14T04:19:43.158,3797076,13461,8.1265,8.2128,4.0673,4.061,6.3825,6.4021,25.918,83.0,9464,11400,115.9,0.0,32.3,39.0,charging,True,True,False,False,False,False,0,6480,32898,0,1024,0
2026-08-14T04:19:43.657,3798076,13462,8.1265,8.2128,4.0677,4.0614,6.3871,6.399,25.94,83.0,9466,11400,115.9,0.0,32.3,39.0,charging,True,True,False,False,False,False,0,6480,32898,0,1024,0
2026-08-14T04:19:44.156,3798076,13462,8.1265,8.2128,4.0677,4.0614,6.3871,6.399,25.94,83.0,9466,11400,115.9,0.0,32.3,39.0,charging,True,True,False,False,False,False,0,6480,32898,0,1024,0
2026-08-14T04:19:44.655,3799076,13463,8.1265,8.2128,4.0677,4.0616,6.3809,6.395,25.915,83.0,9467,11400,115.9,0.0,32.3,39.2,charging,True,True,False,False,False,False,0,6480,32898,0,1024,0
2026-08-14T04:19:45.153,3799076,13463,8.1265,8.2128,4.0677,4.0616,6.3809,6.395,25.915,83.0,9467,11400,115.9,0.0,32.3,39.2,charging,True,True,False,False,False,False,0,6480,32898,0,1024,0
2026-08-14T04:19:45.652,3800076,13464,8.1265,8.2128,4.0686,4.061,6.3809,6.3928,25.912,83.0,9469,11400,115.9,0.0,32.3,39.2,charging,True,True,False,False,False,False,0,6480,32898,0,1024,0
2026-08-14T04:19:46.150,3800076,13464,8.1265,8.2128,4.0686,4.061,6.3809,6.3928,25.912,83.0,9469,11400,115.9,0.0,32.3,39.2,charging,True,True,False,False,False,False,0,6480,32898,0,1024,0
2026-08-14T04:19:46.649,3801076,13465,8.1265,8.2128,4.0673,4.0599,6.3571,6.3884,25.816,83.0,9470,11400,115.9,0.0,32.4,39.0,charging,True,True,False,False,False,False,0,6480,32898,0,1024,0
2026-08-14T04:19:47.148,3801076,13465,8.1265,8.2128,4.0673,4.0599,6.3571,6.3884,25.816,83.0,9470,11400,115.9,0.0,32.4,39.0,charging,True,True,False,False,False,False,0,6480,32898,0,1024,0
2026-08-14T04:19:47.646,3802076,13466,8.1265,8.2128,4.0669,4.0607,6.3559,6.3831,25.808,83.0,9472,11400,115.9,0.0,32.4,39.2,charging,True,True,False,False,False,False,0,6474,32898,0,1024,0
2026-08-14T04:19:48.145,3802076,13466,8.1265,8.2128,4.0669,4.0607,6.3559,6.3831,25.808,83.0,9472,11400,115.9,0.0,32.4,39.2,charging,True,True,False,False,False,False,0,6474,32898,0,1024,0
2026-08-14T04:19:48.643,3803076,13467,8.1265,8.2128,4.0686,4.0612,6.3675,6.3778,25.859,83.0,9473,11400,115.9,0.0,32.4,39.1,charging,True,True,False,False,False,False,0,6474,32898,0,1024,0
2026-08-14T04:19:49.142,3803076,13467,8.1265,8.2128,4.0686,4.0612,6.3675,6.3778,25.859,83.0,9473,11400,115.9,0.0,32.4,39.1,charging,True,True,False,False,False,False,0,6474,32898,0,1024,0
2026-08-14T04:19:49.643,3804076,13468,8.1265,8.2128,4.0682,4.0608,6.3656,6.3725,25.848,83.1,9475,11400,115.9,0.0,32.4,39.0,charging,True,True,False,False,False,False,0,6457,32898,0,1024,0
2026-08-14T04:19:50.140,3804076,13468,8.1265,8.2128,4.0682,4.0608,6.3656,6.3725,25.848,83.1,9475,11400,115.9,0.0,32.4,39.0,charging,True,True,False,False,False,False,0,6457,32898,0,1024,0
2026-08-14T04:19:50.638,3805076,13469,8.1265,8.2128,4.0682,4.0627,6.3396,6.3656,25.755,83.1,9477,11400,115.9,0.0,32.4,39.0,charging,True,True,False,False,False,False,0,6457,32898,0,1024,0
2026-08-14T04:19:51.137,3805076,13469,8.1265,8.2128,4.0682,4.0627,6.3396,6.3656,25.755,83.1,9477,11400,115.9,0.0,32.4,39.0,charging,True,True,False,False,False,False,0,6457,32898,0,1024,0
2026-08-14T04:19:51.636,3806076,13470,8.1265,8.2128,4.0678,4.0621,6.3378,6.3606,25.744,83.1,9478,11400,115.9,0.0,32.4,39.1,charging,True,True,False,False,False,False,0,6457,32898,0,1024,0
2026-08-14T04:19:52.135,3806076,13470,8.1265,8.2128,4.0678,4.0621,6.3378,6.3606,25.744,83.1,9478,11400,115.9,0.0,32.4,39.1,charging,True,True,False,False,False,False,0,6457,32898,0,1024,0
2026-08-14T04:19:52.633,3807076,13471,8.1265,8.2128,4.0699,4.0621,6.3562,6.3578,25.819,83.1,9480,11400,115.9,0.0,32.4,39.0,charging,True,True,False,False,False,False,0,6457,32898,0,1024,0
2026-08-14T04:19:53.132,3807076,13471,8.1265,8.2128,4.0699,4.0621,6.3562,6.3578,25.819,83.1,9480,11400,115.9,0.0,32.4,39.0,charging,True,True,False,False,False,False,0,6457,32898,0,1024,0
2026-08-14T04:19:53.630,3808076,13472,8.1265,8.2128,4.0686,4.0625,6.3625,6.3562,25.846,83.1,9481,11400,115.9,0.0,32.4,39.0,charging,True,True,False,False,False,False,0,6457,32898,0,1024,0
2026-08-14T04:19:54.129,3808076,13472,8.1265,8.2128,4.0686,4.0625,6.3625,6.3562,25.846,83.1,9481,11400,115.9,0.0,32.4,39.0,charging,True,True,False,False,False,False,0,6457,32898,0,1024,0
2026-08-14T04:19:54.628,3809076,13473,8.1265,8.2128,4.0684,4.0632,6.3331,6.3534,25.732,83.1,9483,11400,115.9,0.0,32.4,39.0,charging,True,True,False,False,False,False,0,6457,32898,0,1024,0
2026-08-14T04:19:55.126,3809076,13473,8.1265,8.2128,4.0684,4.0632,6.3331,6.3534,25.732,83.1,9483,11400,115.9,0.0,32.4,39.0,charging,True,True,False,False,False,False,0,6457,32898,0,1024,0
2026-08-14T04:19:55.638,3810076,13474,8.1265,8.2128,4.0686,4.0608,6.3328,6.3484,25.715,83.1,9484,11400,115.9,0.0,32.4,39.0,charging,True,True,False,False,False,False,0,6451,32898,0,1024,0
2026-08-14T04:19:56.124,3810076,13474,8.1265,8.2128,4.0686,4.0608,6.3328,6.3484,25.715,83.1,9484,11400,115.9,0.0,32.4,39.0,charging,True,True,False,False,False,False,0,6451,32898,0,1024,0
2026-08-14T04:19:56.624,3811076,13475,8.1265,8.2187,4.0688,4.0621,6.3406,6.344,25.756,83.2,9486,11400,115.9,0.0,32.3,39.1,charging,True,True,False,False,False,False,0,6451,32898,0,1024,0
2026-08-14T04:19:57.121,3811076,13475,8.1265,8.2187,4.0688,4.0621,6.3406,6.344,25.756,83.2,9486,11400,115.9,0.0,32.3,39.1,charging,True,True,False,False,False,False,0,6451,32898,0,1024,0
2026-08-14T04:19:57.620,3812076,13476,8.1275,8.2187,4.0682,4.0617,6.3046,6.3387,25.606,83.2,9488,11400,115.9,0.0,32.3,39.1,charging,True,True,False,False,False,False,0,6451,32898,0,1024,0
2026-08-14T04:19:58.119,3812076,13476,8.1275,8.2187,4.0682,4.0617,6.3046,6.3387,25.606,83.2,9488,11400,115.9,0.0,32.3,39.1,charging,True,True,False,False,False,False,0,6451,32898,0,1024,0
2026-08-14T04:19:58.617,3813076,13477,8.1275,8.2187,4.0684,4.0631,6.2984,6.334,25.59,83.2,9489,11400,115.9,0.0,32.3,39.0,charging,True,True,False,False,False,False,0,6440,32898,0,1024,0
2026-08-14T04:19:59.115,3813076,13477,8.1275,8.2187,4.0684,4.0631,6.2984,6.334,25.59,83.2,9489,11400,115.9,0.0,32.3,39.0,charging,True,True,False,False,False,False,0,6440,32898,0,1024,0
2026-08-14T04:19:59.614,3814076,13478,8.1275,8.2187,4.0682,4.0623,6.3209,6.3312,25.676,83.2,9491,11400,115.9,0.0,32.3,38.9,charging,True,True,False,False,False,False,0,6440,32898,0,1024,0
2026-08-14T04:20:00.113,3814076,13478,8.1275,8.2187,4.0682,4.0623,6.3209,6.3312,25.676,83.2,9491,11400,115.9,0.0,32.3,38.9,charging,True,True,False,False,False,False,0,6440,32898,0,1024,0
2026-08-14T04:20:00.611,3815076,13479,8.1275,8.2187,4.0688,4.0625,6.304,6.3278,25.609,83.2,9492,11400,115.9,0.0,32.3,39.0,charging,True,True,False,False,False,False,0,6440,32898,0,1024,0
2026-08-14T04:20:01.110,3815076,13479,8.1275,8.2187,4.0688,4.0625,6.304,6.3278,25.609,83.2,9492,11400,115.9,0.0,32.3,39.0,charging,True,True,False,False,False,False,0,6440,32898,0,1024,0
2026-08-14T04:20:01.609,3816076,13480,8.1275,8.2187,4.0708,4.0621,6.2915,6.3237,25.556,83.2,9494,11400,115.9,0.0,32.3,39.0,charging,True,True,False,False,False,False,0,6440,32898,0,1024,0
2026-08-14T04:20:02.107,3816076,13480,8.1275,8.2187,4.0708,4.0621,6.2915,6.3237,25.556,83.2,9494,11400,115.9,0.0,32.3,39.0,charging,True,True,False,False,False,False,0,6440,32898,0,1024,0
2026-08-14T04:20:02.606,3817076,13481,8.1275,8.2187,4.0703,4.0634,6.2965,6.32,25.585,83.2,9495,11400,115.9,0.0,32.3,39.0,charging,True,True,False,False,False,False,0,6435,32898,0,1024,0
2026-08-14T04:20:03.104,3817076,13481,8.1275,8.2187,4.0703,4.0634,6.2965,6.32,25.585,83.2,9495,11400,115.9,0.0,32.3,39.0,charging,True,True,False,False,False,False,0,6435,32898,0,1024,0
2026-08-14T04:20:03.605,3818076,13482,8.1275,8.2187,4.0688,4.0619,6.2996,6.3165,25.587,83.3,9497,11400,115.9,0.0,32.3,39.0,charging,True,True,False,False,False,False,0,6435,32898,0,1024,0
2026-08-14T04:20:04.102,3818076,13482,8.1275,8.2187,4.0688,4.0619,6.2996,6.3165,25.587,83.3,9497,11400,115.9,0.0,32.3,39.0,charging,True,True,False,False,False,False,0,6435,32898,0,1024,0
2026-08-14T04:20:04.600,3819076,13483,8.1275,8.2187,4.0686,4.0623,6.2728,6.3112,25.481,83.3,9499,11400,115.9,0.0,32.3,39.0,charging,True,True,False,False,False,False,0,6435,32898,0,1024,0
2026-08-14T04:20:05.099,3819076,13483,8.1275,8.2187,4.0686,4.0623,6.2728,6.3112,25.481,83.3,9499,11400,115.9,0.0,32.3,39.0,charging,True,True,False,False,False,False,0,6435,32898,0,1024,0
2026-08-14T04:20:05.597,3820076,13484,8.1275,8.2187,4.0692,4.0627,6.279,6.3065,25.508,83.3,9500,11400,115.9,0.0,32.3,39.1,charging,True,True,False,False,False,False,0,6435,32898,0,1024,0
2026-08-14T04:20:06.096,3820076,13484,8.1275,8.2187,4.0692,4.0627,6.279,6.3065,25.508,83.3,9500,11400,115.9,0.0,32.3,39.1,charging,True,True,False,False,False,False,0,6435,32898,0,1024,0
2026-08-14T04:20:06.595,3821076,13485,8.1275,8.2187,4.0701,4.0632,6.2815,6.3043,25.523,83.3,9501,11400,115.9,0.0,32.3,39.0,charging,True,True,False,False,False,False,0,6418,32898,0,1024,0
2026-08-14T04:20:07.093,3821076,13485,8.1275,8.2187,4.0701,4.0632,6.2815,6.3043,25.523,83.3,9501,11400,115.9,0.0,32.3,39.0,charging,True,True,False,False,False,False,0,6418,32898,0,1024,0
2026-08-14T04:20:07.592,3822076,13486,8.1275,8.2187,4.0701,4.0632,6.2712,6.3003,25.481,83.3,9503,11400,115.9,0.0,32.3,38.9,charging,True,True,False,False,False,False,0,6418,32898,0,1024,0
2026-08-14T04:20:08.091,3822076,13486,8.1275,8.2187,4.0701,4.0632,6.2712,6.3003,25.481,83.3,9503,11400,115.9,0.0,32.3,38.9,charging,True,True,False,False,False,False,0,6418,32898,0,1024,0
2026-08-14T04:20:08.590,3823076,13487,8.1275,8.2187,4.0692,4.0632,6.265,6.2959,25.456,83.3,9505,11400,115.9,0.0,32.3,39.0,charging,True,True,False,False,False,False,0,6418,32898,0,1024,0
2026-08-14T04:20:09.088,3823076,13487,8.1275,8.2187,4.0692,4.0632,6.265,6.2959,25.456,83.3,9505,11400,115.9,0.0,32.3,39.0,charging,True,True,False,False,False,False,0,6418,32898,0,1024,0
2026-08-14T04:20:09.587,3824076,13488,8.1275,8.2187,4.0699,4.0634,6.2728,6.2925,25.488,83.3,9506,11400,115.9,0.0,32.3,39.1,charging,True,True,False,False,False,False,0,6412,32898,0,1024,0
2026-08-14T04:20:10.085,3824076,13488,8.1275,8.2187,4.0699,4.0634,6.2728,6.2925,25.488,83.3,9506,11400,115.9,0.0,32.3,39.1,charging,True,True,False,False,False,False,0,6412,32898,0,1024,0
2026-08-14T04:20:10.584,3825076,13489,8.1275,8.2187,4.0703,4.0625,6.2703,6.2878,25.472,83.3,9508,11400,115.9,0.0,32.3,38.9,charging,True,True,False,False,False,False,0,6412,32898,0,1024,0
2026-08-14T04:20:11.083,3825076,13489,8.1275,8.2187,4.0703,4.0625,6.2703,6.2878,25.472,83.3,9508,11400,115.9,0.0,32.3,38.9,charging,True,True,False,False,False,False,0,6412,32898,0,1024,0
2026-08-14T04:20:11.583,3826076,13490,8.1275,8.2187,4.0681,4.0632,6.2881,6.2834,25.55,83.4,9510,11400,115.9,0.0,32.3,39.0,charging,True,True,False,False,False,False,0,6412,32898,0,1024,0
2026-08-14T04:20:12.080,3826076,13490,8.1275,8.2187,4.0681,4.0632,6.2881,6.2834,25.55,83.4,9510,11400,115.9,0.0,32.3,39.0,charging,True,True,False,False,False,False,0,6412,32898,0,1024,0
2026-08-14T04:20:12.578,3827076,13491,8.1275,8.2187,4.0688,4.0632,6.2453,6.2812,25.376,83.4,9511,11400,115.9,0.0,32.3,38.9,charging,True,True,False,False,False,False,0,6412,32898,0,1024,0
2026-08-14T04:20:13.077,3827076,13491,8.1275,8.2187,4.0688,4.0632,6.2453,6.2812,25.376,83.4,9511,11400,115.9,0.0,32.3,38.9,charging,True,True,False,False,False,False,0,6412,32898,0,1024,0
2026-08-14T04:20:13.576,3828076,13492,8.1275,8.2187,4.0688,4.0634,6.2743,6.2781,25.494,83.4,9512,11400,115.9,0.0,32.3,38.8,charging,True,True,False,False,False,False,0,6412,32898,0,1024,0
2026-08-14T04:20:14.074,3828076,13492,8.1275,8.2187,4.0688,4.0634,6.2743,6.2781,25.494,83.4,9512,11400,115.9,0.0,32.3,38.8,charging,True,True,False,False,False,False,0,6412,32898,0,1024,0
2026-08-14T04:20:14.573,3829076,13493,8.1275,8.2187,4.0714,4.0639,6.2546,6.2737,25.417,83.4,9514,11400,115.9,0.0,32.3,39.0,charging,True,True,False,False,False,False,0,6412,32898,0,1024,0
2026-08-14T04:20:15.071,3829076,13493,8.1275,8.2187,4.0714,4.0639,6.2546,6.2737,25.417,83.4,9514,11400,115.9,0.0,32.3,39.0,charging,True,True,False,False,False,False,0,6412,32898,0,1024,0
2026-08-14T04:20:15.570,3830076,13494,8.1275,8.2187,4.0697,4.0625,6.2465,6.2703,25.376,83.4,9516,11400,115.9,0.0,32.3,38.9,charging,True,True,False,False,False,False,0,6412,32898,0,1024,0
2026-08-14T04:20:16.068,3830076,13494,8.1275,8.2187,4.0697,4.0625,6.2465,6.2703,25.376,83.4,9516,11400,115.9,0.0,32.3,38.9,charging,True,True,False,False,False,False,0,6412,32898,0,1024,0
2026-08-14T04:20:16.567,3831076,13495,8.1275,8.2187,4.0704,4.0639,6.2568,6.265,25.427,83.4,9517,11400,115.9,0.0,32.3,39.0,charging,True,True,False,False,False,False,0,6401,32898,0,1024,0
2026-08-14T04:20:17.066,3831076,13495,8.1275,8.2187,4.0704,4.0639,6.2568,6.265,25.427,83.4,9517,11400,115.9,0.0,32.3,39.0,charging,True,True,False,False,False,False,0,6401,32898,0,1024,0
2026-08-14T04:20:17.564,3832076,13496,8.1275,8.2187,4.0717,4.0639,6.2484,6.2606,25.392,83.4,9519,11400,115.9,0.0,32.3,38.8,charging,True,True,False,False,False,False,0,6401,32898,0,1024,0
2026-08-14T04:20:18.063,3832076,13496,8.1275,8.2187,4.0717,4.0639,6.2484,6.2606,25.392,83.4,9519,11400,115.9,0.0,32.3,38.8,charging,True,True,False,False,False,False,0,6401,32898,0,1024,0
2026-08-14T04:20:18.563,3833076,13497,8.1275,8.2187,4.0707,4.0646,6.2528,6.2587,25.414,83.5,9520,11400,115.9,0.0,32.3,39.1,charging,True,True,False,False,False,False,0,6395,32898,0,1024,0
2026-08-14T04:20:19.059,3833076,13497,8.1275,8.2187,4.0707,4.0646,6.2528,6.2587,25.414,83.5,9520,11400,115.9,0.0,32.3,39.1,charging,True,True,False,False,False,False,0,6395,32898,0,1024,0
2026-08-14T04:20:19.558,3834076,13498,8.1312,8.2253,4.0707,4.0646,6.2131,6.2543,25.252,83.5,9522,11400,115.9,0.0,32.3,39.2,charging,True,True,False,False,False,False,0,6395,32898,0,1024,0
2026-08-14T04:20:20.056,3834076,13498,8.1312,8.2253,4.0707,4.0646,6.2131,6.2543,25.252,83.5,9522,11400,115.9,0.0,32.3,39.2,charging,True,True,False,False,False,False,0,6395,32898,0,1024,0
2026-08-14T04:20:20.555,3835076,13499,8.1312,8.2253,4.071,4.0647,6.2293,6.249,25.32,83.5,9523,11400,115.9,0.0,32.4,38.9,charging,True,True,False,False,False,False,0,6395,32898,0,1024,0
2026-08-14T04:20:21.054,3835076,13499,8.1312,8.2253,4.071,4.0647,6.2293,6.249,25.32,83.5,9523,11400,115.9,0.0,32.4,38.9,charging,True,True,False,False,False,False,0,6395,32898,0,1024,0
2026-08-14T04:20:21.552,3836076,13500,8.1312,8.2253,4.071,4.0646,6.2175,6.2443,25.27,83.5,9525,11400,115.9,0.0,32.3,38.9,charging,True,True,False,False,False,False,0,6395,32898,0,1024,0
2026-08-14T04:20:22.050,3836076,13500,8.1312,8.2253,4.071,4.0646,6.2175,6.2443,25.27,83.5,9525,11400,115.9,0.0,32.3,38.9,charging,True,True,False,False,False,False,0,6395,32898,0,1024,0
2026-08-14T04:20:22.549,3837076,13501,8.1312,8.2253,4.0708,4.0639,6.2128,6.2396,25.248,83.5,9526,11400,115.9,0.0,32.3,39.0,charging,True,True,False,False,False,False,0,6395,32898,0,1024,0
2026-08-14T04:20:23.047,3837076,13501,8.1312,8.2253,4.0708,4.0639,6.2128,6.2396,25.248,83.5,9526,11400,115.9,0.0,32.3,39.0,charging,True,True,False,False,False,False,0,6395,32898,0,1024,0
2026-08-14T04:20:23.546,3838076,13502,8.1312,8.2253,4.0717,4.0643,6.2209,6.2346,25.283,83.5,9528,11400,115.9,0.0,32.4,39.0,charging,True,True,False,False,False,False,0,6395,32898,0,1024,0
2026-08-14T04:20:24.045,3838076,13502,8.1312,8.2253,4.0717,4.0643,6.2209,6.2346,25.283,83.5,9528,11400,115.9,0.0,32.4,39.0,charging,True,True,False,False,False,False,0,6395,32898,0,1024,0
2026-08-14T04:20:24.544,3839076,13503,8.1312,8.2253,4.0712,4.0639,6.2303,6.2306,25.318,83.5,9530,11400,115.9,0.0,32.4,38.9,charging,True,True,False,False,False,False,0,6395,32898,0,1024,0
2026-08-14T04:20:25.042,3839076,13503,8.1312,8.2253,4.0712,4.0639,6.2303,6.2306,25.318,83.5,9530,11400,115.9,0.0,32.4,38.9,charging,True,True,False,False,False,False,0,6395,32898,0,1024,0
2026-08-14T04:20:25.542,3840076,13504,8.1312,8.2253,4.0719,4.0653,6.2103,6.2278,25.246,83.6,9531,11400,115.9,0.0,32.4,39.1,charging,True,True,False,False,False,False,0,6373,32898,0,1024,0
2026-08-14T04:20:26.039,3840076,13504,8.1312,8.2253,4.0719,4.0653,6.2103,6.2278,25.246,83.6,9531,11400,115.9,0.0,32.4,39.1,charging,True,True,False,False,False,False,0,6373,32898,0,1024,0
2026-08-14T04:20:26.538,3841076,13505,8.1312,8.2253,4.0704,4.0657,6.2003,6.2243,25.208,83.6,9532,11400,115.9,0.0,32.4,39.0,charging,True,True,False,False,False,False,0,6373,32898,0,1024,0
2026-08-14T04:20:27.036,3841076,13505,8.1312,8.2253,4.0704,4.0657,6.2003,6.2243,25.208,83.6,9532,11400,115.9,0.0,32.4,39.0,charging,True,True,False,False,False,False,0,6373,32898,0,1024,0
2026-08-14T04:20:27.535,3842076,13506,8.1312,8.2253,4.0725,4.0639,6.2028,6.22,25.206,83.6,9534,11400,115.9,0.0,32.4,38.9,charging,True,True,False,False,False,False,0,6373,32898,0,1024,0
2026-08-14T04:20:28.033,3842076,13506,8.1312,8.2253,4.0725,4.0639,6.2028,6.22,25.206,83.6,9534,11400,115.9,0.0,32.4,38.9,charging,True,True,False,False,False,False,0,6373,32898,0,1024,0
2026-08-14T04:20:28.532,3843076,13507,8.1312,8.2253,4.0732,4.0647,6.2071,6.2162,25.228,83.6,9535,11400,115.9,0.0,32.4,39.0,charging,True,True,False,False,False,False,0,6373,32898,0,1024,0
2026-08-14T04:20:29.031,3843076,13507,8.1312,8.2253,4.0732,4.0647,6.2071,6.2162,25.228,83.6,9535,11400,115.9,0.0,32.4,39.0,charging,True,True,False,False,False,False,0,6373,32898,0,1024,0
2026-08-14T04:20:29.529,3844076,13508,8.1312,8.2253,4.0716,4.0646,6.199,6.2125,25.195,83.6,9537,11400,115.9,0.0,32.4,38.9,charging,True,True,False,False,False,False,0,6373,32898,0,1024,0
2026-08-14T04:20:30.028,3844076,13508,8.1312,8.2253,4.0716,4.0646,6.199,6.2125,25.195,83.6,9537,11400,115.9,0.0,32.4,38.9,charging,True,True,False,False,False,False,0,6373,32898,0,1024,0
2026-08-14T04:20:30.527,3845076,13509,8.1312,8.2253,4.0717,4.0649,6.2053,6.2081,25.222,83.6,9539,11400,115.9,0.0,32.4,38.8,charging,True,True,False,False,False,False,0,6373,32898,0,1024,0
2026-08-14T04:20:31.025,3845076,13509,8.1312,8.2253,4.0717,4.0649,6.2053,6.2081,25.222,83.6,9539,11400,115.9,0.0,32.4,38.8,charging,True,True,False,False,False,False,0,6373,32898,0,1024,0
2026-08-14T04:20:31.524,3846076,13510,8.1312,8.2253,4.0707,4.0662,6.1887,6.2046,25.164,83.6,9540,11400,115.9,0.0,32.3,38.9,charging,True,True,False,False,False,False,0,6373,32898,0,1024,0
2026-08-14T04:20:32.023,3846076,13510,8.1312,8.2253,4.0707,4.0662,6.1887,6.2046,25.164,83.6,9540,11400,115.9,0.0,32.3,38.9,charging,True,True,False,False,False,False,0,6373,32898,0,1024,0
2026-08-14T04:20:32.521,3847076,13511,8.1312,8.2253,4.0732,4.0651,6.1868,6.2025,25.15,83.6,9541,11400,115.9,0.0,32.3,38.8,charging,True,True,False,False,False,False,0,6367,32898,0,1024,0
2026-08-14T04:20:33.020,3847076,13511,8.1312,8.2253,4.0732,4.0651,6.1868,6.2025,25.15,83.6,9541,11400,115.9,0.0,32.3,38.8,charging,True,True,False,False,False,False,0,6367,32898,0,1024,0
2026-08-14T04:20:33.520,3848076,13512,8.1312,8.2253,4.0723,4.0651,6.175,6.1984,25.1,83.7,9543,11400,115.9,0.0,32.3,38.7,charging,True,True,False,False,False,False,0,6367,32898,0,1024,0
2026-08-14T04:20:34.017,3848076,13512,8.1312,8.2253,4.0723,4.0651,6.175,6.1984,25.1,83.7,9543,11400,115.9,0.0,32.3,38.7,charging,True,True,False,False,False,False,0,6367,32898,0,1024,0
2026-08-14T04:20:34.516,3849076,13513,8.1312,8.2253,4.0728,4.0657,6.1693,6.1943,25.081,83.7,9545,11400,115.9,0.0,32.3,38.8,charging,True,True,False,False,False,False,0,6356,32898,0,1024,0
2026-08-14T04:20:35.015,3849076,13513,8.1312,8.2253,4.0728,4.0657,6.1693,6.1943,25.081,83.7,9545,11400,115.9,0.0,32.3,38.8,charging,True,True,False,False,False,False,0,6356,32898,0,1024,0
2026-08-14T04:20:35.513,3850076,13514,8.1312,8.2253,4.0723,4.0649,6.1837,6.1887,25.134,83.7,9546,11400,115.9,0.0,32.3,39.0,charging,True,True,False,False,False,False,0,6356,32898,0,1024,0
2026-08-14T04:20:36.012,3850076,13514,8.1312,8.2253,4.0723,4.0649,6.1837,6.1887,25.134,83.7,9546,11400,115.9,0.0,32.3,39.0,charging,True,True,False,False,False,False,0,6356,32898,0,1024,0
2026-08-14T04:20:36.511,3851076,13515,8.1312,8.2253,4.0707,4.0669,6.1496,6.1834,25.009,83.7,9548,11400,115.9,0.0,32.3,38.8,charging,True,True,False,False,False,False,0,6356,32898,0,1024,0
2026-08-14T04:20:37.009,3851076,13515,8.1312,8.2253,4.0707,4.0669,6.1496,6.1834,25.009,83.7,9548,11400,115.9,0.0,32.3,38.8,charging,True,True,False,False,False,False,0,6356,32898,0,1024,0
2026-08-14T04:20:37.508,3852076,13516,8.1312,8.2253,4.0717,4.0653,6.1606,6.1793,25.044,83.7,9549,11400,115.9,0.0,32.3,38.7,charging,True,True,False,False,False,False,0,6356,32898,0,1024,0
2026-08-14T04:20:38.007,3852076,13516,8.1312,8.2253,4.0717,4.0653,6.1606,6.1793,25.044,83.7,9549,11400,115.9,0.0,32.3,38.7,charging,True,True,False,False,False,False,0,6356,32898,0,1024,0
2026-08-14T04:20:38.505,3853076,13517,8.1312,8.2253,4.0734,4.0666,6.1462,6.1743,24.993,83.7,9551,11400,115.9,0.0,32.3,38.8,charging,True,True,False,False,False,False,0,6356,32898,0,1024,0
2026-08-14T04:20:39.004,3853076,13517,8.1312,8.2253,4.0734,4.0666,6.1462,6.1743,24.993,83.7,9551,11400,115.9,0.0,32.3,38.8,charging,True,True,False,False,False,False,0,6356,32898,0,1024,0
2026-08-14T04:20:39.503,3854076,13518,8.1312,8.2253,4.0727,4.0664,6.1493,6.1715,25.004,83.7,9552,11400,115.9,0.0,32.3,38.9,charging,True,True,False,False,False,False,0,6356,32898,0,1024,0
2026-08-14T04:20:40.002,3854076,13518,8.1312,8.2253,4.0727,4.0664,6.1493,6.1715,25.004,83.7,9552,11400,115.9,0.0,32.3,38.9,charging,True,True,False,False,False,False,0,6356,32898,0,1024,0
2026-08-14T04:20:40.502,3855076,13519,8.1312,8.2253,4.0716,4.066,6.1371,6.1668,24.952,83.8,9554,11400,115.9,0.0,32.3,38.9,charging,True,True,False,False,False,False,0,6350,32898,0,1024,0
2026-08-14T04:20:40.999,3855076,13519,8.1312,8.2253,4.0716,4.066,6.1371,6.1668,24.952,83.8,9554,11400,115.9,0.0,32.3,38.9,charging,True,True,False,False,False,False,0,6350,32898,0,1024,0
2026-08-14T04:20:41.498,3856076,13520,8.1312,8.2275,4.0725,4.066,6.1556,6.1646,25.027,83.8,9555,11400,115.9,0.0,32.3,38.9,charging,True,True,False,False,False,False,0,6350,32898,0,1024,0
2026-08-14T04:20:41.996,3856076,13520,8.1312,8.2275,4.0725,4.066,6.1556,6.1646,25.027,83.8,9555,11400,115.9,0.0,32.3,38.9,charging,True,True,False,False,False,False,0,6350,32898,0,1024,0
2026-08-14T04:20:42.495,3857076,13521,8.1393,8.2275,4.0746,4.0669,6.149,6.16,25.006,83.8,9557,11400,115.9,0.0,32.3,39.0,charging,True,True,False,False,False,False,0,6350,32898,0,1024,0
2026-08-14T04:20:42.993,3857076,13521,8.1393,8.2275,4.0746,4.0669,6.149,6.16,25.006,83.8,9557,11400,115.9,0.0,32.3,39.0,charging,True,True,False,False,False,False,0,6350,32898,0,1024,0
2026-08-14T04:20:43.492,3858076,13522,8.1393,8.2275,4.0739,4.0664,6.1543,6.159,25.025,83.8,9558,11400,115.9,0.0,32.3,38.8,charging,True,True,False,False,False,False,0,6333,32898,0,1024,0
2026-08-14T04:20:43.991,3858076,13522,8.1393,8.2275,4.0739,4.0664,6.1543,6.159,25.025,83.8,9558,11400,115.9,0.0,32.3,38.8,charging,True,True,False,False,False,False,0,6333,32898,0,1024,0
2026-08-14T04:20:44.490,3859076,13523,8.1393,8.2275,4.0723,4.0666,6.1331,6.1546,24.939,83.8,9560,11400,115.9,0.0,32.3,38.5,charging,True,True,False,False,False,False,0,6333,32898,0,1024,0
2026-08-14T04:20:44.988,3859076,13523,8.1393,8.2275,4.0723,4.0666,6.1331,6.1546,24.939,83.8,9560,11400,115.9,0.0,32.3,38.5,charging,True,True,False,False,False,False,0,6333,32898,0,1024,0
2026-08-14T04:20:45.487,3860076,13524,8.1393,8.2275,4.0734,4.0649,6.109,6.1496,24.832,83.8,9561,11400,115.9,0.0,32.3,38.6,charging,True,True,False,False,False,False,0,6333,32898,0,1024,0
2026-08-14T04:20:45.986,3860076,13524,8.1393,8.2275,4.0734,4.0649,6.109,6.1496,24.832,83.8,9561,11400,115.9,0.0,32.3,38.6,charging,True,True,False,False,False,False,0,6333,32898,0,1024,0
2026-08-14T04:20:46.484,3861076,13525,8.1393,8.2275,4.0731,4.066,6.1259,6.1475,24.907,83.8,9563,11400,115.9,0.0,32.3,38.8,charging,True,True,False,False,False,False,0,6333,32898,0,1024,0
2026-08-14T04:20:46.983,3861076,13525,8.1393,8.2275,4.0731,4.066,6.1259,6.1475,24.907,83.8,9563,11400,115.9,0.0,32.3,38.8,charging,True,True,False,False,False,False,0,6333,32898,0,1024,0
2026-08-14T04:20:47.482,3862076,13526,8.1393,8.2275,4.0739,4.066,6.1196,6.1406,24.881,83.8,9564,11400,115.9,0.0,32.3,38.8,charging,True,True,False,False,False,False,0,6328,32898,0,1024,0
2026-08-14T04:20:47.980,3862076,13526,8.1393,8.2275,4.0739,4.066,6.1196,6.1406,24.881,83.8,9564,11400,115.9,0.0,32.3,38.8,charging,True,True,False,False,False,False,0,6328,32898,0,1024,0
2026-08-14T04:20:48.481,3863076,13527,8.1393,8.2275,4.0727,4.0678,6.1212,6.1356,24.899,83.9,9566,11400,115.9,0.0,32.3,38.8,charging,True,True,False,False,False,False,0,6328,32898,0,1024,0
2026-08-14T04:20:48.978,3863076,13527,8.1393,8.2275,4.0727,4.0678,6.1212,6.1356,24.899,83.9,9566,11400,115.9,0.0,32.3,38.8,charging,True,True,False,False,False,False,0,6328,32898,0,1024,0
2026-08-14T04:20:49.477,3864076,13528,8.1393,8.2275,4.0719,4.0671,6.1221,6.1315,24.899,83.9,9567,11400,115.9,0.0,32.3,38.7,charging,True,True,False,False,False,False,0,6328,32898,0,1024,0
2026-08-14T04:20:49.975,3864076,13528,8.1393,8.2275,4.0719,4.0671,6.1221,6.1315,24.899,83.9,9567,11400,115.9,0.0,32.3,38.7,charging,True,True,False,False,False,False,0,6328,32898,0,1024,0
2026-08-14T04:20:50.474,3865076,13529,8.1393,8.2275,4.0736,4.0675,6.0965,6.1275,24.796,83.9,9569,11400,115.9,0.0,32.3,38.7,charging,True,True,False,False,False,False,0,6328,32898,0,1024,0
2026-08-14T04:20:50.973,3865076,13529,8.1393,8.2275,4.0736,4.0675,6.0965,6.1275,24.796,83.9,9569,11400,115.9,0.0,32.3,38.7,charging,True,True,False,False,False,False,0,6328,32898,0,1024,0
2026-08-14T04:20:51.471,3866076,13530,8.1393,8.2275,4.0738,4.0658,6.1028,6.1231,24.811,83.9,9570,11400,115.9,0.0,32.3,38.9,charging,True,True,False,False,False,False,0,6316,32898,0,1024,0
2026-08-14T04:20:51.970,3866076,13530,8.1393,8.2275,4.0738,4.0658,6.1028,6.1231,24.811,83.9,9570,11400,115.9,0.0,32.3,38.9,charging,True,True,False,False,False,False,0,6316,32898,0,1024,0
2026-08-14T04:20:52.469,3867076,13531,8.1393,8.2275,4.0749,4.0667,6.0903,6.1203,24.766,83.9,9571,11400,115.9,0.0,32.3,38.7,charging,True,True,False,False,False,False,0,6316,32898,0,1024,0
2026-08-14T04:20:52.967,3867076,13531,8.1393,8.2275,4.0749,4.0667,6.0903,6.1203,24.766,83.9,9571,11400,115.9,0.0,32.3,38.7,charging,True,True,False,False,False,False,0,6316,32898,0,1024,0
2026-08-14T04:20:53.466,3868076,13532,8.1393,8.2275,4.0728,4.0662,6.1165,6.1171,24.87,83.9,9573,11400,115.9,0.0,32.3,38.9,charging,True,True,False,False,False,False,0,6316,32898,0,1024,0
2026-08-14T04:20:53.965,3868076,13532,8.1393,8.2275,4.0728,4.0662,6.1165,6.1171,24.87,83.9,9573,11400,115.9,0.0,32.3,38.9,charging,True,True,False,False,False,False,0,6316,32898,0,1024,0
2026-08-14T04:20:54.463,3869076,13533,8.1393,8.2275,4.0714,4.0673,6.1115,6.114,24.857,83.9,9575,11400,115.9,0.0,32.3,38.7,charging,True,True,False,False,False,False,0,6316,32898,0,1024,0
2026-08-14T04:20:54.962,3869076,13533,8.1393,8.2275,4.0714,4.0673,6.1115,6.114,24.857,83.9,9575,11400,115.9,0.0,32.3,38.7,charging,True,True,False,False,False,False,0,6316,32898,0,1024,0
2026-08-14T04:20:55.461,3870076,13534,8.1393,8.2275,4.0736,4.0684,6.0984,6.1115,24.809,83.9,9576,11400,115.9,0.0,32.3,38.9,charging,True,True,False,False,False,False,0,6311,32898,0,1024,0
2026-08-14T04:20:55.959,3870076,13534,8.1393,8.2275,4.0736,4.0684,6.0984,6.1115,24.809,83.9,9576,11400,115.9,0.0,32.3,38.9,charging,True,True,False,False,False,False,0,6311,32898,0,1024,0
2026-08-14T04:20:56.459,3871076,13535,8.1393,8.2275,4.0754,4.0682,6.0956,6.1071,24.798,84.0,9578,11400,115.9,0.0,32.3,38.8,charging,True,True,False,False,False,False,0,6311,32898,0,1024,0
2026-08-14T04:20:56.957,3871076,13535,8.1393,8.2275,4.0754,4.0682,6.0956,6.1071,24.798,84.0,9578,11400,115.9,0.0,32.3,38.8,charging,True,True,False,False,False,False,0,6311,32898,0,1024,0
2026-08-14T04:20:57.455,3872076,13536,8.1393,8.2275,4.0742,4.0681,6.0584,6.1015,24.646,84.0,9579,11400,115.9,0.0,32.3,38.8,charging,True,True,False,False,False,False,0,6311,32898,0,1024,0
2026-08-14T04:20:57.954,3872076,13536,8.1393,8.2275,4.0742,4.0681,6.0584,6.1015,24.646,84.0,9579,11400,115.9,0.0,32.3,38.8,charging,True,True,False,False,False,False,0,6311,32898,0,1024,0
2026-08-14T04:20:58.453,3873076,13537,8.1393,8.2275,4.0725,4.0666,6.0853,6.0987,24.745,84.0,9580,11400,115.9,0.0,32.3,38.5,charging,True,True,False,False,False,False,0,6311,32898,0,1024,0
2026-08-14T04:20:58.951,3873076,13537,8.1393,8.2275,4.0725,4.0666,6.0853,6.0987,24.745,84.0,9580,11400,115.9,0.0,32.3,38.5,charging,True,True,False,False,False,False,0,6311,32898,0,1024,0
2026-08-14T04:20:59.450,3874076,13538,8.1393,8.2275,4.0742,4.0678,6.0662,6.0959,24.675,84.0,9582,11400,115.9,0.0,32.3,38.7,charging,True,True,False,False,False,False,0,6311,32898,0,1024,0
2026-08-14T04:20:59.949,3874076,13538,8.1393,8.2275,4.0742,4.0678,6.0662,6.0959,24.675,84.0,9582,11400,115.9,0.0,32.3,38.7,charging,True,True,False,False,False,False,0,6311,32898,0,1024,0
2026-08-14T04:21:00.447,3875076,13539,8.1393,8.2275,4.0751,4.0692,6.0856,6.0915,24.763,84.0,9583,11400,115.9,0.0,32.3,38.7,charging,True,True,False,False,False,False,0,6311,32898,0,1024,0
2026-08-14T04:21:00.946,3875076,13539,8.1393,8.2275,4.0751,4.0692,6.0856,6.0915,24.763,84.0,9583,11400,115.9,0.0,32.3,38.7,charging,True,True,False,False,False,False,0,6311,32898,0,1024,0
2026-08-14T04:21:01.445,3876076,13540,8.1393,8.2275,4.0738,4.0686,6.0706,6.0875,24.697,84.0,9585,11400,115.9,0.0,32.3,38.7,charging,True,True,False,False,False,False,0,6294,32898,0,1024,0
2026-08-14T04:21:01.943,3876076,13540,8.1393,8.2275,4.0738,4.0686,6.0706,6.0875,24.697,84.0,9585,11400,115.9,0.0,32.3,38.7,charging,True,True,False,False,False,False,0,6294,32898,0,1024,0
2026-08-14T04:21:02.442,3877076,13541,8.1393,8.2275,4.076,4.0658,6.0628,6.0828,24.649,84.0,9587,11400,115.9,0.0,32.3,38.6,charging,True,True,False,False,False,False,0,6288,32898,0,1024,0
2026-08-14T04:21:02.940,3877076,13541,8.1393,8.2275,4.076,4.0658,6.0628,6.0828,24.649,84.0,9587,11400,115.9,0.0,32.3,38.6,charging,True,True,False,False,False,False,0,6288,32898,0,1024,0
2026-08-14T04:21:03.440,3878076,13542,8.1393,8.2275,4.0749,4.0689,6.0356,6.0765,24.556,84.1,9588,11400,115.9,0.0,32.3,38.6,charging,True,True,False,False,False,False,0,6288,32898,0,1024,0
2026-08-14T04:21:03.938,3878076,13542,8.1393,8.2275,4.0749,4.0689,6.0356,6.0765,24.556,84.1,9588,11400,115.9,0.0,32.3,38.6,charging,True,True,False,False,False,False,0,6288,32898,0,1024,0
2026-08-14T04:21:04.437,3879076,13543,8.1437,8.2296,4.0754,4.0689,6.0387,6.0718,24.569,84.1,9590,11400,115.9,0.0,32.3,38.8,charging,True,True,False,False,False,False,0,6288,32898,0,1024,0
2026-08-14T04:21:04.935,3879076,13543,8.1437,8.2296,4.0754,4.0689,6.0387,6.0718,24.569,84.1,9590,11400,115.9,0.0,32.3,38.8,charging,True,True,False,False,False,False,0,6288,32898,0,1024,0
2026-08-14T04:21:05.434,3880076,13544,8.1437,8.2296,4.076,4.0686,6.0443,6.0696,24.592,84.1,9591,11400,115.9,0.0,32.3,38.6,charging,True,True,False,False,False,False,0,6288,32898,0,1024,0
2026-08-14T04:21:05.933,3880076,13544,8.1437,8.2296,4.076,4.0686,6.0443,6.0696,24.592,84.1,9591,11400,115.9,0.0,32.3,38.6,charging,True,True,False,False,False,False,0,6288,32898,0,1024,0
2026-08-14T04:21:06.432,3881076,13545,8.1437,8.2296,4.0742,4.0686,6.0478,6.0653,24.604,84.1,9592,11400,115.9,0.0,32.3,38.8,charging,True,True,False,False,False,False,0,6288,32898,0,1024,0
2026-08-14T04:21:06.930,3881076,13545,8.1437,8.2296,4.0742,4.0686,6.0478,6.0653,24.604,84.1,9592,11400,115.9,0.0,32.3,38.8,charging,True,True,False,False,False,False,0,6288,32898,0,1024,0
2026-08-14T04:21:07.429,3882076,13546,8.1437,8.2296,4.0747,4.0693,6.0471,6.0618,24.608,84.1,9594,11400,115.9,0.0,32.3,38.7,charging,True,True,False,False,False,False,0,6288,32898,0,1024,0
2026-08-14T04:21:07.927,3882076,13546,8.1437,8.2296,4.0747,4.0693,6.0471,6.0618,24.608,84.1,9594,11400,115.9,0.0,32.3,38.7,charging,True,True,False,False,False,False,0,6288,32898,0,1024,0
2026-08-14T04:21:08.426,3883076,13547,8.1437,8.2296,4.0762,4.0684,6.039,6.0584,24.568,84.1,9595,11400,115.9,0.0,32.3,38.8,charging,True,True,False,False,False,False,0,6288,32898,0,1024,0
2026-08-14T04:21:08.924,3883076,13547,8.1437,8.2296,4.0762,4.0684,6.039,6.0584,24.568,84.1,9595,11400,115.9,0.0,32.3,38.8,charging,True,True,False,False,False,False,0,6288,32898,0,1024,0
2026-08-14T04:21:09.423,3884076,13548,8.1437,8.2296,4.0753,4.0671,6.0187,6.0525,24.478,84.1,9597,11400,115.9,0.0,32.2,38.7,charging,True,True,False,False,False,False,0,6271,32898,0,1024,0
2026-08-14T04:21:09.921,3884076,13548,8.1437,8.2296,4.0753,4.0671,6.0187,6.0525,24.478,84.1,9597,11400,115.9,0.0,32.2,38.7,charging,True,True,False,False,False,False,0,6271,32898,0,1024,0
2026-08-14T04:21:10.420,3885076,13549,8.1437,8.2296,4.0746,4.0692,6.0193,6.0481,24.492,84.1,9598,11400,115.9,0.0,32.3,38.8,charging,True,True,False,False,False,False,0,6271,32898,0,1024,0
2026-08-14T04:21:10.919,3885076,13549,8.1437,8.2296,4.0746,4.0692,6.0193,6.0481,24.492,84.1,9598,11400,115.9,0.0,32.3,38.8,charging,True,True,False,False,False,False,0,6271,32898,0,1024,0
2026-08-14T04:21:11.418,3886076,13550,8.1437,8.2296,4.0751,4.0693,6.0346,6.0456,24.556,84.2,9600,11400,115.9,0.0,32.3,38.7,charging,True,True,False,False,False,False,0,6271,32898,0,1024,0
2026-08-14T04:21:11.916,3886076,13550,8.1437,8.2296,4.0751,4.0693,6.0346,6.0456,24.556,84.2,9600,11400,115.9,0.0,32.3,38.7,charging,True,True,False,False,False,False,0,6271,32898,0,1024,0
2026-08-14T04:21:12.414,3887076,13551,8.1437,8.2296,4.0749,4.0689,6.0234,6.0431,24.508,84.2,9601,11400,115.9,0.0,32.3,38.7,charging,True,True,False,False,False,False,0,6271,32898,0,1024,0
2026-08-14T04:21:12.913,3887076,13551,8.1437,8.2296,4.0749,4.0689,6.0234,6.0431,24.508,84.2,9601,11400,115.9,0.0,32.3,38.7,charging,True,True,False,False,False,False,0,6271,32898,0,1024,0
2026-08-14T04:21:13.412,3888076,13552,8.1437,8.2296,4.0747,4.0681,6.024,6.039,24.505,84.2,9603,11400,115.9,0.0,32.3,38.6,charging,True,True,False,False,False,False,0,6271,32898,0,1024,0
2026-08-14T04:21:13.910,3888076,13552,8.1437,8.2296,4.0747,4.0681,6.024,6.039,24.505,84.2,9603,11400,115.9,0.0,32.3,38.6,charging,True,True,False,False,False,False,0,6271,32898,0,1024,0
2026-08-14T04:21:14.409,3889076,13553,8.1437,8.2296,4.0754,4.0688,6.0156,6.0343,24.475,84.2,9604,11400,115.9,0.0,32.3,38.5,charging,True,True,False,False,False,False,0,6271,32898,0,1024,0
2026-08-14T04:21:14.907,3889076,13553,8.1437,8.2296,4.0754,4.0688,6.0156,6.0343,24.475,84.2,9604,11400,115.9,0.0,32.3,38.5,charging,True,True,False,False,False,False,0,6271,32898,0,1024,0
2026-08-14T04:21:15.406,3890076,13554,8.1437,8.2296,4.0757,4.0677,6.0275,6.0306,24.516,84.2,9606,11400,115.9,0.0,32.2,38.7,charging,True,True,False,False,False,False,0,6271,32898,0,1024,0
2026-08-14T04:21:15.904,3890076,13554,8.1437,8.2296,4.0757,4.0677,6.0275,6.0306,24.516,84.2,9606,11400,115.9,0.0,32.2,38.7,charging,True,True,False,False,False,False,0,6271,32898,0,1024,0
2026-08-14T04:21:16.403,3891076,13555,8.1437,8.2296,4.0758,4.0688,5.9909,6.025,24.374,84.2,9607,11400,115.9,0.0,32.2,38.5,charging,True,True,False,False,False,False,0,6271,32898,0,1024,0
2026-08-14T04:21:16.902,3891076,13555,8.1437,8.2296,4.0758,4.0688,5.9909,6.025,24.374,84.2,9607,11400,115.9,0.0,32.2,38.5,charging,True,True,False,False,False,False,0,6271,32898,0,1024,0
2026-08-14T04:21:17.400,3892076,13556,8.1437,8.2296,4.0758,4.0688,5.9828,6.0206,24.342,84.2,9609,11400,115.9,0.0,32.2,38.8,charging,True,True,False,False,False,False,0,6271,32898,0,1024,0
2026-08-14T04:21:17.899,3892076,13556,8.1437,8.2296,4.0758,4.0688,5.9828,6.0206,24.342,84.2,9609,11400,115.9,0.0,32.2,38.8,charging,True,True,False,False,False,False,0,6271,32898,0,1024,0
2026-08-14T04:21:18.399,3893076,13557,8.1437,8.2296,4.0747,4.0682,5.999,6.0162,24.404,84.3,9610,11400,115.9,0.0,32.2,38.8,charging,True,True,False,False,False,False,0,6249,32898,0,1024,0
2026-08-14T04:21:18.896,3893076,13557,8.1437,8.2296,4.0747,4.0682,5.999,6.0162,24.404,84.3,9610,11400,115.9,0.0,32.2,38.8,charging,True,True,False,False,False,False,0,6249,32898,0,1024,0
2026-08-14T04:21:19.395,3894076,13558,8.1437,8.2296,4.076,4.0684,6.0065,6.0153,24.436,84.3,9611,11400,115.9,0.0,32.2,38.5,charging,True,True,False,False,False,False,0,6249,32898,0,1024,0
2026-08-14T04:21:19.894,3894076,13558,8.1437,8.2296,4.076,4.0684,6.0065,6.0153,24.436,84.3,9611,11400,115.9,0.0,32.2,38.5,charging,True,True,False,False,False,False,0,6249,32898,0,1024,0
2026-08-14T04:21:20.392,3895076,13559,8.1437,8.2296,4.0778,4.0684,6.0,6.0109,24.409,84.3,9613,11400,115.9,0.0,32.2,38.5,charging,True,True,False,False,False,False,0,6249,32898,0,1024,0
2026-08-14T04:21:20.891,3895076,13559,8.1437,8.2296,4.0778,4.0684,6.0,6.0109,24.409,84.3,9613,11400,115.9,0.0,32.2,38.5,charging,True,True,False,False,False,False,0,6249,32898,0,1024,0
2026-08-14T04:21:21.390,3896076,13560,8.1437,8.2296,4.0769,4.0699,5.9971,6.0062,24.406,84.3,9614,11400,115.9,0.0,32.2,38.7,charging,True,True,False,False,False,False,0,6069,32898,0,1024,0
2026-08-14T04:21:21.888,3896076,13560,8.1437,8.2296,4.0769,4.0699,5.9971,6.0062,24.406,84.3,9614,11400,115.9,0.0,32.2,38.7,charging,True,True,False,False,False,False,0,6069,32898,0,1024,0
2026-08-14T04:21:22.387,3897076,13561,8.1437,8.2296,4.0749,4.0689,5.9962,6.0034,24.396,84.3,9616,11400,115.9,0.0,32.1,38.7,charging,True,True,False,False,False,False,0,6069,32898,0,1024,0
2026-08-14T04:21:22.886,3897076,13561,8.1437,8.2296,4.0749,4.0689,5.9962,6.0034,24.396,84.3,9616,11400,115.9,0.0,32.1,38.7,charging,True,True,False,False,False,False,0,6069,32898,0,1024,0
2026-08-14T04:21:23.384,3898076,13562,8.1437,8.2296,4.0766,4.0686,5.9731,5.9993,24.3,84.3,9617,11400,115.9,0.0,32.2,38.5,charging,True,True,False,False,False,False,0,6069,32898,0,1024,0
2026-08-14T04:21:23.883,3898076,13562,8.1437,8.2296,4.0766,4.0686,5.9731,5.9993,24.3,84.3,9617,11400,115.9,0.0,32.2,38.5,charging,True,True,False,False,False,False,0,6069,32898,0,1024,0
2026-08-14T04:21:24.382,3899076,13563,8.1437,8.2296,4.0762,4.0697,5.9746,5.9956,24.313,84.3,9619,11400,115.9,0.0,32.2,38.6,charging,True,True,False,False,False,False,0,6069,32898,0,1024,0
2026-08-14T04:21:24.880,3899076,13563,8.1437,8.2296,4.0762,4.0697,5.9746,5.9956,24.313,84.3,9619,11400,115.9,0.0,32.2,38.6,charging,True,True,False,False,False,False,0,6069,32898,0,1024,0
2026-08-14T04:21:25.379,3900076,13564,8.1437,8.2296,4.0762,4.0697,5.9665,5.9921,24.281,84.3,9620,11400,115.9,0.0,32.2,38.5,charging,True,True,False,False,False,False,0,6069,32898,0,1024,0
2026-08-14T04:21:25.878,3900076,13564,8.1437,8.2296,4.0762,4.0697,5.9665,5.9921,24.281,84.3,9620,11400,115.9,0.0,32.2,38.5,charging,True,True,False,False,False,False,0,6069,32898,0,1024,0
2026-08-14T04:21:26.377,3901076,13565,8.1437,8.2262,4.0762,4.0704,5.9793,5.9878,24.337,84.3,9621,11400,115.9,0.0,32.2,38.6,charging,True,True,False,False,False,False,0,6069,32898,0,1024,0
2026-08-14T04:21:26.875,3901076,13565,8.1437,8.2262,4.0762,4.0704,5.9793,5.9878,24.337,84.3,9621,11400,115.9,0.0,32.2,38.6,charging,True,True,False,False,False,False,0,6069,32898,0,1024,0
2026-08-14T04:21:27.375,3902076,13566,8.1421,8.2262,4.0775,4.0704,5.9537,5.9831,24.233,84.4,9623,11400,115.9,0.0,32.2,38.5,charging,True,True,False,False,False,False,0,6069,32898,0,1024,0
2026-08-14T04:21:27.872,3902076,13566,8.1421,8.2262,4.0775,4.0704,5.9537,5.9831,24.233,84.4,9623,11400,115.9,0.0,32.2,38.5,charging,True,True,False,False,False,False,0,6069,32898,0,1024,0
2026-08-14T04:21:28.371,3903076,13567,8.1421,8.2262,4.0771,4.0701,5.9631,5.9787,24.27,84.4,9624,11400,115.9,0.0,32.2,38.6,charging,True,True,False,False,False,False,0,6058,32898,0,1024,0
2026-08-14T04:21:28.870,3903076,13567,8.1421,8.2262,4.0771,4.0701,5.9631,5.9787,24.27,84.4,9624,11400,115.9,0.0,32.2,38.6,charging,True,True,False,False,False,False,0,6058,32898,0,1024,0
2026-08-14T04:21:29.368,3904076,13568,8.1421,8.2262,4.0767,4.0712,5.9778,5.9756,24.336,84.4,9626,11400,115.9,0.0,32.2,38.5,charging,True,True,False,False,False,False,0,6058,32898,0,1024,0
2026-08-14T04:21:29.867,3904076,13568,8.1421,8.2262,4.0767,4.0712,5.9778,5.9756,24.336,84.4,9626,11400,115.9,0.0,32.2,38.5,charging,True,True,False,False,False,False,0,6058,32898,0,1024,0
2026-08-14T04:21:30.366,3905076,13569,8.1421,8.2262,4.0762,4.0696,5.9496,5.9693,24.211,84.4,9627,11400,115.9,0.0,32.2,38.6,charging,True,True,False,False,False,False,0,6058,32898,0,1024,0
2026-08-14T04:21:30.864,3905076,13569,8.1421,8.2262,4.0762,4.0696,5.9496,5.9693,24.211,84.4,9627,11400,115.9,0.0,32.2,38.6,charging,True,True,False,False,False,False,0,6058,32898,0,1024,0
2026-08-14T04:21:31.363,3906076,13570,8.1421,8.2262,4.0769,4.0697,5.9384,5.9671,24.166,84.4,9628,11400,115.9,0.0,32.2,38.6,charging,True,True,False,False,False,False,0,6058,32898,0,1024,0
2026-08-14T04:21:31.861,3906076,13570,8.1421,8.2262,4.0769,4.0697,5.9384,5.9671,24.166,84.4,9628,11400,115.9,0.0,32.2,38.6,charging,True,True,False,False,False,False,0,6058,32898,0,1024,0
2026-08-14T04:21:32.360,3907076,13571,8.1421,8.2262,4.0754,4.0704,5.9537,5.9646,24.217,84.4,9630,11400,115.9,0.0,32.2,38.5,charging,True,True,False,False,False,False,0,6058,32898,0,1024,0
2026-08-14T04:21:32.859,3907076,13571,8.1421,8.2262,4.0754,4.0704,5.9537,5.9646,24.217,84.4,9630,11400,115.9,0.0,32.2,38.5,charging,True,True,False,False,False,False,0,6058,32898,0,1024,0
2026-08-14T04:21:33.357,3908076,13572,8.1421,8.2262,4.0771,4.0704,5.9446,5.9615,24.196,84.4,9632,11400,115.9,0.0,32.1,38.3,charging,True,True,False,False,False,False,0,6058,32898,0,1024,0
2026-08-14T04:21:33.856,3908076,13572,8.1421,8.2262,4.0771,4.0704,5.9446,5.9615,24.196,84.4,9632,11400,115.9,0.0,32.1,38.3,charging,True,True,False,False,False,False,0,6058,32898,0,1024,0
2026-08-14T04:21:34.354,3909076,13573,8.1421,8.2262,4.0751,4.0703,5.9384,5.9565,24.171,84.4,9633,11400,115.9,0.0,32.2,38.5,charging,True,True,False,False,False,False,0,6058,32898,0,1024,0
2026-08-14T04:21:34.853,3909076,13573,8.1421,8.2262,4.0751,4.0703,5.9384,5.9565,24.171,84.4,9633,11400,115.9,0.0,32.2,38.5,charging,True,True,False,False,False,False,0,6058,32898,0,1024,0
2026-08-14T04:21:35.353,3910076,13574,8.1421,8.2262,4.0781,4.0716,5.9381,5.9515,24.176,84.5,9635,11400,115.9,0.0,32.2,38.5,charging,True,True,False,False,False,False,0,6058,32898,0,1024,0
2026-08-14T04:21:35.850,3910076,13574,8.1421,8.2262,4.0781,4.0716,5.9381,5.9515,24.176,84.5,9635,11400,115.9,0.0,32.2,38.5,charging,True,True,False,False,False,False,0,6058,32898,0,1024,0
2026-08-14T04:21:36.349,3911076,13575,8.1421,8.2262,4.0767,4.0707,5.9021,5.9453,24.024,84.5,9636,11400,115.9,0.0,32.2,38.2,charging,True,True,False,False,False,False,0,6041,32898,0,1024,0
2026-08-14T04:21:36.847,3911076,13575,8.1421,8.2262,4.0767,4.0707,5.9021,5.9453,24.024,84.5,9636,11400,115.9,0.0,32.2,38.2,charging,True,True,False,False,False,False,0,6041,32898,0,1024,0
2026-08-14T04:21:37.346,3912076,13576,8.1421,8.2262,4.0757,4.0707,5.8978,5.9409,24.006,84.5,9638,11400,115.9,0.0,32.2,38.2,charging,True,True,False,False,False,False,0,6041,32898,0,1024,0
2026-08-14T04:21:37.845,3912076,13576,8.1421,8.2262,4.0757,4.0707,5.8978,5.9409,24.006,84.5,9638,11400,115.9,0.0,32.2,38.2,charging,True,True,False,False,False,False,0,6041,32898,0,1024,0
2026-08-14T04:21:38.344,3913076,13577,8.1421,8.2262,4.0753,4.0707,5.9315,5.9409,24.144,84.5,9639,11400,115.9,0.0,32.1,38.5,charging,True,True,False,False,False,False,0,6041,32898,0,1024,0
2026-08-14T04:21:38.842,3913076,13577,8.1421,8.2262,4.0753,4.0707,5.9315,5.9409,24.144,84.5,9639,11400,115.9,0.0,32.1,38.5,charging,True,True,False,False,False,False,0,6041,32898,0,1024,0
2026-08-14T04:21:39.341,3914076,13578,8.1421,8.2262,4.0767,4.071,5.9362,5.9396,24.164,84.5,9640,11400,115.9,0.0,32.1,38.3,charging,True,True,False,False,False,False,0,6041,32898,0,1024,0
2026-08-14T04:21:39.839,3914076,13578,8.1421,8.2262,4.0767,4.071,5.9362,5.9396,24.164,84.5,9640,11400,115.9,0.0,32.1,38.3,charging,True,True,False,False,False,False,0,6041,32898,0,1024,0
2026-08-14T04:21:40.338,3915076,13579,8.1421,8.2262,4.0782,4.0725,5.9365,5.9371,24.176,84.5,9642,11400,115.9,0.0,32.1,38.3,charging,True,True,False,False,False,False,0,6041,32898,0,1024,0
2026-08-14T04:21:40.836,3915076,13579,8.1421,8.2262,4.0782,4.0725,5.9365,5.9371,24.176,84.5,9642,11400,115.9,0.0,32.1,38.3,charging,True,True,False,False,False,False,0,6041,32898,0,1024,0
2026-08-14T04:21:41.335,3916076,13580,8.1421,8.2262,4.0773,4.0717,5.8978,5.9325,24.012,84.5,9643,11400,115.9,0.0,32.2,38.3,charging,True,True,False,False,False,False,0,6041,32898,0,1024,0
2026-08-14T04:21:41.834,3916076,13580,8.1421,8.2262,4.0773,4.0717,5.8978,5.9325,24.012,84.5,9643,11400,115.9,0.0,32.2,38.3,charging,True,True,False,False,False,False,0,6041,32898,0,1024,0
2026-08-14T04:21:42.332,3917076,13581,8.1421,8.2262,4.0782,4.0707,5.9143,5.9293,24.075,84.5,9645,11400,115.9,0.0,32.2,38.3,charging,True,True,False,False,False,False,0,6041,32898,0,1024,0
2026-08-14T04:21:42.831,3917076,13581,8.1421,8.2262,4.0782,4.0707,5.9143,5.9293,24.075,84.5,9645,11400,115.9,0.0,32.2,38.3,charging,True,True,False,False,False,False,0,6041,32898,0,1024,0
2026-08-14T04:21:43.331,3918076,13582,8.1421,8.2262,4.0792,4.0712,5.9062,5.9281,24.044,84.6,9646,11400,115.9,0.0,32.1,38.2,charging,True,True,False,False,False,False,0,6041,32898,0,1024,0
2026-08-14T04:21:43.828,3918076,13582,8.1421,8.2262,4.0792,4.0712,5.9062,5.9281,24.044,84.6,9646,11400,115.9,0.0,32.1,38.2,charging,True,True,False,False,False,False,0,6041,32898,0,1024,0
2026-08-14T04:21:44.327,3919076,13583,8.1421,8.2262,4.0782,4.0714,5.9021,5.9265,24.028,84.6,9648,11400,115.9,0.0,32.1,38.5,charging,True,True,False,False,False,False,0,6041,32898,0,1024,0
2026-08-14T04:21:44.826,3919076,13583,8.1421,8.2262,4.0782,4.0714,5.9021,5.9265,24.028,84.6,9648,11400,115.9,0.0,32.1,38.5,charging,True,True,False,False,False,False,0,6041,32898,0,1024,0
2026-08-14T04:21:45.324,3920076,13584,8.1421,8.2262,4.0782,4.0734,5.9068,5.9243,23.969,84.6,9649,11400,115.9,0.0,32.1,38.6,charging,True,True,False,False,False,False,0,6041,32898,0,1024,0
2026-08-14T04:21:45.823,3920076,13584,8.1421,8.2262,4.0782,4.0734,5.9068,5.9243,23.969,84.6,9649,11400,115.9,0.0,32.1,38.6,charging,True,True,False,False,False,False,0,6041,32898,0,1024,0
2026-08-14T04:21:46.321,3921076,13585,8.1421,8.2262,4.0777,4.0716,5.8881,5.9187,23.972,84.6,9650,11400,115.9,0.0,32.1,38.3,charging,True,True,False,False,False,False,0,6041,32898,0,1024,0
2026-08-14T04:21:46.820,3921076,13585,8.1421,8.2262,4.0777,4.0716,5.8881,5.9187,23.972,84.6,9650,11400,115.9,0.0,32.1,38.3,charging,True,True,False,False,False,False,0,6041,32898,0,1024,0
2026-08-14T04:21:47.319,3922076,13586,8.1421,8.2262,4.0789,4.0721,5.8987,5.9143,24.02,84.6,9652,11400,115.9,0.0,32.1,38.2,charging,True,True,False,False,False,False,0,6041,32898,0,1024,0
2026-08-14T04:21:47.817,3922076,13586,8.1421,8.2262,4.0789,4.0721,5.8987,5.9143,24.02,84.6,9652,11400,115.9,0.0,32.1,38.2,charging,True,True,False,False,False,False,0,6041,32898,0,1024,0
2026-08-14T04:21:48.316,3923076,13587,8.1421,8.2262,4.0789,4.0723,5.8903,5.9109,23.987,84.6,9653,11400,115.9,0.0,32.1,38.3,charging,True,True,False,False,False,False,0,6041,32898,0,1024,0
2026-08-14T04:21:48.815,3923076,13587,8.1421,8.2262,4.0789,4.0723,5.8903,5.9109,23.987,84.6,9653,11400,115.9,0.0,32.1,38.3,charging,True,True,False,False,False,False,0,6041,32898,0,1024,0
2026-08-14T04:21:49.313,3924076,13588,8.1459,8.2356,4.0777,4.0723,5.89,5.9078,23.985,84.6,9655,11400,115.9,0.0,32.1,38.5,charging,True,True,False,False,False,False,0,6030,32898,0,1024,0
2026-08-14T04:21:49.812,3924076,13588,8.1459,8.2356,4.0777,4.0723,5.89,5.9078,23.985,84.6,9655,11400,115.9,0.0,32.1,38.5,charging,True,True,False,False,False,False,0,6030,32898,0,1024,0
2026-08-14T04:21:50.312,3925076,13589,8.1459,8.2356,4.0786,4.0727,5.8828,5.904,23.958,84.7,9656,11400,115.9,0.0,32.1,38.3,charging,True,True,False,False,False,False,0,6030,32898,0,1024,0
2026-08-14T04:21:50.809,3925076,13589,8.1459,8.2356,4.0786,4.0727,5.8828,5.904,23.958,84.7,9656,11400,115.9,0.0,32.1,38.3,charging,True,True,False,False,False,False,0,6030,32898,0,1024,0
2026-08-14T04:21:51.308,3926076,13590,8.1459,8.2356,4.0781,4.0728,5.8778,5.8996,23.939,84.7,9658,11400,115.9,0.0,32.1,38.5,charging,True,True,False,False,False,False,0,6030,32898,0,1024,0
2026-08-14T04:21:51.807,3926076,13590,8.1459,8.2356,4.0781,4.0728,5.8778,5.8996,23.939,84.7,9658,11400,115.9,0.0,32.1,38.5,charging,True,True,False,False,False,False,0,6030,32898,0,1024,0
2026-08-14T04:21:52.305,3927076,13591,8.1459,8.2356,4.0789,4.0716,5.884,5.8978,23.956,84.7,9659,11400,115.9,0.0,32.1,38.5,charging,True,True,False,False,False,False,0,6030,32898,0,1024,0
2026-08-14T04:21:52.804,3927076,13591,8.1459,8.2356,4.0789,4.0716,5.884,5.8978,23.956,84.7,9659,11400,115.9,0.0,32.1,38.5,charging,True,True,False,False,False,False,0,6030,32898,0,1024,0
2026-08-14T04:21:53.303,3928076,13592,8.1459,8.2356,4.0786,4.0725,5.8768,5.8953,23.932,84.7,9660,11400,115.9,0.0,32.1,38.1,charging,True,True,False,False,False,False,0,6030,32898,0,1024,0
2026-08-14T04:21:53.802,3928076,13592,8.1459,8.2356,4.0786,4.0725,5.8768,5.8953,23.932,84.7,9660,11400,115.9,0.0,32.1,38.1,charging,True,True,False,False,False,False,0,6030,32898,0,1024,0
2026-08-14T04:21:54.300,3929076,13593,8.1459,8.2356,4.0792,4.0734,5.8634,5.8909,23.883,84.7,9662,11400,115.9,0.0,32.1,38.3,charging,True,True,False,False,False,False,0,6030,32898,0,1024,0
2026-08-14T04:21:54.799,3929076,13593,8.1459,8.2356,4.0792,4.0734,5.8634,5.8909,23.883,84.7,9662,11400,115.9,0.0,32.1,38.3,charging,True,True,False,False,False,False,0,6030,32898,0,1024,0
2026-08-14T04:21:55.298,3930076,13594,8.1459,8.2356,4.0788,4.0721,5.8768,5.8884,23.931,84.7,9663,11400,115.9,0.0,32.1,38.3,charging,True,True,False,False,False,False,0,6030,32898,0,1024,0
2026-08-14T04:21:55.796,3930076,13594,8.1459,8.2356,4.0788,4.0721,5.8768,5.8884,23.931,84.7,9663,11400,115.9,0.0,32.1,38.3,charging,True,True,False,False,False,False,0,6030,32898,0,1024,0
2026-08-14T04:21:56.295,3931076,13595,8.1459,8.2356,4.0771,4.0714,5.8643,5.8862,23.875,84.7,9665,11400,115.9,0.0,32.1,38.3,charging,True,True,False,False,False,False,0,6030,32898,0,1024,0
2026-08-14T04:21:56.794,3931076,13595,8.1459,8.2356,4.0771,4.0714,5.8643,5.8862,23.875,84.7,9665,11400,115.9,0.0,32.1,38.3,charging,True,True,False,False,False,False,0,6030,32898,0,1024,0
2026-08-14T04:21:57.293,3932076,13596,8.1459,8.2356,4.0796,4.0723,5.855,5.8806,23.843,84.7,9666,11400,115.9,0.0,32.1,38.3,charging,True,True,False,False,False,False,0,6030,32898,0,1024,0
2026-08-14T04:21:57.791,3932076,13596,8.1459,8.2356,4.0796,4.0723,5.855,5.8806,23.843,84.7,9666,11400,115.9,0.0,32.1,38.3,charging,True,True,False,False,False,False,0,6030,32898,0,1024,0
2026-08-14T04:21:58.291,3933076,13597,8.1459,8.2356,4.0778,4.0725,5.84,5.8759,23.782,84.8,9667,11400,115.9,0.0,32.1,38.1,charging,True,True,False,False,False,False,0,6030,32898,0,1024,0
2026-08-14T04:21:58.789,3933076,13597,8.1459,8.2356,4.0778,4.0725,5.84,5.8759,23.782,84.8,9667,11400,115.9,0.0,32.1,38.1,charging,True,True,False,False,False,False,0,6030,32898,0,1024,0
2026-08-14T04:21:59.288,3934076,13598,8.1459,8.2356,4.0793,4.0721,5.8321,5.8715,23.748,84.8,9668,11400,115.9,0.0,32.1,38.2,charging,True,True,False,False,False,False,0,6013,32898,0,1024,0
2026-08-14T04:21:59.786,3934076,13598,8.1459,8.2356,4.0793,4.0721,5.8321,5.8715,23.748,84.8,9668,11400,115.9,0.0,32.1,38.2,charging,True,True,False,False,False,False,0,6013,32898,0,1024,0
2026-08-14T04:22:00.285,3935076,13599,8.1459,8.2356,4.0781,4.0739,5.8575,5.869,23.862,84.8,9670,11400,115.9,0.0,32.1,38.1,charging,True,True,False,False,False,False,0,6013,32898,0,1024,0
2026-08-14T04:22:00.784,3935076,13599,8.1459,8.2356,4.0781,4.0739,5.8575,5.869,23.862,84.8,9670,11400,115.9,0.0,32.1,38.1,charging,True,True,False,False,False,False,0,6013,32898,0,1024,0
2026-08-14T04:22:01.283,3936076,13600,8.1459,8.2356,4.0793,4.0732,5.8543,5.8656,23.846,84.8,9671,11400,115.9,0.0,32.1,38.2,charging,True,True,False,False,False,False,0,6013,32898,0,1024,0
2026-08-14T04:22:01.781,3936076,13600,8.1459,8.2356,4.0793,4.0732,5.8543,5.8656,23.846,84.8,9671,11400,115.9,0.0,32.1,38.2,charging,True,True,False,False,False,False,0,6013,32898,0,1024,0
2026-08-14T04:22:02.280,3937076,13601,8.1459,8.2356,4.0793,4.0732,5.85,5.8615,23.827,84.8,9673,11400,115.9,0.0,32.1,38.1,charging,True,True,False,False,False,False,0,6013,32898,0,1024,0
2026-08-14T04:22:02.779,3937076,13601,8.1459,8.2356,4.0793,4.0732,5.85,5.8615,23.827,84.8,9673,11400,115.9,0.0,32.1,38.1,charging,True,True,False,False,False,False,0,6013,32898,0,1024,0
2026-08-14T04:22:03.277,3938076,13602,8.1459,8.2356,4.0792,4.0719,5.8525,5.8587,23.83,84.8,9674,11400,115.9,0.0,32.1,38.0,charging,True,True,False,False,False,False,0,6013,32898,0,1024,0
2026-08-14T04:22:03.776,3938076,13602,8.1459,8.2356,4.0792,4.0719,5.8525,5.8587,23.83,84.8,9674,11400,115.9,0.0,32.1,38.0,charging,True,True,False,False,False,False,0,6013,32898,0,1024,0
2026-08-14T04:22:04.275,3939076,13603,8.1459,8.2356,4.0803,4.0725,5.8296,5.8543,23.74,84.8,9676,11400,115.9,0.0,32.0,38.2,charging,True,True,False,False,False,False,0,6013,32898,0,1024,0
2026-08-14T04:22:04.773,3939076,13603,8.1459,8.2356,4.0803,4.0725,5.8296,5.8543,23.74,84.8,9676,11400,115.9,0.0,32.0,38.2,charging,True,True,False,False,False,False,0,6013,32898,0,1024,0
2026-08-14T04:22:05.272,3940076,13604,8.1459,8.2356,4.0792,4.0728,5.8456,5.8503,23.808,84.8,9677,11400,115.9,0.0,32.0,38.1,charging,True,True,False,False,False,False,0,6013,32898,0,1024,0
2026-08-14T04:22:05.771,3940076,13604,8.1459,8.2356,4.0792,4.0728,5.8456,5.8503,23.808,84.8,9677,11400,115.9,0.0,32.0,38.1,charging,True,True,False,False,False,False,0,6013,32898,0,1024,0
2026-08-14T04:22:06.269,3941076,13605,8.1459,8.2356,4.0792,4.0727,5.8225,5.8443,23.712,84.8,9678,11400,115.9,0.0,32.0,38.1,charging,True,True,False,False,False,False,0,6013,32898,0,1024,0
2026-08-14T04:22:06.768,3941076,13605,8.1459,8.2356,4.0792,4.0727,5.8225,5.8443,23.712,84.8,9678,11400,115.9,0.0,32.0,38.1,charging,True,True,False,False,False,False,0,6013,32898,0,1024,0
2026-08-14T04:22:07.268,3942076,13606,8.1459,8.2356,4.0808,4.0734,5.8056,5.8403,23.648,84.9,9680,11400,115.9,0.0,32.0,38.1,charging,True,True,False,False,False,False,0,6013,32898,0,1024,0
2026-08-14T04:22:07.765,3942076,13606,8.1459,8.2356,4.0808,4.0734,5.8056,5.8403,23.648,84.9,9680,11400,115.9,0.0,32.0,38.1,charging,True,True,False,False,False,False,0,6013,32898,0,1024,0
2026-08-14T04:22:08.264,3943076,13607,8.1459,8.2356,4.0793,4.0731,5.8265,5.8371,23.731,84.9,9681,11400,115.9,0.0,32.0,38.0,charging,True,True,False,False,False,False,0,6001,32898,0,1024,0
2026-08-14T04:22:08.763,3943076,13607,8.1459,8.2356,4.0793,4.0731,5.8265,5.8371,23.731,84.9,9681,11400,115.9,0.0,32.0,38.0,charging,True,True,False,False,False,False,0,6001,32898,0,1024,0
2026-08-14T04:22:09.261,3944076,13608,8.1459,8.2356,4.0786,4.0751,5.8387,5.835,23.793,84.9,9683,11400,115.9,0.0,32.0,38.1,charging,True,True,False,False,False,False,0,6001,32898,0,1024,0
2026-08-14T04:22:09.760,3944076,13608,8.1459,8.2356,4.0786,4.0751,5.8387,5.835,23.793,84.9,9683,11400,115.9,0.0,32.0,38.1,charging,True,True,False,False,False,False,0,6001,32898,0,1024,0
2026-08-14T04:22:10.259,3945076,13609,8.1459,8.2356,4.0801,4.0731,5.7975,5.8303,23.612,84.9,9684,11400,115.9,0.0,32.0,38.0,charging,True,True,False,False,False,False,0,6001,32898,0,1024,0
2026-08-14T04:22:10.757,3945076,13609,8.1459,8.2356,4.0801,4.0731,5.7975,5.8303,23.612,84.9,9684,11400,115.9,0.0,32.0,38.0,charging,True,True,False,False,False,False,0,6001,32898,0,1024,0
2026-08-14T04:22:11.256,3946076,13610,8.149,8.235,4.0801,4.0743,5.7984,5.8275,23.624,84.9,9686,11400,115.9,0.0,32.0,38.3,charging,True,True,False,False,False,False,0,6001,32898,0,1024,0
2026-08-14T04:22:11.754,3946076,13610,8.149,8.235,4.0801,4.0743,5.7984,5.8275,23.624,84.9,9686,11400,115.9,0.0,32.0,38.3,charging,True,True,False,False,False,False,0,6001,32898,0,1024,0
2026-08-14T04:22:12.253,3947076,13611,8.149,8.235,4.0799,4.0736,5.8034,5.8237,23.64,84.9,9687,11400,115.9,0.0,32.0,38.1,charging,True,True,False,False,False,False,0,6001,32898,0,1024,0
2026-08-14T04:22:12.752,3947076,13611,8.149,8.235,4.0799,4.0736,5.8034,5.8237,23.64,84.9,9687,11400,115.9,0.0,32.0,38.1,charging,True,True,False,False,False,False,0,6001,32898,0,1024,0
2026-08-14T04:22:13.250,3948076,13612,8.149,8.235,4.0803,4.0739,5.8065,5.8206,23.654,84.9,9688,11400,115.9,0.0,32.0,38.2,charging,True,True,False,False,False,False,0,6001,32898,0,1024,0
2026-08-14T04:22:13.749,3948076,13612,8.149,8.235,4.0803,4.0739,5.8065,5.8206,23.654,84.9,9688,11400,115.9,0.0,32.0,38.2,charging,True,True,False,False,False,False,0,6001,32898,0,1024,0
2026-08-14T04:22:14.247,3949076,13613,8.149,8.235,4.0803,4.0746,5.7915,5.8159,23.596,84.9,9690,11400,115.9,0.0,32.0,38.0,charging,True,True,False,False,False,False,0,6001,32898,0,1024,0
2026-08-14T04:22:14.746,3949076,13613,8.149,8.235,4.0803,4.0746,5.7915,5.8159,23.596,84.9,9690,11400,115.9,0.0,32.0,38.0,charging,True,True,False,False,False,False,0,6001,32898,0,1024,0
2026-08-14T04:22:15.246,3950076,13614,8.149,8.235,4.0801,4.0738,5.8037,5.8118,23.641,85.0,9691,11400,115.9,0.0,31.9,37.9,charging,True,True,False,False,False,False,0,6001,32898,0,1024,0
2026-08-14T04:22:15.743,3950076,13614,8.149,8.235,4.0801,4.0738,5.8037,5.8118,23.641,85.0,9691,11400,115.9,0.0,31.9,37.9,charging,True,True,False,False,False,False,0,6001,32898,0,1024,0
2026-08-14T04:22:16.242,3951076,13615,8.149,8.235,4.0814,4.0749,5.7768,5.8078,23.539,85.0,9693,11400,115.9,0.0,31.9,38.0,charging,True,True,False,False,False,False,0,6001,32898,0,1024,0
2026-08-14T04:22:16.740,3951076,13615,8.149,8.235,4.0814,4.0749,5.7768,5.8078,23.539,85.0,9693,11400,115.9,0.0,31.9,38.0,charging,True,True,False,False,False,False,0,6001,32898,0,1024,0
2026-08-14T04:22:17.239,3952076,13616,8.149,8.235,4.0799,4.0739,5.7828,5.805,23.558,85.0,9694,11400,115.9,0.0,31.9,38.1,charging,True,True,False,False,False,False,0,6001,32898,0,1024,0
2026-08-14T04:22:17.737,3952076,13616,8.149,8.235,4.0799,4.0739,5.7828,5.805,23.558,85.0,9694,11400,115.9,0.0,31.9,38.1,charging,True,True,False,False,False,False,0,6001,32898,0,1024,0
2026-08-14T04:22:18.236,3953076,13617,8.149,8.235,4.0816,4.0736,5.784,5.8028,23.561,85.0,9695,11400,115.9,0.0,32.0,38.0,charging,True,True,False,False,False,False,0,5985,32898,0,1024,0
2026-08-14T04:22:18.734,3953076,13617,8.149,8.235,4.0816,4.0736,5.784,5.8028,23.561,85.0,9695,11400,115.9,0.0,32.0,38.0,charging,True,True,False,False,False,False,0,5985,32898,0,1024,0
2026-08-14T04:22:19.233,3954076,13618,8.149,8.235,4.081,4.0742,5.7703,5.7981,23.508,85.0,9696,11400,115.9,0.0,31.9,37.9,charging,True,True,False,False,False,False,0,5985,32898,0,1024,0
2026-08-14T04:22:19.732,3954076,13618,8.149,8.235,4.081,4.0742,5.7703,5.7981,23.508,85.0,9696,11400,115.9,0.0,31.9,37.9,charging,True,True,False,False,False,False,0,5985,32898,0,1024,0
2026-08-14T04:22:20.230,3955076,13619,8.149,8.235,4.0808,4.0762,5.79,5.7956,23.6,85.0,9698,11400,115.9,0.0,31.9,38.1,charging,True,True,False,False,False,False,0,5985,32898,0,1024,0
2026-08-14T04:22:20.729,3955076,13619,8.149,8.235,4.0808,4.0762,5.79,5.7956,23.6,85.0,9698,11400,115.9,0.0,31.9,38.1,charging,True,True,False,False,False,False,0,5985,32898,0,1024,0
2026-08-14T04:22:21.228,3956076,13620,8.149,8.235,4.0812,4.0753,5.7821,5.7915,23.563,85.0,9699,11400,115.9,0.0,31.9,37.9,charging,True,True,False,False,False,False,0,5985,32898,0,1024,0
2026-08-14T04:22:21.726,3956076,13620,8.149,8.235,4.0812,4.0753,5.7821,5.7915,23.563,85.0,9699,11400,115.9,0.0,31.9,37.9,charging,True,True,False,False,False,False,0,5985,32898,0,1024,0
2026-08-14T04:22:22.224,3957076,13621,8.149,8.235,4.0807,4.0747,5.7628,5.7881,23.481,85.0,9701,11400,115.9,0.0,31.9,37.8,charging,True,True,False,False,False,False,0,5985,32898,0,1024,0
2026-08-14T04:22:22.723,3957076,13621,8.149,8.235,4.0807,4.0747,5.7628,5.7881,23.481,85.0,9701,11400,115.9,0.0,31.9,37.8,charging,True,True,False,False,False,False,0,5985,32898,0,1024,0
2026-08-14T04:22:23.223,3958076,13622,8.149,8.235,4.0808,4.0751,5.7578,5.7837,23.462,85.1,9702,11400,115.9,0.0,31.9,37.9,charging,True,True,False,False,False,False,0,5985,32898,0,1024,0
2026-08-14T04:22:23.721,3958076,13622,8.149,8.235,4.0808,4.0751,5.7578,5.7837,23.462,85.1,9702,11400,115.9,0.0,31.9,37.9,charging,True,True,False,False,False,False,0,5985,32898,0,1024,0
2026-08-14T04:22:24.219,3959076,13623,8.149,8.235,4.0808,4.0747,5.7546,5.7781,23.448,85.1,9704,11400,115.9,0.0,31.9,37.8,charging,True,True,False,False,False,False,0,5985,32898,0,1024,0
2026-08-14T04:22:24.719,3959076,13623,8.149,8.235,4.0808,4.0747,5.7546,5.7781,23.448,85.1,9704,11400,115.9,0.0,31.9,37.8,charging,True,True,False,False,False,False,0,5985,32898,0,1024,0
2026-08-14T04:22:25.217,3960076,13624,8.149,8.235,4.0816,4.0736,5.769,5.7759,23.5,85.1,9705,11400,115.9,0.0,31.9,38.0,charging,True,True,False,False,False,False,0,5985,32898,0,1024,0
2026-08-14T04:22:25.716,3960076,13624,8.149,8.235,4.0816,4.0736,5.769,5.7759,23.5,85.1,9705,11400,115.9,0.0,31.9,38.0,charging,True,True,False,False,False,False,0,5985,32898,0,1024,0
2026-08-14T04:22:26.215,3961076,13625,8.149,8.235,4.0816,4.0749,5.7356,5.7728,23.371,85.1,9706,11400,115.9,0.0,31.9,37.9,charging,True,True,False,False,False,False,0,5985,32898,0,1024,0
2026-08-14T04:22:26.713,3961076,13625,8.149,8.235,4.0816,4.0749,5.7356,5.7728,23.371,85.1,9706,11400,115.9,0.0,31.9,37.9,charging,True,True,False,False,False,False,0,5985,32898,0,1024,0
2026-08-14T04:22:27.212,3962076,13626,8.149,8.235,4.081,4.0747,5.7587,5.7703,23.464,85.1,9708,11400,115.9,0.0,31.9,37.9,charging,True,True,False,False,False,False,0,5985,32898,0,1024,0
2026-08-14T04:22:27.711,3962076,13626,8.149,8.235,4.081,4.0747,5.7587,5.7703,23.464,85.1,9708,11400,115.9,0.0,31.9,37.9,charging,True,True,False,False,False,False,0,5985,32898,0,1024,0
2026-08-14T04:22:28.209,3963076,13627,8.149,8.235,4.0819,4.0747,5.7459,5.7656,23.412,85.1,9709,11400,115.9,0.0,31.9,38.0,charging,True,True,False,False,False,False,0,5973,32898,0,1024,0
2026-08-14T04:22:28.708,3963076,13627,8.149,8.235,4.0819,4.0747,5.7459,5.7656,23.412,85.1,9709,11400,115.9,0.0,31.9,38.0,charging,True,True,False,False,False,False,0,5973,32898,0,1024,0
2026-08-14T04:22:29.207,3964076,13628,8.149,8.235,4.0801,4.0746,5.7446,5.7612,23.406,85.1,9710,11400,115.9,0.0,31.9,37.9,charging,True,True,False,False,False,False,0,5973,32898,0,1024,0
2026-08-14T04:22:29.706,3964076,13628,8.149,8.235,4.0801,4.0746,5.7446,5.7612,23.406,85.1,9710,11400,115.9,0.0,31.9,37.9,charging,True,True,False,False,False,False,0,5973,32898,0,1024,0
2026-08-14T04:22:30.204,3965076,13629,8.149,8.235,4.0816,4.0751,5.749,5.7575,23.427,85.1,9712,11400,115.9,0.0,31.9,37.9,charging,True,True,False,False,False,False,0,5973,32898,0,1024,0
2026-08-14T04:22:30.703,3965076,13629,8.149,8.235,4.0816,4.0751,5.749,5.7575,23.427,85.1,9712,11400,115.9,0.0,31.9,37.9,charging,True,True,False,False,False,False,0,5973,32898,0,1024,0
2026-08-14T04:22:31.203,3966076,13630,8.149,8.235,4.0825,4.0754,5.7362,5.7562,23.377,85.2,9713,11400,115.9,0.0,31.9,38.0,charging,True,True,False,False,False,False,0,5973,32898,0,1024,0
2026-08-14T04:22:31.701,3966076,13630,8.149,8.235,4.0825,4.0754,5.7362,5.7562,23.377,85.2,9713,11400,115.9,0.0,31.9,38.0,charging,True,True,False,False,False,False,0,5973,32898,0,1024,0
2026-08-14T04:22:32.199,3967076,13631,8.149,8.235,4.0816,4.0749,5.7125,5.7531,23.276,85.2,9714,11400,115.9,0.0,31.9,37.8,charging,True,True,False,False,False,False,0,5973,32898,0,1024,0
2026-08-14T04:22:32.698,3967076,13631,8.149,8.235,4.0816,4.0749,5.7125,5.7531,23.276,85.2,9714,11400,115.9,0.0,31.9,37.8,charging,True,True,False,False,False,False,0,5973,32898,0,1024,0
2026-08-14T04:22:33.197,3968076,13632,8.149,8.235,4.0821,4.0746,5.7156,5.7471,23.288,85.2,9716,11400,115.9,0.0,31.9,37.9,charging,True,True,False,False,False,False,0,5973,32898,0,1024,0
2026-08-14T04:22:33.695,3968076,13632,8.149,8.235,4.0821,4.0746,5.7156,5.7471,23.288,85.2,9716,11400,115.9,0.0,31.9,37.9,charging,True,True,False,False,False,False,0,5973,32898,0,1024,0
2026-08-14T04:22:34.194,3969076,13633,8.1512,8.2334,4.0814,4.0746,5.7456,5.7443,23.409,85.2,9717,11400,115.9,0.0,31.9,37.9,charging,True,True,False,False,False,False,0,5973,32898,0,1024,0
2026-08-14T04:22:34.693,3969076,13633,8.1512,8.2334,4.0814,4.0746,5.7456,5.7443,23.409,85.2,9717,11400,115.9,0.0,31.9,37.9,charging,True,True,False,False,False,False,0,5973,32898,0,1024,0
2026-08-14T04:22:35.191,3970076,13634,8.1512,8.2334,4.0799,4.0767,5.7243,5.7409,23.336,85.2,9719,11400,115.9,0.0,31.9,37.9,charging,True,True,False,False,False,False,0,5973,32898,0,1024,0
2026-08-14T04:22:35.690,3970076,13634,8.1512,8.2334,4.0799,4.0767,5.7243,5.7409,23.336,85.2,9719,11400,115.9,0.0,31.9,37.9,charging,True,True,False,False,False,False,0,5973,32898,0,1024,0
2026-08-14T04:22:36.189,3971076,13635,8.1512,8.2334,4.0825,4.0764,5.7203,5.7387,23.316,85.2,9720,11400,115.9,0.0,31.9,38.0,charging,True,True,False,False,False,False,0,5973,32898,0,1024,0
2026-08-14T04:22:36.688,3971076,13635,8.1512,8.2334,4.0825,4.0764,5.7203,5.7387,23.316,85.2,9720,11400,115.9,0.0,31.9,38.0,charging,True,True,False,False,False,False,0,5973,32898,0,1024,0
2026-08-14T04:22:37.186,3972076,13636,8.1512,8.2334,4.0796,4.076,5.714,5.735,23.289,85.2,9721,11400,115.9,0.0,31.8,37.9,charging,True,True,False,False,False,False,0,5973,32898,0,1024,0
2026-08-14T04:22:37.685,3972076,13636,8.1512,8.2334,4.0796,4.076,5.714,5.735,23.289,85.2,9721,11400,115.9,0.0,31.8,37.9,charging,True,True,False,False,False,False,0,5973,32898,0,1024,0
2026-08-14T04:22:38.184,3973076,13637,8.1512,8.2334,4.0836,4.0771,5.7137,5.7328,23.296,85.2,9723,11400,115.9,0.0,31.8,37.7,charging,True,True,False,False,False,False,0,5956,32898,0,1024,0
2026-08-14T04:22:38.683,3973076,13637,8.1512,8.2334,4.0836,4.0771,5.7137,5.7328,23.296,85.2,9723,11400,115.9,0.0,31.8,37.7,charging,True,True,False,False,False,False,0,5956,32898,0,1024,0
2026-08-14T04:22:39.181,3974076,13638,8.1512,8.2334,4.0803,4.0757,5.7281,5.73,23.345,85.2,9724,11400,115.9,0.0,31.8,37.9,charging,True,True,False,False,False,False,0,5956,32898,0,1024,0
2026-08-14T04:22:39.680,3974076,13638,8.1512,8.2334,4.0803,4.0757,5.7281,5.73,23.345,85.2,9724,11400,115.9,0.0,31.8,37.9,charging,True,True,False,False,False,False,0,5956,32898,0,1024,0
2026-08-14T04:22:40.180,3975076,13639,8.1512,8.2334,4.0814,4.0753,5.7081,5.725,23.26,85.3,9725,11400,115.9,0.0,31.8,37.8,charging,True,True,False,False,False,False,0,5956,32898,0,1024,0
2026-08-14T04:22:40.677,3975076,13639,8.1512,8.2334,4.0814,4.0753,5.7081,5.725,23.26,85.3,9725,11400,115.9,0.0,31.8,37.8,charging,True,True,False,False,False,False,0,5956,32898,0,1024,0
2026-08-14T04:22:41.177,3976076,13640,8.1512,8.2334,4.0816,4.0758,5.6971,5.7218,23.219,85.3,9727,11400,115.9,0.0,31.8,37.8,charging,True,True,False,False,False,False,0,5956,32898,0,1024,0
2026-08-14T04:22:41.675,3976076,13640,8.1512,8.2334,4.0816,4.0758,5.6971,5.7218,23.219,85.3,9727,11400,115.9,0.0,31.8,37.8,charging,True,True,False,False,False,False,0,5956,32898,0,1024,0
2026-08-14T04:22:42.174,3977076,13641,8.1512,8.2334,4.0828,4.0762,5.7062,5.719,23.259,85.3,9728,11400,115.9,0.0,31.8,38.0,charging,True,True,False,False,False,False,0,5956,32898,0,1024,0
2026-08-14T04:22:42.673,3977076,13641,8.1512,8.2334,4.0828,4.0762,5.7062,5.719,23.259,85.3,9728,11400,115.9,0.0,31.8,38.0,charging,True,True,False,False,False,False,0,5956,32898,0,1024,0
2026-08-14T04:22:43.172,3978076,13642,8.1512,8.2334,4.0825,4.0771,5.6859,5.715,23.182,85.3,9730,11400,115.9,0.0,31.8,37.7,charging,True,True,False,False,False,False,0,5956,32898,0,1024,0
2026-08-14T04:22:43.670,3978076,13642,8.1512,8.2334,4.0825,4.0771,5.6859,5.715,23.182,85.3,9730,11400,115.9,0.0,31.8,37.7,charging,True,True,False,False,False,False,0,5956,32898,0,1024,0
2026-08-14T04:22:44.169,3979076,13643,8.1512,8.2334,4.0817,4.0767,5.69,5.7125,23.195,85.3,9731,11400,115.9,0.0,31.8,37.8,charging,True,True,False,False,False,False,0,5956,32898,0,1024,0
2026-08-14T04:22:44.668,3979076,13643,8.1512,8.2334,4.0817,4.0767,5.69,5.7125,23.195,85.3,9731,11400,115.9,0.0,31.8,37.8,charging,True,True,False,False,False,False,0,5956,32898,0,1024,0
2026-08-14T04:22:45.167,3980076,13644,8.1512,8.2334,4.0821,4.0764,5.7021,5.7075,23.243,85.3,9732,11400,115.9,0.0,31.8,37.9,charging,True,True,False,False,False,False,0,5956,32898,0,1024,0
2026-08-14T04:22:45.665,3980076,13644,8.1512,8.2334,4.0821,4.0764,5.7021,5.7075,23.243,85.3,9732,11400,115.9,0.0,31.8,37.9,charging,True,True,False,False,False,False,0,5956,32898,0,1024,0
2026-08-14T04:22:46.164,3981076,13645,8.1512,8.2334,4.0832,4.0766,5.684,5.705,23.171,85.3,9733,11400,115.9,0.0,31.8,37.8,charging,True,True,False,False,False,False,0,5956,32898,0,1024,0
2026-08-14T04:22:46.663,3981076,13645,8.1512,8.2334,4.0832,4.0766,5.684,5.705,23.171,85.3,9733,11400,115.9,0.0,31.8,37.8,charging,True,True,False,False,False,False,0,5956,32898,0,1024,0
2026-08-14T04:22:47.161,3982076,13646,8.1512,8.2334,4.0828,4.0771,5.6759,5.7012,23.14,85.3,9735,11400,115.9,0.0,31.8,37.6,charging,True,True,False,False,False,False,0,5956,32898,0,1024,0
2026-08-14T04:22:47.660,3982076,13646,8.1512,8.2334,4.0828,4.0771,5.6759,5.7012,23.14,85.3,9735,11400,115.9,0.0,31.8,37.6,charging,True,True,False,False,False,False,0,5956,32898,0,1024,0
2026-08-14T04:22:48.159,3983076,13647,8.1512,8.2334,4.0832,4.0771,5.7003,5.6987,23.24,85.3,9736,11400,115.9,0.0,31.8,37.8,charging,True,True,False,False,False,False,0,5956,32898,0,1024,0
2026-08-14T04:22:48.657,3983076,13647,8.1512,8.2334,4.0832,4.0771,5.7003,5.6987,23.24,85.3,9736,11400,115.9,0.0,31.8,37.8,charging,True,True,False,False,False,False,0,5956,32898,0,1024,0
2026-08-14T04:22:49.157,3984076,13648,8.1512,8.2334,4.0825,4.0767,5.6893,5.6959,23.193,85.4,9738,11400,115.9,0.0,31.8,37.6,charging,True,True,False,False,False,False,0,5945,32898,0,1024,0
2026-08-14T04:22:49.655,3984076,13648,8.1512,8.2334,4.0825,4.0767,5.6893,5.6959,23.193,85.4,9738,11400,115.9,0.0,31.8,37.6,charging,True,True,False,False,False,False,0,5945,32898,0,1024,0
2026-08-14T04:22:50.153,3985076,13649,8.1512,8.2334,4.0846,4.076,5.6768,5.6931,23.137,85.4,9739,11400,115.9,0.0,31.8,37.7,charging,True,True,False,False,False,False,0,5945,32898,0,1024,0
2026-08-14T04:22:50.652,3985076,13649,8.1512,8.2334,4.0846,4.076,5.6768,5.6931,23.137,85.4,9739,11400,115.9,0.0,31.8,37.7,charging,True,True,False,False,False,False,0,5945,32898,0,1024,0
2026-08-14T04:22:51.151,3986076,13650,8.1512,8.2334,4.0832,4.0762,5.6625,5.6915,23.081,85.4,9740,11400,115.9,0.0,31.8,37.8,charging,True,True,False,False,False,False,0,5945,32898,0,1024,0
2026-08-14T04:22:51.649,3986076,13650,8.1512,8.2334,4.0832,4.0762,5.6625,5.6915,23.081,85.4,9740,11400,115.9,0.0,31.8,37.8,charging,True,True,False,False,False,False,0,5945,32898,0,1024,0
2026-08-14T04:22:52.148,3987076,13651,8.1512,8.2334,4.0834,4.0769,5.6825,5.6893,23.166,85.4,9741,11400,115.9,0.0,31.8,37.6,charging,True,True,False,False,False,False,0,5945,32898,0,1024,0
2026-08-14T04:22:52.646,3987076,13651,8.1512,8.2334,4.0834,4.0769,5.6825,5.6893,23.166,85.4,9741,11400,115.9,0.0,31.8,37.6,charging,True,True,False,False,False,False,0,5945,32898,0,1024,0
2026-08-14T04:22:53.145,3988076,13652,8.1512,8.2334,4.0839,4.0771,5.6731,5.685,23.129,85.4,9743,11400,115.9,0.0,31.7,37.7,charging,True,True,False,False,False,False,0,5945,32898,0,1024,0
2026-08-14T04:22:53.643,3988076,13652,8.1512,8.2334,4.0839,4.0771,5.6731,5.685,23.129,85.4,9743,11400,115.9,0.0,31.7,37.7,charging,True,True,False,False,False,False,0,5945,32898,0,1024,0
2026-08-14T04:22:54.142,3989076,13653,8.1512,8.2334,4.0825,4.0766,5.6615,5.6812,23.078,85.4,9744,11400,115.9,0.0,31.7,37.7,charging,True,True,False,False,False,False,0,5945,32898,0,1024,0
2026-08-14T04:22:54.641,3989076,13653,8.1512,8.2334,4.0825,4.0766,5.6615,5.6812,23.078,85.4,9744,11400,115.9,0.0,31.7,37.7,charging,True,True,False,False,False,False,0,5945,32898,0,1024,0
2026-08-14T04:22:55.139,3990076,13654,8.1512,8.2334,4.0825,4.0784,5.6362,5.6759,22.985,85.4,9746,11400,115.9,0.0,31.7,37.8,charging,True,True,False,False,False,False,0,5945,32898,0,1024,0
2026-08-14T04:22:55.638,3990076,13654,8.1512,8.2334,4.0825,4.0784,5.6362,5.6759,22.985,85.4,9746,11400,115.9,0.0,31.7,37.8,charging,True,True,False,False,False,False,0,5945,32898,0,1024,0
2026-08-14T04:22:56.137,3991076,13655,8.1637,8.2381,4.0825,4.0771,5.6334,5.6718,22.968,85.4,9747,11400,115.9,0.0,31.7,37.5,charging,True,True,False,False,False,False,0,5945,32898,0,1024,0
2026-08-14T04:22:56.635,3991076,13655,8.1637,8.2381,4.0825,4.0771,5.6334,5.6718,22.968,85.4,9747,11400,115.9,0.0,31.7,37.5,charging,True,True,False,False,False,False,0,5945,32898,0,1024,0
2026-08-14T04:22:57.135,3992076,13656,8.1637,8.2381,4.0828,4.076,5.634,5.6668,22.963,85.5,9749,11400,115.9,0.0,31.7,37.4,charging,True,True,False,False,False,False,0,5945,32898,0,1024,0
2026-08-14T04:22:57.632,3992076,13656,8.1637,8.2381,4.0828,4.076,5.634,5.6668,22.963,85.5,9749,11400,115.9,0.0,31.7,37.4,charging,True,True,False,False,False,False,0,5945,32898,0,1024,0
2026-08-14T04:22:58.131,3993076,13657,8.1637,8.2381,4.0834,4.0762,5.6359,5.6643,22.972,85.5,9749,11400,115.9,0.0,31.7,37.6,charging,True,True,False,False,False,False,0,5945,32898,0,1024,0
2026-08-14T04:22:58.629,3993076,13657,8.1637,8.2381,4.0834,4.0762,5.6359,5.6643,22.972,85.5,9749,11400,115.9,0.0,31.7,37.6,charging,True,True,False,False,False,False,0,5945,32898,0,1024,0
2026-08-14T04:22:59.128,3994076,13658,8.1637,8.2381,4.0836,4.0769,5.6328,5.6584,22.963,85.5,9751,11400,115.9,0.0,31.7,37.8,charging,True,True,False,False,False,False,0,5928,32898,0,1024,0
2026-08-14T04:22:59.627,3994076,13658,8.1637,8.2381,4.0836,4.0769,5.6328,5.6584,22.963,85.5,9751,11400,115.9,0.0,31.7,37.8,charging,True,True,False,False,False,False,0,5928,32898,0,1024,0
2026-08-14T04:23:00.125,3995076,13659,8.1637,8.2381,4.0825,4.0775,5.6106,5.6537,22.876,85.5,9752,11400,115.9,0.0,31.6,37.6,charging,True,True,False,False,False,False,0,5928,32898,0,1024,0
2026-08-14T04:23:00.624,3995076,13659,8.1637,8.2381,4.0825,4.0775,5.6106,5.6537,22.876,85.5,9752,11400,115.9,0.0,31.6,37.6,charging,True,True,False,False,False,False,0,5928,32898,0,1024,0
2026-08-14T04:23:01.123,3996076,13660,8.1637,8.2381,4.0838,4.0781,5.6406,5.6509,23.001,85.5,9754,11400,115.9,0.0,31.7,37.7,charging,True,True,False,False,False,False,0,5928,32898,0,1024,0
2026-08-14T04:23:01.621,3996076,13660,8.1637,8.2381,4.0838,4.0781,5.6406,5.6509,23.001,85.5,9754,11400,115.9,0.0,31.7,37.7,charging,True,True,False,False,False,False,0,5928,32898,0,1024,0
2026-08-14T04:23:02.120,3997076,13661,8.1637,8.2381,4.0832,4.0762,5.6618,5.65,23.078,85.5,9755,11400,115.9,0.0,31.7,37.6,charging,True,True,False,False,False,False,0,5928,32898,0,1024,0
2026-08-14T04:23:02.619,3997076,13661,8.1637,8.2381,4.0832,4.0762,5.6618,5.65,23.078,85.5,9755,11400,115.9,0.0,31.7,37.6,charging,True,True,False,False,False,False,0,5928,32898,0,1024,0
2026-08-14T04:23:03.118,3998076,13662,8.1637,8.2381,4.0838,4.0786,5.6331,5.6434,22.974,85.5,9757,11400,115.9,0.0,31.6,37.5,charging,True,True,False,False,False,False,0,5928,32898,0,1024,0
2026-08-14T04:23:03.616,3998076,13662,8.1637,8.2381,4.0838,4.0786,5.6331,5.6434,22.974,85.5,9757,11400,115.9,0.0,31.6,37.5,charging,True,True,False,False,False,False,0,5928,32898,0,1024,0
2026-08-14T04:23:04.115,3999076,13663,8.1637,8.2381,4.0849,4.0781,5.6246,5.6393,22.937,85.5,9758,11400,115.9,0.0,31.6,37.4,charging,True,True,False,False,False,False,0,5928,32898,0,1024,0
2026-08-14T04:23:04.613,3999076,13663,8.1637,8.2381,4.0849,4.0781,5.6246,5.6393,22.937,85.5,9758,11400,115.9,0.0,31.6,37.4,charging,True,True,False,False,False,False,0,5928,32898,0,1024,0
2026-08-14T04:23:05.114,4000076,13664,8.1637,8.2381,4.0849,4.0778,5.6165,5.6365,22.902,85.6,9759,11400,115.9,0.0,31.6,37.5,charging,True,True,False,False,False,False,0,5928,32898,0,1024,0
2026-08-14T04:23:05.611,4000076,13664,8.1637,8.2381,4.0849,4.0778,5.6165,5.6365,22.902,85.6,9759,11400,115.9,0.0,31.6,37.5,charging,True,True,False,False,False,False,0,5928,32898,0,1024,0
2026-08-14T04:23:06.110,4001076,13665,8.1637,8.2381,4.0838,4.0769,5.645,5.6343,23.012,85.6,9760,11400,115.9,0.0,31.6,37.7,charging,True,True,False,False,False,False,0,5928,32898,0,1024,0
2026-08-14T04:23:06.608,4001076,13665,8.1637,8.2381,4.0838,4.0769,5.645,5.6343,23.012,85.6,9760,11400,115.9,0.0,31.6,37.7,charging,True,True,False,False,False,False,0,5928,32898,0,1024,0
2026-08-14T04:23:07.107,4002076,13666,8.1637,8.2381,4.0828,4.0764,5.5925,5.6278,22.796,85.6,9762,11400,115.9,0.0,31.7,37.6,charging,True,True,False,False,False,False,0,5917,32898,0,1024,0
2026-08-14T04:23:07.606,4002076,13666,8.1637,8.2381,4.0828,4.0764,5.5925,5.6278,22.796,85.6,9762,11400,115.9,0.0,31.7,37.6,charging,True,True,False,False,False,False,0,5917,32898,0,1024,0
2026-08-14T04:23:08.104,4003076,13667,8.1637,8.2381,4.0825,4.0786,5.59,5.6237,22.798,85.6,9763,11400,115.9,0.0,31.6,37.4,charging,True,True,False,False,False,False,0,5917,32898,0,1024,0
2026-08-14T04:23:08.603,4003076,13667,8.1637,8.2381,4.0825,4.0786,5.59,5.6237,22.798,85.6,9763,11400,115.9,0.0,31.6,37.4,charging,True,True,False,False,False,False,0,5917,32898,0,1024,0
2026-08-14T04:23:09.102,4004076,13668,8.1637,8.2381,4.0839,4.0792,5.5837,5.6203,22.776,85.6,9764,11400,115.9,0.0,31.6,37.6,charging,True,True,False,False,False,False,0,5917,32898,0,1024,0
2026-08-14T04:23:09.600,4004076,13668,8.1637,8.2381,4.0839,4.0792,5.5837,5.6203,22.776,85.6,9764,11400,115.9,0.0,31.6,37.6,charging,True,True,False,False,False,False,0,5917,32898,0,1024,0
2026-08-14T04:23:10.100,4005076,13669,8.1637,8.2381,4.0842,4.0784,5.5925,5.6159,22.808,85.6,9766,11400,115.9,0.0,31.6,37.3,charging,True,True,False,False,False,False,0,5917,32898,0,1024,0
2026-08-14T04:23:10.598,4005076,13669,8.1637,8.2381,4.0842,4.0784,5.5925,5.6159,22.808,85.6,9766,11400,115.9,0.0,31.6,37.3,charging,True,True,False,False,False,False,0,5917,32898,0,1024,0
2026-08-14T04:23:11.096,4006076,13670,8.1637,8.2381,4.0849,4.0775,5.6209,5.6153,22.918,85.6,9767,11400,115.9,0.0,31.6,37.4,charging,True,True,False,False,False,False,0,5917,32898,0,1024,0
2026-08-14T04:23:11.595,4006076,13670,8.1637,8.2381,4.0849,4.0775,5.6209,5.6153,22.918,85.6,9767,11400,115.9,0.0,31.6,37.4,charging,True,True,False,False,False,False,0,5917,32898,0,1024,0
2026-08-14T04:23:12.093,4007076,13671,8.1637,8.2381,4.0847,4.0781,5.5762,5.6128,22.739,85.6,9768,11400,115.9,0.0,31.6,37.3,charging,True,True,False,False,False,False,0,5917,32898,0,1024,0
2026-08-14T04:23:12.593,4007076,13671,8.1637,8.2381,4.0847,4.0781,5.5762,5.6128,22.739,85.6,9768,11400,115.9,0.0,31.6,37.3,charging,True,True,False,False,False,False,0,5917,32898,0,1024,0
2026-08-14T04:23:13.091,4008076,13672,8.1637,8.2381,4.0834,4.0786,5.5993,5.609,22.836,85.6,9770,11400,115.9,0.0,31.6,37.3,charging,True,True,False,False,False,False,0,5917,32898,0,1024,0
2026-08-14T04:23:13.590,4008076,13672,8.1637,8.2381,4.0834,4.0786,5.5993,5.609,22.836,85.6,9770,11400,115.9,0.0,31.6,37.3,charging,True,True,False,False,False,False,0,5917,32898,0,1024,0
2026-08-14T04:23:14.091,4009076,13673,8.1637,8.2381,4.0843,4.0778,5.5806,5.6037,22.755,85.7,9771,11400,115.9,0.0,31.6,37.4,charging,True,True,False,False,False,False,0,5917,32898,0,1024,0
2026-08-14T04:23:14.587,4009076,13673,8.1637,8.2381,4.0843,4.0778,5.5806,5.6037,22.755,85.7,9771,11400,115.9,0.0,31.6,37.4,charging,True,True,False,False,False,False,0,5917,32898,0,1024,0
2026-08-14T04:23:15.086,4010076,13674,8.1637,8.2381,4.0842,4.0807,5.5968,5.6031,22.838,85.7,9772,11400,115.9,0.0,31.6,37.3,charging,True,True,False,False,False,False,0,5917,32898,0,1024,0
2026-08-14T04:23:15.585,4010076,13674,8.1637,8.2381,4.0842,4.0807,5.5968,5.6031,22.838,85.7,9772,11400,115.9,0.0,31.6,37.3,charging,True,True,False,False,False,False,0,5917,32898,0,1024,0
2026-08-14T04:23:16.083,4011076,13675,8.1637,8.2381,4.0831,4.0778,5.5856,5.599,22.776,85.7,9774,11400,115.9,0.0,31.6,37.5,charging,True,True,False,False,False,False,0,5917,32898,0,1024,0
2026-08-14T04:23:16.582,4011076,13675,8.1637,8.2381,4.0831,4.0778,5.5856,5.599,22.776,85.7,9774,11400,115.9,0.0,31.6,37.5,charging,True,True,False,False,False,False,0,5917,32898,0,1024,0
2026-08-14T04:23:17.081,4012076,13676,8.1637,8.2381,4.0851,4.0775,5.5946,5.5962,22.811,85.7,9775,11400,115.9,0.0,31.6,37.3,charging,True,True,False,False,False,False,0,5917,32898,0,1024,0
2026-08-14T04:23:17.580,4012076,13676,8.1637,8.2381,4.0851,4.0775,5.5946,5.5962,22.811,85.7,9775,11400,115.9,0.0,31.6,37.3,charging,True,True,False,False,False,False,0,5917,32898,0,1024,0
2026-08-14T04:23:18.078,4013076,13677,8.1637,8.2431,4.0854,4.0807,5.5981,5.5971,22.843,85.7,9777,11400,115.9,0.0,31.6,37.3,charging,True,True,False,False,False,False,0,5917,32898,0,1024,0
2026-08-14T04:23:18.577,4013076,13677,8.1637,8.2431,4.0854,4.0807,5.5981,5.5971,22.843,85.7,9777,11400,115.9,0.0,31.6,37.3,charging,True,True,False,False,False,False,0,5917,32898,0,1024,0
2026-08-14T04:23:19.076,4014076,13678,8.1646,8.2431,4.0847,4.0807,5.584,5.595,22.785,85.7,9777,11400,115.9,0.0,31.6,37.3,charging,True,True,False,False,False,False,0,5917,32898,0,1024,0
2026-08-14T04:23:19.574,4014076,13678,8.1646,8.2431,4.0847,4.0807,5.584,5.595,22.785,85.7,9777,11400,115.9,0.0,31.6,37.3,charging,True,True,False,False,False,False,0,5917,32898,0,1024,0
2026-08-14T04:23:20.073,4015076,13679,8.1646,8.2431,4.0851,4.0792,5.584,5.5903,22.777,85.7,9779,11400,115.9,0.0,31.5,37.2,charging,True,True,False,False,False,False,0,5900,32898,0,1024,0
2026-08-14T04:23:20.572,4015076,13679,8.1646,8.2431,4.0851,4.0792,5.584,5.5903,22.777,85.7,9779,11400,115.9,0.0,31.5,37.2,charging,True,True,False,False,False,False,0,5900,32898,0,1024,0
2026-08-14T04:23:21.071,4016076,13680,8.1646,8.2431,4.0864,4.0784,5.5912,5.5893,22.803,85.7,9780,11400,115.9,0.0,31.5,37.3,charging,True,True,False,False,False,False,0,5900,32898,0,1024,0
2026-08-14T04:23:21.569,4016076,13680,8.1646,8.2431,4.0864,4.0784,5.5912,5.5893,22.803,85.7,9780,11400,115.9,0.0,31.5,37.3,charging,True,True,False,False,False,False,0,5900,32898,0,1024,0
2026-08-14T04:23:22.070,4017076,13681,8.1646,8.2431,4.0869,4.0796,5.5578,5.584,22.672,85.8,9782,11400,115.9,0.0,31.5,37.3,charging,True,True,False,False,False,False,0,5900,32898,0,1024,0
2026-08-14T04:23:22.567,4017076,13681,8.1646,8.2431,4.0869,4.0796,5.5578,5.584,22.672,85.8,9782,11400,115.9,0.0,31.5,37.3,charging,True,True,False,False,False,False,0,5900,32898,0,1024,0
2026-08-14T04:23:23.065,4018076,13682,8.1646,8.2431,4.0857,4.0781,5.5668,5.5803,22.702,85.8,9783,11400,115.9,0.0,31.5,37.2,charging,True,True,False,False,False,False,0,5900,32898,0,1024,0
2026-08-14T04:23:23.564,4018076,13682,8.1646,8.2431,4.0857,4.0781,5.5668,5.5803,22.702,85.8,9783,11400,115.9,0.0,31.5,37.2,charging,True,True,False,False,False,False,0,5900,32898,0,1024,0
2026-08-14T04:23:24.063,4019076,13683,8.1646,8.2431,4.0858,4.0801,5.57,5.5775,22.726,85.8,9784,11400,115.9,0.0,31.5,37.3,charging,True,True,False,False,False,False,0,5900,32898,0,1024,0
2026-08-14T04:23:24.562,4019076,13683,8.1646,8.2431,4.0858,4.0801,5.57,5.5775,22.726,85.8,9784,11400,115.9,0.0,31.5,37.3,charging,True,True,False,False,False,False,0,5900,32898,0,1024,0
2026-08-14T04:23:25.060,4020076,13684,8.1646,8.2431,4.0851,4.0796,5.5659,5.5759,22.705,85.8,9785,11400,115.9,0.0,31.5,37.2,charging,True,True,False,False,False,False,0,5900,32898,0,1024,0
2026-08-14T04:23:25.559,4020076,13684,8.1646,8.2431,4.0851,4.0796,5.5659,5.5759,22.705,85.8,9785,11400,115.9,0.0,31.5,37.2,charging,True,True,False,False,False,False,0,5900,32898,0,1024,0
2026-08-14T04:23:26.058,4021076,13685,8.1646,8.2431,4.086,4.0797,5.5631,5.5725,22.694,85.8,9787,11400,115.9,0.0,31.5,37.3,charging,True,True,False,False,False,False,0,5900,32898,0,1024,0
2026-08-14T04:23:26.557,4021076,13685,8.1646,8.2431,4.086,4.0797,5.5631,5.5725,22.694,85.8,9787,11400,115.9,0.0,31.5,37.3,charging,True,True,False,False,False,False,0,5900,32898,0,1024,0
2026-08-14T04:23:27.056,4022076,13686,8.1646,8.2431,4.0839,4.0796,5.5446,5.5681,22.619,85.8,9788,11400,115.9,0.0,31.5,37.2,charging,True,True,False,False,False,False,0,5900,32898,0,1024,0
2026-08-14T04:23:27.554,4022076,13686,8.1646,8.2431,4.0839,4.0796,5.5446,5.5681,22.619,85.8,9788,11400,115.9,0.0,31.5,37.2,charging,True,True,False,False,False,False,0,5900,32898,0,1024,0
2026-08-14T04:23:28.053,4023076,13687,8.1646,8.2431,4.0838,4.0789,5.539,5.565,22.592,85.8,9789,11400,115.9,0.0,31.5,37.1,charging,True,True,False,False,False,False,0,5900,32898,0,1024,0
2026-08-14T04:23:28.552,4023076,13687,8.1646,8.2431,4.0838,4.0789,5.539,5.565,22.592,85.8,9789,11400,115.9,0.0,31.5,37.1,charging,True,True,False,False,False,False,0,5900,32898,0,1024,0
2026-08-14T04:23:29.051,4024076,13688,8.1646,8.2431,4.0847,4.081,5.5428,5.5609,22.619,85.8,9791,11400,115.9,0.0,31.5,37.2,charging,True,True,False,False,False,False,0,5900,32898,0,1024,0
2026-08-14T04:23:29.549,4024076,13688,8.1646,8.2431,4.0847,4.081,5.5428,5.5609,22.619,85.8,9791,11400,115.9,0.0,31.5,37.2,charging,True,True,False,False,False,False,0,5900,32898,0,1024,0
2026-08-14T04:23:30.048,4025076,13689,8.1646,8.2431,4.0849,4.0793,5.5275,5.5581,22.547,85.8,9792,11400,115.9,0.0,31.5,37.2,charging,True,True,False,False,False,False,0,5900,32898,0,1024,0
2026-08-14T04:23:30.547,4025076,13689,8.1646,8.2431,4.0849,4.0793,5.5275,5.5581,22.547,85.8,9792,11400,115.9,0.0,31.5,37.2,charging,True,True,False,False,False,False,0,5900,32898,0,1024,0
2026-08-14T04:23:31.045,4026076,13690,8.1646,8.2431,4.086,4.0804,5.5475,5.5553,22.635,85.8,9793,11400,115.9,0.0,31.5,37.2,charging,True,True,False,False,False,False,0,5889,32898,0,1024,0
2026-08-14T04:23:31.544,4026076,13690,8.1646,8.2431,4.086,4.0804,5.5475,5.5553,22.635,85.8,9793,11400,115.9,0.0,31.5,37.2,charging,True,True,False,False,False,False,0,5889,32898,0,1024,0
2026-08-14T04:23:32.045,4027076,13691,8.1646,8.2431,4.0858,4.0784,5.5212,5.5512,22.516,85.9,9795,11400,115.9,0.0,31.5,37.4,charging,True,True,False,False,False,False,0,5889,32898,0,1024,0
2026-08-14T04:23:32.542,4027076,13691,8.1646,8.2431,4.0858,4.0784,5.5212,5.5512,22.516,85.9,9795,11400,115.9,0.0,31.5,37.4,charging,True,True,False,False,False,False,0,5889,32898,0,1024,0
2026-08-14T04:23:33.040,4028076,13692,8.1646,8.2431,4.0864,4.0807,5.539,5.549,22.601,85.9,9796,11400,115.9,0.0,31.5,37.2,charging,True,True,False,False,False,False,0,5889,32898,0,1024,0
2026-08-14T04:23:33.539,4028076,13692,8.1646,8.2431,4.0864,4.0807,5.539,5.549,22.601,85.9,9796,11400,115.9,0.0,31.5,37.2,charging,True,True,False,False,False,False,0,5889,32898,0,1024,0
2026-08-14T04:23:34.038,4029076,13693,8.1646,8.2431,4.0858,4.0788,5.5493,5.5471,22.633,85.9,9797,11400,115.9,0.0,31.5,37.3,charging,True,True,False,False,False,False,0,5889,32898,0,1024,0
2026-08-14T04:23:34.537,4029076,13693,8.1646,8.2431,4.0858,4.0788,5.5493,5.5471,22.633,85.9,9797,11400,115.9,0.0,31.5,37.3,charging,True,True,False,False,False,False,0,5889,32898,0,1024,0
2026-08-14T04:23:35.035,4030076,13694,8.1646,8.2431,4.0864,4.0808,5.5143,5.5403,22.502,85.9,9799,11400,115.9,0.0,31.5,37.1,charging,True,True,False,False,False,False,0,5889,32898,0,1024,0
2026-08-14T04:23:35.534,4030076,13694,8.1646,8.2431,4.0864,4.0808,5.5143,5.5403,22.502,85.9,9799,11400,115.9,0.0,31.5,37.1,charging,True,True,False,False,False,False,0,5889,32898,0,1024,0
2026-08-14T04:23:36.032,4031076,13695,8.1646,8.2431,4.0862,4.0804,5.5206,5.5381,22.526,85.9,9800,11400,115.9,0.0,31.5,37.2,charging,True,True,False,False,False,False,0,5889,32898,0,1024,0
2026-08-14T04:23:36.531,4031076,13695,8.1646,8.2431,4.0862,4.0804,5.5206,5.5381,22.526,85.9,9800,11400,115.9,0.0,31.5,37.2,charging,True,True,False,False,False,False,0,5889,32898,0,1024,0
2026-08-14T04:23:37.030,4032076,13696,8.1646,8.2431,4.086,4.0812,5.5112,5.5331,22.491,85.9,9801,11400,115.9,0.0,31.5,37.3,charging,True,True,False,False,False,False,0,5889,32898,0,1024,0
2026-08-14T04:23:37.528,4032076,13696,8.1646,8.2431,4.086,4.0812,5.5112,5.5331,22.491,85.9,9801,11400,115.9,0.0,31.5,37.3,charging,True,True,False,False,False,False,0,5889,32898,0,1024,0
2026-08-14T04:23:38.027,4033076,13697,8.1646,8.2431,4.0877,4.081,5.525,5.5306,22.545,85.9,9802,11400,115.9,0.0,31.5,36.9,charging,True,True,False,False,False,False,0,5889,32898,0,1024,0
2026-08-14T04:23:38.526,4033076,13697,8.1646,8.2431,4.0877,4.081,5.525,5.5306,22.545,85.9,9802,11400,115.9,0.0,31.5,36.9,charging,True,True,False,False,False,False,0,5889,32898,0,1024,0
2026-08-14T04:23:39.025,4034076,13698,8.1646,8.2431,4.0866,4.0793,5.5012,5.5265,22.441,85.9,9804,11400,115.9,0.0,31.4,37.1,charging,True,True,False,False,False,False,0,5889,32898,0,1024,0
2026-08-14T04:23:39.524,4034076,13698,8.1646,8.2431,4.0866,4.0793,5.5012,5.5265,22.441,85.9,9804,11400,115.9,0.0,31.4,37.1,charging,True,True,False,False,False,False,0,5889,32898,0,1024,0
2026-08-14T04:23:40.024,4035076,13699,8.1646,8.2431,4.0867,4.0792,5.4887,5.5218,22.388,86.0,9805,11400,115.9,0.0,31.4,37.3,charging,True,True,False,False,False,False,0,5889,32898,0,1024,0
2026-08-14T04:23:40.521,4035076,13699,8.1646,8.2431,4.0867,4.0792,5.4887,5.5218,22.388,86.0,9805,11400,115.9,0.0,31.4,37.3,charging,True,True,False,False,False,False,0,5889,32898,0,1024,0
2026-08-14T04:23:41.020,4036076,13700,8.1653,8.2403,4.0867,4.0801,5.4962,5.5181,22.424,86.0,9806,11400,115.9,0.0,31.4,37.0,charging,True,True,False,False,False,False,0,5872,32898,0,1024,0
2026-08-14T04:23:41.518,4036076,13700,8.1653,8.2403,4.0867,4.0801,5.4962,5.5181,22.424,86.0,9806,11400,115.9,0.0,31.4,37.0,charging,True,True,False,False,False,False,0,5872,32898,0,1024,0
2026-08-14T04:23:42.017,4037076,13701,8.1653,8.2403,4.0871,4.0801,5.5031,5.5153,22.452,86.0,9808,11400,115.9,0.0,31.4,37.1,charging,True,True,False,False,False,False,0,5872,32898,0,1024,0
2026-08-14T04:23:42.516,4037076,13701,8.1653,8.2403,4.0871,4.0801,5.5031,5.5153,22.452,86.0,9808,11400,115.9,0.0,31.4,37.1,charging,True,True,False,False,False,False,0,5872,32898,0,1024,0
2026-08-14T04:23:43.014,4038076,13702,8.1653,8.2403,4.0853,4.0807,5.4809,5.5109,22.364,86.0,9809,11400,115.9,0.0,31.5,37.1,charging,True,True,False,False,False,False,0,5872,32898,0,1024,0
2026-08-14T04:23:43.513,4038076,13702,8.1653,8.2403,4.0853,4.0807,5.4809,5.5109,22.364,86.0,9809,11400,115.9,0.0,31.5,37.1,charging,True,True,False,False,False,False,0,5872,32898,0,1024,0
2026-08-14T04:23:44.012,4039076,13703,8.1653,8.2403,4.0878,4.0799,5.4925,5.5084,22.408,86.0,9810,11400,115.9,0.0,31.5,37.1,charging,True,True,False,False,False,False,0,5872,32898,0,1024,0
2026-08-14T04:23:44.510,4039076,13703,8.1653,8.2403,4.0878,4.0799,5.4925,5.5084,22.408,86.0,9810,11400,115.9,0.0,31.5,37.1,charging,True,True,False,False,False,False,0,5872,32898,0,1024,0
2026-08-14T04:23:45.009,4040076,13704,8.1653,8.2403,4.0864,4.0814,5.4965,5.5071,22.433,86.0,9811,11400,115.9,0.0,31.5,37.1,charging,True,True,False,False,False,False,0,5872,32898,0,1024,0
2026-08-14T04:23:45.507,4040076,13704,8.1653,8.2403,4.0864,4.0814,5.4965,5.5071,22.433,86.0,9811,11400,115.9,0.0,31.5,37.1,charging,True,True,False,False,False,False,0,5872,32898,0,1024,0
2026-08-14T04:23:46.006,4041076,13705,8.1653,8.2403,4.0869,4.0797,5.4931,5.5043,22.409,86.0,9813,11400,115.9,0.0,31.4,37.0,charging,True,True,False,False,False,False,0,5872,32898,0,1024,0
2026-08-14T04:23:46.505,4041076,13705,8.1653,8.2403,4.0869,4.0797,5.4931,5.5043,22.409,86.0,9813,11400,115.9,0.0,31.4,37.0,charging,True,True,False,False,False,False,0,5872,32898,0,1024,0
2026-08-14T04:23:47.004,4042076,13706,8.1653,8.2403,4.0854,4.0808,5.4756,5.5003,22.344,86.0,9814,11400,115.9,0.0,31.4,37.0,charging,True,True,False,False,False,False,0,5872,32898,0,1024,0
2026-08-14T04:23:47.502,4042076,13706,8.1653,8.2403,4.0854,4.0808,5.4756,5.5003,22.344,86.0,9814,11400,115.9,0.0,31.4,37.0,charging,True,True,False,False,False,False,0,5872,32898,0,1024,0
2026-08-14T04:23:48.001,4043076,13707,8.1653,8.2403,4.0862,4.0819,5.4762,5.4968,22.352,86.0,9815,11400,115.9,0.0,31.4,37.0,charging,True,True,False,False,False,False,0,5872,32898,0,1024,0
2026-08-14T04:23:48.500,4043076,13707,8.1653,8.2403,4.0862,4.0819,5.4762,5.4968,22.352,86.0,9815,11400,115.9,0.0,31.4,37.0,charging,True,True,False,False,False,False,0,5872,32898,0,1024,0
2026-08-14T04:23:48.999,4044076,13708,8.1653,8.2403,4.0878,4.0816,5.469,5.4937,22.321,86.1,9817,11400,115.9,0.0,31.4,37.0,charging,True,True,False,False,False,False,0,5872,32898,0,1024,0
2026-08-14T04:23:49.497,4044076,13708,8.1653,8.2403,4.0878,4.0816,5.469,5.4937,22.321,86.1,9817,11400,115.9,0.0,31.4,37.0,charging,True,True,False,False,False,False,0,5872,32898,0,1024,0
2026-08-14T04:23:49.995,4045076,13709,8.1653,8.2403,4.0867,4.081,5.4862,5.4903,22.388,86.1,9818,11400,115.9,0.0,31.4,37.0,charging,True,True,False,False,False,False,0,5872,32898,0,1024,0
2026-08-14T04:23:50.494,4045076,13709,8.1653,8.2403,4.0867,4.081,5.4862,5.4903,22.388,86.1,9818,11400,115.9,0.0,31.4,37.0,charging,True,True,False,False,False,False,0,5872,32898,0,1024,0
2026-08-14T04:23:50.993,4046076,13710,8.1653,8.2403,4.0858,4.0816,5.4709,5.4868,22.329,86.1,9820,11400,115.9,0.0,31.4,37.1,charging,True,True,False,False,False,False,0,5872,32898,0,1024,0
2026-08-14T04:23:51.491,4046076,13710,8.1653,8.2403,4.0858,4.0816,5.4709,5.4868,22.329,86.1,9820,11400,115.9,0.0,31.4,37.1,charging,True,True,False,False,False,False,0,5872,32898,0,1024,0
2026-08-14T04:23:51.990,4047076,13711,8.1653,8.2403,4.0875,4.081,5.4784,5.4862,22.356,86.1,9820,11400,115.9,0.0,31.4,37.0,charging,True,True,False,False,False,False,0,5872,32898,0,1024,0
2026-08-14T04:23:52.488,4047076,13711,8.1653,8.2403,4.0875,4.081,5.4784,5.4862,22.356,86.1,9820,11400,115.9,0.0,31.4,37.0,charging,True,True,False,False,False,False,0,5872,32898,0,1024,0
2026-08-14T04:23:52.987,4048076,13712,8.1653,8.2403,4.0877,4.0799,5.4731,5.4821,22.328,86.1,9822,11400,115.9,0.0,31.4,37.0,charging,True,True,False,False,False,False,0,5872,32898,0,1024,0
2026-08-14T04:23:53.486,4048076,13712,8.1653,8.2403,4.0877,4.0799,5.4731,5.4821,22.328,86.1,9822,11400,115.9,0.0,31.4,37.0,charging,True,True,False,False,False,False,0,5872,32898,0,1024,0
2026-08-14T04:23:53.984,4049076,13713,8.1653,8.2403,4.0866,4.081,5.4525,5.4787,22.251,86.1,9823,11400,115.9,0.0,31.4,37.0,charging,True,True,False,False,False,False,0,5861,32898,0,1024,0
2026-08-14T04:23:54.483,4049076,13713,8.1653,8.2403,4.0866,4.081,5.4525,5.4787,22.251,86.1,9823,11400,115.9,0.0,31.4,37.0,charging,True,True,False,False,False,False,0,5861,32898,0,1024,0
2026-08-14T04:23:54.982,4050076,13714,8.1653,8.2403,4.0871,4.081,5.4575,5.4756,22.27,86.1,9825,11400,115.9,0.0,31.3,36.9,charging,True,True,False,False,False,False,0,5861,32898,0,1024,0
2026-08-14T04:23:55.480,4050076,13714,8.1653,8.2403,4.0871,4.081,5.4575,5.4756,22.27,86.1,9825,11400,115.9,0.0,31.3,36.9,charging,True,True,False,False,False,False,0,5861,32898,0,1024,0
2026-08-14T04:23:55.979,4051076,13715,8.1653,8.2403,4.0871,4.0808,5.4562,5.4725,22.265,86.1,9826,11400,115.9,0.0,31.3,36.9,charging,True,True,False,False,False,False,0,5861,32898,0,1024,0
2026-08-14T04:23:56.477,4051076,13715,8.1653,8.2403,4.0871,4.0808,5.4562,5.4725,22.265,86.1,9826,11400,115.9,0.0,31.3,36.9,charging,True,True,False,False,False,False,0,5861,32898,0,1024,0
2026-08-14T04:23:56.976,4052076,13716,8.1653,8.2403,4.0878,4.0812,5.4481,5.4693,22.233,86.1,9827,11400,115.9,0.0,31.3,36.9,charging,True,True,False,False,False,False,0,5861,32898,0,1024,0
2026-08-14T04:23:57.475,4052076,13716,8.1653,8.2403,4.0878,4.0812,5.4481,5.4693,22.233,86.1,9827,11400,115.9,0.0,31.3,36.9,charging,True,True,False,False,False,False,0,5861,32898,0,1024,0
2026-08-14T04:23:57.975,4053076,13717,8.1653,8.2403,4.0877,4.081,5.4375,5.4659,22.188,86.2,9828,11400,115.9,0.0,31.3,36.8,charging,True,True,False,False,False,False,0,5861,32898,0,1024,0
2026-08-14T04:23:58.472,4053076,13717,8.1653,8.2403,4.0877,4.081,5.4375,5.4659,22.188,86.2,9828,11400,115.9,0.0,31.3,36.8,charging,True,True,False,False,False,False,0,5861,32898,0,1024,0
2026-08-14T04:23:58.971,4054076,13718,8.1653,8.2403,4.0878,4.081,5.44,5.4615,22.2,86.2,9829,11400,115.9,0.0,31.3,37.1,charging,True,True,False,False,False,False,0,5861,32898,0,1024,0
2026-08-14T04:23:59.470,4054076,13718,8.1653,8.2403,4.0878,4.081,5.44,5.4615,22.2,86.2,9829,11400,115.9,0.0,31.3,37.1,charging,True,True,False,False,False,False,0,5861,32898,0,1024,0
2026-08-14T04:23:59.968,4055076,13719,8.1653,8.2403,4.0875,4.0814,5.4525,5.4584,22.252,86.2,9831,11400,115.9,0.0,31.3,36.9,charging,True,True,False,False,False,False,0,5861,32898,0,1024,0
2026-08-14T04:24:00.467,4055076,13719,8.1653,8.2403,4.0875,4.0814,5.4525,5.4584,22.252,86.2,9831,11400,115.9,0.0,31.3,36.9,charging,True,True,False,False,False,False,0,5861,32898,0,1024,0
2026-08-14T04:24:00.966,4056076,13720,8.1653,8.2403,4.0869,4.0823,5.4325,5.4546,22.176,86.2,9832,11400,115.9,0.0,31.3,36.9,charging,True,True,False,False,False,False,0,5861,32898,0,1024,0
2026-08-14T04:24:01.465,4056076,13720,8.1653,8.2403,4.0869,4.0823,5.4325,5.4546,22.176,86.2,9832,11400,115.9,0.0,31.3,36.9,charging,True,True,False,False,False,False,0,5861,32898,0,1024,0
2026-08-14T04:24:01.963,4057076,13721,8.1653,8.2403,4.0881,4.0816,5.434,5.4521,22.179,86.2,9833,11400,115.9,0.0,31.3,36.9,charging,True,True,False,False,False,False,0,5861,32898,0,1024,0
2026-08-14T04:24:02.462,4057076,13721,8.1653,8.2403,4.0881,4.0816,5.434,5.4521,22.179,86.2,9833,11400,115.9,0.0,31.3,36.9,charging,True,True,False,False,False,False,0,5861,32898,0,1024,0
2026-08-14T04:24:02.960,4058076,13722,8.1653,8.2387,4.0882,4.0816,5.444,5.4471,22.219,86.2,9835,11400,115.9,0.0,31.3,36.5,charging,True,True,False,False,False,False,0,5861,32898,0,1024,0
2026-08-14T04:24:03.459,4058076,13722,8.1653,8.2387,4.0882,4.0816,5.444,5.4471,22.219,86.2,9835,11400,115.9,0.0,31.3,36.5,charging,True,True,False,False,False,False,0,5861,32898,0,1024,0
2026-08-14T04:24:03.958,4059076,13723,8.1681,8.2387,4.0886,4.0814,5.4284,5.4456,22.155,86.2,9836,11400,115.9,0.0,31.3,36.9,charging,True,True,False,False,False,False,0,5844,32898,0,1024,0
2026-08-14T04:24:04.457,4059076,13723,8.1681,8.2387,4.0886,4.0814,5.4284,5.4456,22.155,86.2,9836,11400,115.9,0.0,31.3,36.9,charging,True,True,False,False,False,False,0,5844,32898,0,1024,0
2026-08-14T04:24:04.955,4060076,13724,8.1681,8.2387,4.0873,4.0801,5.43,5.4425,22.155,86.2,9837,11400,115.9,0.0,31.3,36.8,charging,True,True,False,False,False,False,0,5844,32898,0,1024,0
2026-08-14T04:24:05.454,4060076,13724,8.1681,8.2387,4.0873,4.0801,5.43,5.4425,22.155,86.2,9837,11400,115.9,0.0,31.3,36.8,charging,True,True,False,False,False,False,0,5844,32898,0,1024,0
2026-08-14T04:24:05.954,4061076,13725,8.1681,8.2387,4.0886,4.0821,5.4203,5.4387,22.126,86.3,9838,11400,115.9,0.0,31.3,36.9,charging,True,True,False,False,False,False,0,5844,32898,0,1024,0
2026-08-14T04:24:06.451,4061076,13725,8.1681,8.2387,4.0886,4.0821,5.4203,5.4387,22.126,86.3,9838,11400,115.9,0.0,31.3,36.9,charging,True,True,False,False,False,False,0,5844,32898,0,1024,0
2026-08-14T04:24:06.950,4062076,13726,8.1681,8.2387,4.0864,4.0831,5.4284,5.4343,22.164,86.3,9840,11400,115.9,0.0,31.3,36.6,charging,True,True,False,False,False,False,0,5844,32898,0,1024,0
2026-08-14T04:24:07.449,4062076,13726,8.1681,8.2387,4.0864,4.0831,5.4284,5.4343,22.164,86.3,9840,11400,115.9,0.0,31.3,36.6,charging,True,True,False,False,False,False,0,5844,32898,0,1024,0
2026-08-14T04:24:07.948,4063076,13727,8.1681,8.2387,4.0899,4.0831,5.4153,5.4312,22.11,86.3,9841,11400,115.9,0.0,31.3,36.8,charging,True,True,False,False,False,False,0,5844,32898,0,1024,0
2026-08-14T04:24:08.446,4063076,13727,8.1681,8.2387,4.0899,4.0831,5.4153,5.4312,22.11,86.3,9841,11400,115.9,0.0,31.3,36.8,charging,True,True,False,False,False,False,0,5844,32898,0,1024,0
2026-08-14T04:24:08.945,4064076,13728,8.1681,8.2387,4.0893,4.0836,5.4259,5.4303,22.156,86.3,9842,11400,115.9,0.0,31.3,36.6,charging,True,True,False,False,False,False,0,5844,32898,0,1024,0
2026-08-14T04:24:09.444,4064076,13728,8.1681,8.2387,4.0893,4.0836,5.4259,5.4303,22.156,86.3,9842,11400,115.9,0.0,31.3,36.6,charging,True,True,False,False,False,False,0,5844,32898,0,1024,0
2026-08-14T04:24:09.942,4065076,13729,8.1681,8.2387,4.0892,4.0838,5.4062,5.4253,22.076,86.3,9844,11400,115.9,0.0,31.3,36.9,charging,True,True,False,False,False,False,0,5844,32898,0,1024,0
2026-08-14T04:24:10.441,4065076,13729,8.1681,8.2387,4.0892,4.0838,5.4062,5.4253,22.076,86.3,9844,11400,115.9,0.0,31.3,36.9,charging,True,True,False,False,False,False,0,5844,32898,0,1024,0
2026-08-14T04:24:10.939,4066076,13730,8.1681,8.2387,4.0889,4.0825,5.4109,5.4221,22.089,86.3,9845,11400,115.9,0.0,31.3,36.9,charging,True,True,False,False,False,False,0,5844,32898,0,1024,0
2026-08-14T04:24:11.438,4066076,13730,8.1681,8.2387,4.0889,4.0825,5.4109,5.4221,22.089,86.3,9845,11400,115.9,0.0,31.3,36.9,charging,True,True,False,False,False,False,0,5844,32898,0,1024,0
2026-08-14T04:24:11.936,4067076,13731,8.1681,8.2387,4.0886,4.0831,5.4081,5.4193,22.081,86.3,9846,11400,115.9,0.0,31.3,36.7,charging,True,True,False,False,False,False,0,5844,32898,0,1024,0
2026-08-14T04:24:12.435,4067076,13731,8.1681,8.2387,4.0886,4.0831,5.4081,5.4193,22.081,86.3,9846,11400,115.9,0.0,31.3,36.7,charging,True,True,False,False,False,False,0,5844,32898,0,1024,0
2026-08-14T04:24:12.934,4068076,13732,8.1681,8.2387,4.0893,4.0838,5.4071,5.4165,22.081,86.3,9847,11400,115.9,0.0,31.2,36.6,charging,True,True,False,False,False,False,0,5844,32898,0,1024,0
2026-08-14T04:24:13.432,4068076,13732,8.1681,8.2387,4.0893,4.0838,5.4071,5.4165,22.081,86.3,9847,11400,115.9,0.0,31.2,36.6,charging,True,True,False,False,False,False,0,5844,32898,0,1024,0
2026-08-14T04:24:13.931,4069076,13733,8.1681,8.2387,4.0889,4.0834,5.4031,5.4134,22.062,86.3,9849,11400,115.9,0.0,31.2,36.8,charging,True,True,False,False,False,False,0,5844,32898,0,1024,0
2026-08-14T04:24:14.430,4069076,13733,8.1681,8.2387,4.0889,4.0834,5.4031,5.4134,22.062,86.3,9849,11400,115.9,0.0,31.2,36.8,charging,True,True,False,False,False,False,0,5844,32898,0,1024,0
2026-08-14T04:24:14.929,4070076,13734,8.1681,8.2387,4.0886,4.0819,5.4103,5.4121,22.083,86.3,9850,11400,115.9,0.0,31.2,36.6,charging,True,True,False,False,False,False,0,5833,32898,0,1024,0
2026-08-14T04:24:15.427,4070076,13734,8.1681,8.2387,4.0886,4.0819,5.4103,5.4121,22.083,86.3,9850,11400,115.9,0.0,31.2,36.6,charging,True,True,False,False,False,False,0,5833,32898,0,1024,0
2026-08-14T04:24:15.927,4071076,13735,8.1681,8.2387,4.0893,4.0821,5.3865,5.4087,21.988,86.4,9851,11400,115.9,0.0,31.2,36.6,charging,True,True,False,False,False,False,0,5833,32898,0,1024,0
2026-08-14T04:24:16.425,4071076,13735,8.1681,8.2387,4.0893,4.0821,5.3865,5.4087,21.988,86.4,9851,11400,115.9,0.0,31.2,36.6,charging,True,True,False,False,False,False,0,5833,32898,0,1024,0
2026-08-14T04:24:16.923,4072076,13736,8.1681,8.2387,4.0889,4.0834,5.3928,5.4037,22.02,86.4,9853,11400,115.9,0.0,31.2,36.7,charging,True,True,False,False,False,False,0,5833,32898,0,1024,0
2026-08-14T04:24:17.422,4072076,13736,8.1681,8.2387,4.0889,4.0834,5.3928,5.4037,22.02,86.4,9853,11400,115.9,0.0,31.2,36.7,charging,True,True,False,False,False,False,0,5833,32898,0,1024,0
2026-08-14T04:24:17.920,4073076,13737,8.1681,8.2387,4.0892,4.0834,5.3868,5.4018,21.99,86.4,9854,11400,115.9,0.0,31.2,36.6,charging,True,True,False,False,False,False,0,5833,32898,0,1024,0
2026-08-14T04:24:18.419,4073076,13737,8.1681,8.2387,4.0892,4.0834,5.3868,5.4018,21.99,86.4,9854,11400,115.9,0.0,31.2,36.6,charging,True,True,False,False,False,False,0,5833,32898,0,1024,0
2026-08-14T04:24:18.918,4074076,13738,8.1681,8.2387,4.0884,4.0825,5.3837,5.4,21.977,86.4,9855,11400,115.9,0.0,31.2,36.6,charging,True,True,False,False,False,False,0,5833,32898,0,1024,0
2026-08-14T04:24:19.417,4074076,13738,8.1681,8.2387,4.0884,4.0825,5.3837,5.4,21.977,86.4,9855,11400,115.9,0.0,31.2,36.6,charging,True,True,False,False,False,False,0,5833,32898,0,1024,0
2026-08-14T04:24:19.915,4075076,13739,8.1681,8.2387,4.0904,4.0842,5.385,5.3956,21.992,86.4,9856,11400,115.9,0.0,31.2,36.5,charging,True,True,False,False,False,False,0,5833,32898,0,1024,0
2026-08-14T04:24:20.414,4075076,13739,8.1681,8.2387,4.0904,4.0842,5.385,5.3956,21.992,86.4,9856,11400,115.9,0.0,31.2,36.5,charging,True,True,False,False,False,False,0,5833,32898,0,1024,0
2026-08-14T04:24:20.913,4076076,13740,8.1681,8.2387,4.0877,4.0838,5.3846,5.3921,21.988,86.4,9858,11400,115.9,0.0,31.2,36.6,charging,True,True,False,False,False,False,0,5833,32898,0,1024,0
2026-08-14T04:24:21.412,4076076,13740,8.1681,8.2387,4.0877,4.0838,5.3846,5.3921,21.988,86.4,9858,11400,115.9,0.0,31.2,36.6,charging,True,True,False,False,False,False,0,5833,32898,0,1024,0
2026-08-14T04:24:21.911,4077076,13741,8.1681,8.2387,4.0893,4.0839,5.3709,5.3893,21.934,86.4,9859,11400,115.9,0.0,31.2,36.6,charging,True,True,False,False,False,False,0,5833,32898,0,1024,0
2026-08-14T04:24:22.409,4077076,13741,8.1681,8.2387,4.0893,4.0839,5.3709,5.3893,21.934,86.4,9859,11400,115.9,0.0,31.2,36.6,charging,True,True,False,False,False,False,0,5833,32898,0,1024,0
2026-08-14T04:24:22.908,4078076,13742,8.1681,8.2387,4.0907,4.0842,5.3625,5.3853,21.9,86.4,9860,11400,115.9,0.0,31.2,36.9,charging,True,True,False,False,False,False,0,5833,32898,0,1024,0
2026-08-14T04:24:23.407,4078076,13742,8.1681,8.2387,4.0907,4.0842,5.3625,5.3853,21.9,86.4,9860,11400,115.9,0.0,31.2,36.9,charging,True,True,False,False,False,False,0,5833,32898,0,1024,0
2026-08-14T04:24:23.906,4079076,13743,8.1681,8.2387,4.0899,4.0823,5.3837,5.3834,21.977,86.4,9861,11400,115.9,0.0,31.1,36.7,charging,True,True,False,False,False,False,0,5833,32898,0,1024,0
2026-08-14T04:24:24.404,4079076,13743,8.1681,8.2387,4.0899,4.0823,5.3837,5.3834,21.977,86.4,9861,11400,115.9,0.0,31.1,36.7,charging,True,True,False,False,False,False,0,5833,32898,0,1024,0
2026-08-14T04:24:24.904,4080076,13744,8.1681,8.2387,4.0892,4.0847,5.3734,5.3818,21.948,86.5,9862,11400,115.9,0.0,31.2,36.5,charging,True,True,False,False,False,False,0,5833,32898,0,1024,0
2026-08-14T04:24:25.402,4080076,13744,8.1681,8.2387,4.0892,4.0847,5.3734,5.3818,21.948,86.5,9862,11400,115.9,0.0,31.2,36.5,charging,True,True,False,False,False,False,0,5833,32898,0,1024,0
2026-08-14T04:24:25.901,4081076,13745,8.174,8.2387,4.0892,4.0825,5.3465,5.3775,21.827,86.5,9864,11400,115.9,0.0,31.2,36.6,charging,True,True,False,False,False,False,0,5833,32898,0,1024,0
2026-08-14T04:24:26.399,4081076,13745,8.174,8.2387,4.0892,4.0825,5.3465,5.3775,21.827,86.5,9864,11400,115.9,0.0,31.2,36.6,charging,True,True,False,False,False,False,0,5833,32898,0,1024,0
2026-08-14T04:24:26.898,4082076,13746,8.174,8.2387,4.0892,4.0847,5.3484,5.3725,21.846,86.5,9865,11400,115.9,0.0,31.1,36.5,charging,True,True,False,False,False,False,0,5816,32898,0,1024,0
2026-08-14T04:24:27.397,4082076,13746,8.174,8.2387,4.0892,4.0847,5.3484,5.3725,21.846,86.5,9865,11400,115.9,0.0,31.1,36.5,charging,True,True,False,False,False,False,0,5816,32898,0,1024,0
2026-08-14T04:24:27.896,4083076,13747,8.174,8.2387,4.0901,4.0836,5.3512,5.369,21.851,86.5,9866,11400,115.9,0.0,31.1,36.6,charging,True,True,False,False,False,False,0,5816,32898,0,1024,0
2026-08-14T04:24:28.394,4083076,13747,8.174,8.2387,4.0901,4.0836,5.3512,5.369,21.851,86.5,9866,11400,115.9,0.0,31.1,36.6,charging,True,True,False,False,False,False,0,5816,32898,0,1024,0
2026-08-14T04:24:28.893,4084076,13748,8.174,8.2387,4.091,4.0842,5.3353,5.3653,21.79,86.5,9868,11400,115.9,0.0,31.1,36.7,charging,True,True,False,False,False,False,0,5816,32898,0,1024,0
2026-08-14T04:24:29.391,4084076,13748,8.174,8.2387,4.091,4.0842,5.3353,5.3653,21.79,86.5,9868,11400,115.9,0.0,31.1,36.7,charging,True,True,False,False,False,False,0,5816,32898,0,1024,0
2026-08-14T04:24:29.890,4085076,13749,8.174,8.2387,4.0889,4.0836,5.3528,5.3621,21.857,86.5,9869,11400,115.9,0.0,31.1,36.5,charging,True,True,False,False,False,False,0,5816,32898,0,1024,0
2026-08-14T04:24:30.389,4085076,13749,8.174,8.2387,4.0889,4.0836,5.3528,5.3621,21.857,86.5,9869,11400,115.9,0.0,31.1,36.5,charging,True,True,False,False,False,False,0,5816,32898,0,1024,0
2026-08-14T04:24:30.887,4086076,13750,8.174,8.2387,4.0899,4.0843,5.3609,5.3606,21.896,86.5,9870,11400,115.9,0.0,31.1,36.4,charging,True,True,False,False,False,False,0,5816,32898,0,1024,0
2026-08-14T04:24:31.386,4086076,13750,8.174,8.2387,4.0899,4.0843,5.3609,5.3606,21.896,86.5,9870,11400,115.9,0.0,31.1,36.4,charging,True,True,False,False,False,False,0,5816,32898,0,1024,0
2026-08-14T04:24:31.885,4087076,13751,8.174,8.2387,4.0899,4.0847,5.3331,5.3587,21.784,86.5,9871,11400,115.9,0.0,31.1,36.5,charging,True,True,False,False,False,False,0,5816,32898,0,1024,0
2026-08-14T04:24:32.384,4087076,13751,8.174,8.2387,4.0899,4.0847,5.3331,5.3587,21.784,86.5,9871,11400,115.9,0.0,31.1,36.5,charging,True,True,False,False,False,False,0,5816,32898,0,1024,0
2026-08-14T04:24:32.882,4088076,13752,8.174,8.2387,4.0892,4.0846,5.3581,5.3565,21.884,86.5,9872,11400,115.9,0.0,31.1,36.6,charging,True,True,False,False,False,False,0,5816,32898,0,1024,0
2026-08-14T04:24:33.381,4088076,13752,8.174,8.2387,4.0892,4.0846,5.3581,5.3565,21.884,86.5,9872,11400,115.9,0.0,31.1,36.6,charging,True,True,False,False,False,False,0,5816,32898,0,1024,0
2026-08-14T04:24:33.881,4089076,13753,8.174,8.2387,4.0897,4.0832,5.3343,5.3525,21.78,86.6,9874,11400,115.9,0.0,31.1,36.6,charging,True,True,False,False,False,False,0,5816,32898,0,1024,0
2026-08-14T04:24:34.378,4089076,13753,8.174,8.2387,4.0897,4.0832,5.3343,5.3525,21.78,86.6,9874,11400,115.9,0.0,31.1,36.6,charging,True,True,False,False,False,False,0,5816,32898,0,1024,0
2026-08-14T04:24:34.877,4090076,13754,8.174,8.2387,4.0892,4.0834,5.3228,5.3496,21.734,86.6,9875,11400,115.9,0.0,31.1,36.4,charging,True,True,False,False,False,False,0,5816,32898,0,1024,0
2026-08-14T04:24:35.376,4090076,13754,8.174,8.2387,4.0892,4.0834,5.3228,5.3496,21.734,86.6,9875,11400,115.9,0.0,31.1,36.4,charging,True,True,False,False,False,False,0,5816,32898,0,1024,0
2026-08-14T04:24:35.874,4091076,13755,8.174,8.2387,4.0899,4.0842,5.3421,5.349,21.817,86.6,9876,11400,115.9,0.0,31.1,36.4,charging,True,True,False,False,False,False,0,5816,32898,0,1024,0
2026-08-14T04:24:36.373,4091076,13755,8.174,8.2387,4.0899,4.0842,5.3421,5.349,21.817,86.6,9876,11400,115.9,0.0,31.1,36.4,charging,True,True,False,False,False,False,0,5816,32898,0,1024,0
2026-08-14T04:24:36.872,4092076,13756,8.174,8.2387,4.0892,4.0843,5.33,5.3465,21.769,86.6,9878,11400,115.9,0.0,31.0,36.4,charging,True,True,False,False,False,False,0,5816,32898,0,1024,0
2026-08-14T04:24:37.371,4092076,13756,8.174,8.2387,4.0892,4.0843,5.33,5.3465,21.769,86.6,9878,11400,115.9,0.0,31.0,36.4,charging,True,True,False,False,False,False,0,5816,32898,0,1024,0
2026-08-14T04:24:37.869,4093076,13757,8.174,8.2387,4.0892,4.0839,5.33,5.3443,21.766,86.6,9879,11400,115.9,0.0,31.0,36.5,charging,True,True,False,False,False,False,0,5816,32898,0,1024,0
2026-08-14T04:24:38.368,4093076,13757,8.174,8.2387,4.0892,4.0839,5.33,5.3443,21.766,86.6,9879,11400,115.9,0.0,31.0,36.5,charging,True,True,False,False,False,False,0,5816,32898,0,1024,0
2026-08-14T04:24:38.867,4094076,13758,8.174,8.2387,4.0903,4.0847,5.3221,5.3415,21.739,86.6,9880,11400,115.9,0.0,31.0,36.4,charging,True,True,False,False,False,False,0,5805,32898,0,1024,0
2026-08-14T04:24:39.365,4094076,13758,8.174,8.2387,4.0903,4.0847,5.3221,5.3415,21.739,86.6,9880,11400,115.9,0.0,31.0,36.4,charging,True,True,False,False,False,False,0,5805,32898,0,1024,0
2026-08-14T04:24:39.864,4095076,13759,8.174,8.2387,4.0903,4.0858,5.3181,5.3371,21.728,86.6,9881,11400,115.9,0.0,31.1,36.5,charging,True,True,False,False,False,False,0,5805,32898,0,1024,0
2026-08-14T04:24:40.363,4095076,13759,8.174,8.2387,4.0903,4.0858,5.3181,5.3371,21.728,86.6,9881,11400,115.9,0.0,31.1,36.5,charging,True,True,False,False,False,False,0,5805,32898,0,1024,0
2026-08-14T04:24:40.861,4096076,13760,8.174,8.2387,4.0899,4.0851,5.3003,5.3328,21.651,86.6,9883,11400,115.9,0.0,31.0,36.4,charging,True,True,False,False,False,False,0,5805,32898,0,1024,0
2026-08-14T04:24:41.360,4096076,13760,8.174,8.2387,4.0899,4.0851,5.3003,5.3328,21.651,86.6,9883,11400,115.9,0.0,31.0,36.4,charging,True,True,False,False,False,False,0,5805,32898,0,1024,0
2026-08-14T04:24:41.859,4097076,13761,8.174,8.2387,4.0888,4.0854,5.31,5.3315,21.692,86.6,9884,11400,115.9,0.0,31.0,36.4,charging,True,True,False,False,False,False,0,5805,32898,0,1024,0
2026-08-14T04:24:42.357,4097076,13761,8.174,8.2387,4.0888,4.0854,5.31,5.3315,21.692,86.6,9884,11400,115.9,0.0,31.0,36.4,charging,True,True,False,False,False,False,0,5805,32898,0,1024,0
2026-08-14T04:24:42.857,4098076,13762,8.174,8.2387,4.0912,4.0836,5.3262,5.329,21.748,86.7,9885,11400,115.9,0.0,31.0,36.4,charging,True,True,False,False,False,False,0,5805,32898,0,1024,0
2026-08-14T04:24:43.355,4098076,13762,8.174,8.2387,4.0912,4.0836,5.3262,5.329,21.748,86.7,9885,11400,115.9,0.0,31.0,36.4,charging,True,True,False,False,False,False,0,5805,32898,0,1024,0
2026-08-14T04:24:43.853,4099076,13763,8.174,8.2387,4.0908,4.0857,5.3075,5.3256,21.683,86.7,9886,11400,115.9,0.0,31.0,36.3,charging,True,True,False,False,False,False,0,5805,32898,0,1024,0
2026-08-14T04:24:44.352,4099076,13763,8.174,8.2387,4.0908,4.0857,5.3075,5.3256,21.683,86.7,9886,11400,115.9,0.0,31.0,36.3,charging,True,True,False,False,False,False,0,5805,32898,0,1024,0
2026-08-14T04:24:44.851,4100076,13764,8.174,8.2387,4.0912,4.0857,5.3278,5.3228,21.766,86.7,9887,11400,115.9,0.0,31.0,36.3,charging,True,True,False,False,False,False,0,5805,32898,0,1024,0
2026-08-14T04:24:45.349,4100076,13764,8.174,8.2387,4.0912,4.0857,5.3278,5.3228,21.766,86.7,9887,11400,115.9,0.0,31.0,36.3,charging,True,True,False,False,False,False,0,5805,32898,0,1024,0
2026-08-14T04:24:45.848,4101076,13765,8.174,8.2387,4.091,4.0847,5.2762,5.3171,21.55,86.7,9889,11400,115.9,0.0,31.0,36.4,charging,True,True,False,False,False,False,0,5805,32898,0,1024,0
2026-08-14T04:24:46.347,4101076,13765,8.174,8.2387,4.091,4.0847,5.2762,5.3171,21.55,86.7,9889,11400,115.9,0.0,31.0,36.4,charging,True,True,False,False,False,False,0,5805,32898,0,1024,0
2026-08-14T04:24:46.846,4102076,13766,8.174,8.2387,4.0914,4.0849,5.2918,5.3137,21.616,86.7,9890,11400,115.9,0.0,31.0,36.3,charging,True,True,False,False,False,False,0,5805,32898,0,1024,0
2026-08-14T04:24:47.344,4102076,13766,8.174,8.2387,4.0914,4.0849,5.2918,5.3137,21.616,86.7,9890,11400,115.9,0.0,31.0,36.3,charging,True,True,False,False,False,False,0,5805,32898,0,1024,0
2026-08-14T04:24:47.843,4103076,13767,8.174,8.244,4.091,4.0853,5.2906,5.3093,21.612,86.7,9891,11400,115.9,0.0,31.0,36.3,charging,True,True,False,False,False,False,0,5805,32898,0,1024,0
2026-08-14T04:24:48.342,4103076,13767,8.174,8.244,4.091,4.0853,5.2906,5.3093,21.612,86.7,9891,11400,115.9,0.0,31.0,36.3,charging,True,True,False,False,False,False,0,5805,32898,0,1024,0
2026-08-14T04:24:48.840,4104076,13768,8.174,8.244,4.0917,4.0847,5.2831,5.3053,21.579,86.7,9892,11400,115.9,0.0,30.9,36.3,charging,True,True,False,False,False,False,0,5805,32898,0,1024,0
2026-08-14T04:24:49.339,4104076,13768,8.174,8.244,4.0917,4.0847,5.2831,5.3053,21.579,86.7,9892,11400,115.9,0.0,30.9,36.3,charging,True,True,False,False,False,False,0,5805,32898,0,1024,0
2026-08-14T04:24:49.838,4105076,13769,8.174,8.244,4.0914,4.0853,5.2956,5.3018,21.633,86.7,9894,11400,115.9,0.0,30.9,36.1,charging,True,True,False,False,False,False,0,5788,32898,0,1024,0
2026-08-14T04:24:50.336,4105076,13769,8.174,8.244,4.0914,4.0853,5.2956,5.3018,21.633,86.7,9894,11400,115.9,0.0,30.9,36.1,charging,True,True,False,False,False,False,0,5788,32898,0,1024,0
2026-08-14T04:24:50.835,4106076,13770,8.174,8.244,4.0919,4.0862,5.2768,5.3009,21.561,86.7,9895,11400,115.9,0.0,30.9,36.1,charging,True,True,False,False,False,False,0,5788,32898,0,1024,0
2026-08-14T04:24:51.334,4106076,13770,8.174,8.244,4.0919,4.0862,5.2768,5.3009,21.561,86.7,9895,11400,115.9,0.0,30.9,36.1,charging,True,True,False,False,False,False,0,5788,32898,0,1024,0
2026-08-14T04:24:51.834,4107076,13771,8.174,8.244,4.0916,4.0838,5.2971,5.2981,21.632,86.8,9896,11400,115.9,0.0,30.9,36.1,charging,True,True,False,False,False,False,0,5788,32898,0,1024,0
2026-08-14T04:24:52.331,4107076,13771,8.174,8.244,4.0916,4.0838,5.2971,5.2981,21.632,86.8,9896,11400,115.9,0.0,30.9,36.1,charging,True,True,False,False,False,False,0,5788,32898,0,1024,0
2026-08-14T04:24:52.830,4108076,13772,8.174,8.244,4.0907,4.0854,5.2721,5.294,21.539,86.8,9897,11400,115.9,0.0,30.9,36.4,charging,True,True,False,False,False,False,0,5788,32898,0,1024,0
2026-08-14T04:24:53.329,4108076,13772,8.174,8.244,4.0907,4.0854,5.2721,5.294,21.539,86.8,9897,11400,115.9,0.0,30.9,36.4,charging,True,True,False,False,False,False,0,5788,32898,0,1024,0
2026-08-14T04:24:53.827,4109076,13773,8.174,8.244,4.091,4.0857,5.2634,5.2903,21.504,86.8,9899,11400,115.9,0.0,30.9,36.2,charging,True,True,False,False,False,False,0,5788,32898,0,1024,0
2026-08-14T04:24:54.326,4109076,13773,8.174,8.244,4.091,4.0857,5.2634,5.2903,21.504,86.8,9899,11400,115.9,0.0,30.9,36.2,charging,True,True,False,False,False,False,0,5788,32898,0,1024,0
2026-08-14T04:24:54.825,4110076,13774,8.174,8.244,4.091,4.0858,5.2653,5.2875,21.512,86.8,9900,11400,115.9,0.0,30.8,36.2,charging,True,True,False,False,False,False,0,5788,32898,0,1024,0
2026-08-14T04:24:55.323,4110076,13774,8.174,8.244,4.091,4.0858,5.2653,5.2875,21.512,86.8,9900,11400,115.9,0.0,30.8,36.2,charging,True,True,False,False,False,False,0,5788,32898,0,1024,0
2026-08-14T04:24:55.822,4111076,13775,8.174,8.244,4.0912,4.0864,5.2837,5.2846,21.59,86.8,9901,11400,115.9,0.0,30.9,36.3,charging,True,True,False,False,False,False,0,5788,32898,0,1024,0
2026-08-14T04:24:56.320,4111076,13775,8.174,8.244,4.0912,4.0864,5.2837,5.2846,21.59,86.8,9901,11400,115.9,0.0,30.9,36.3,charging,True,True,False,False,False,False,0,5788,32898,0,1024,0
2026-08-14T04:24:56.819,4112076,13776,8.174,8.244,4.0914,4.0866,5.2568,5.2815,21.481,86.8,9902,11400,115.9,0.0,30.9,36.5,charging,True,True,False,False,False,False,0,5788,32898,0,1024,0
2026-08-14T04:24:57.318,4112076,13776,8.174,8.244,4.0914,4.0866,5.2568,5.2815,21.481,86.8,9902,11400,115.9,0.0,30.9,36.5,charging,True,True,False,False,False,False,0,5788,32898,0,1024,0
2026-08-14T04:24:57.817,4113076,13777,8.174,8.244,4.0923,4.086,5.255,5.2809,21.47,86.8,9903,11400,115.9,0.0,30.8,36.1,charging,True,True,False,False,False,False,0,5788,32898,0,1024,0
2026-08-14T04:24:58.315,4113076,13777,8.174,8.244,4.0923,4.086,5.255,5.2809,21.47,86.8,9903,11400,115.9,0.0,30.8,36.1,charging,True,True,False,False,False,False,0,5788,32898,0,1024,0
2026-08-14T04:24:58.814,4114076,13778,8.174,8.244,4.0912,4.0862,5.2637,5.2775,21.508,86.8,9905,11400,115.9,0.0,30.9,36.3,charging,True,True,False,False,False,False,0,5788,32898,0,1024,0
2026-08-14T04:24:59.313,4114076,13778,8.174,8.244,4.0912,4.0862,5.2637,5.2775,21.508,86.8,9905,11400,115.9,0.0,30.9,36.3,charging,True,True,False,False,False,False,0,5788,32898,0,1024,0
2026-08-14T04:24:59.812,4115076,13779,8.174,8.244,4.0925,4.0857,5.2465,5.274,21.435,86.8,9906,11400,115.9,0.0,30.9,36.1,charging,True,True,False,False,False,False,0,5788,32898,0,1024,0
2026-08-14T04:25:00.310,4115076,13779,8.174,8.244,4.0925,4.0857,5.2465,5.274,21.435,86.8,9906,11400,115.9,0.0,30.9,36.1,charging,True,True,False,False,False,False,0,5788,32898,0,1024,0
2026-08-14T04:25:00.809,4116076,13780,8.174,8.244,4.0907,4.0873,5.2681,5.2725,21.531,86.8,9907,11400,115.9,0.0,30.9,36.2,charging,True,True,False,False,False,False,0,5788,32898,0,1024,0
2026-08-14T04:25:01.307,4116076,13780,8.174,8.244,4.0907,4.0873,5.2681,5.2725,21.531,86.8,9907,11400,115.9,0.0,30.9,36.2,charging,True,True,False,False,False,False,0,5788,32898,0,1024,0
2026-08-14T04:25:01.808,4117076,13781,8.174,8.244,4.0916,4.0849,5.2484,5.2684,21.438,86.9,9908,11400,115.9,0.0,30.8,36.3,charging,True,True,False,False,False,False,0,5776,32898,0,1024,0
2026-08-14T04:25:02.305,4117076,13781,8.174,8.244,4.0916,4.0849,5.2484,5.2684,21.438,86.9,9908,11400,115.9,0.0,30.8,36.3,charging,True,True,False,False,False,False,0,5776,32898,0,1024,0
2026-08-14T04:25:02.804,4118076,13782,8.174,8.244,4.0917,4.0875,5.2331,5.2646,21.388,86.9,9910,11400,115.9,0.0,30.8,36.1,charging,True,True,False,False,False,False,0,5776,32898,0,1024,0
2026-08-14T04:25:03.302,4118076,13782,8.174,8.244,4.0917,4.0875,5.2331,5.2646,21.388,86.9,9910,11400,115.9,0.0,30.8,36.1,charging,True,True,False,False,False,False,0,5776,32898,0,1024,0
2026-08-14T04:25:03.801,4119076,13783,8.174,8.244,4.0914,4.0866,5.2406,5.2596,21.416,86.9,9911,11400,115.9,0.0,30.8,36.1,charging,True,True,False,False,False,False,0,5776,32898,0,1024,0
2026-08-14T04:25:04.300,4119076,13783,8.174,8.244,4.0914,4.0866,5.2406,5.2596,21.416,86.9,9911,11400,115.9,0.0,30.8,36.1,charging,True,True,False,False,False,False,0,5776,32898,0,1024,0
2026-08-14T04:25:04.798,4120076,13784,8.174,8.244,4.0921,4.0866,5.225,5.2565,21.352,86.9,9912,11400,115.9,0.0,30.8,36.0,charging,True,True,False,False,False,False,0,5776,32898,0,1024,0
2026-08-14T04:25:05.297,4120076,13784,8.174,8.244,4.0921,4.0866,5.225,5.2565,21.352,86.9,9912,11400,115.9,0.0,30.8,36.0,charging,True,True,False,False,False,False,0,5776,32898,0,1024,0
2026-08-14T04:25:05.795,4121076,13785,8.174,8.244,4.0932,4.0858,5.2371,5.2546,21.396,86.9,9913,11400,115.9,0.0,30.8,36.2,charging,True,True,False,False,False,False,0,5776,32898,0,1024,0
2026-08-14T04:25:06.294,4121076,13785,8.174,8.244,4.0932,4.0858,5.2371,5.2546,21.396,86.9,9913,11400,115.9,0.0,30.8,36.2,charging,True,True,False,False,False,False,0,5776,32898,0,1024,0
2026-08-14T04:25:06.793,4122076,13786,8.174,8.244,4.0925,4.0875,5.2275,5.25,21.366,86.9,9914,11400,115.9,0.0,30.8,36.1,charging,True,True,False,False,False,False,0,5776,32898,0,1024,0
2026-08-14T04:25:07.291,4122076,13786,8.174,8.244,4.0925,4.0875,5.2275,5.25,21.366,86.9,9914,11400,115.9,0.0,30.8,36.1,charging,True,True,False,False,False,False,0,5776,32898,0,1024,0
2026-08-14T04:25:07.790,4123076,13787,8.174,8.244,4.0928,4.0866,5.1981,5.2456,21.241,86.9,9916,11400,115.9,0.0,30.8,36.1,charging,True,True,False,False,False,False,0,5776,32898,0,1024,0
2026-08-14T04:25:08.288,4123076,13787,8.174,8.244,4.0928,4.0866,5.1981,5.2456,21.241,86.9,9916,11400,115.9,0.0,30.8,36.1,charging,True,True,False,False,False,False,0,5776,32898,0,1024,0
2026-08-14T04:25:08.787,4124076,13788,8.174,8.244,4.0916,4.0866,5.2278,5.244,21.363,86.9,9917,11400,115.9,0.0,30.8,36.1,charging,True,True,False,False,False,False,0,5776,32898,0,1024,0
2026-08-14T04:25:09.286,4124076,13788,8.174,8.244,4.0916,4.0866,5.2278,5.244,21.363,86.9,9917,11400,115.9,0.0,30.8,36.1,charging,True,True,False,False,False,False,0,5776,32898,0,1024,0
2026-08-14T04:25:09.784,4125076,13789,8.174,8.244,4.0912,4.0877,5.2293,5.2409,21.374,86.9,9918,11400,115.9,0.0,30.8,36.0,charging,True,True,False,False,False,False,0,5776,32898,0,1024,0
2026-08-14T04:25:10.283,4125076,13789,8.174,8.244,4.0912,4.0877,5.2293,5.2409,21.374,86.9,9918,11400,115.9,0.0,30.8,36.0,charging,True,True,False,False,False,False,0,5776,32898,0,1024,0
2026-08-14T04:25:10.783,4126076,13790,8.1762,8.2468,4.0931,4.0877,5.2378,5.2368,21.409,87.0,9920,11400,115.9,0.0,30.8,36.3,charging,True,True,False,False,False,False,0,5776,32898,0,1024,0
2026-08-14T04:25:11.280,4126076,13790,8.1762,8.2468,4.0931,4.0877,5.2378,5.2368,21.409,87.0,9920,11400,115.9,0.0,30.8,36.3,charging,True,True,False,False,False,False,0,5776,32898,0,1024,0
2026-08-14T04:25:11.779,4127076,13791,8.1762,8.2468,4.0908,4.0866,5.229,5.2359,21.368,87.0,9920,11400,115.9,0.0,30.8,36.0,charging,True,True,False,False,False,False,0,5760,32898,0,1024,0
2026-08-14T04:25:12.278,4127076,13791,8.1762,8.2468,4.0908,4.0866,5.229,5.2359,21.368,87.0,9920,11400,115.9,0.0,30.8,36.0,charging,True,True,False,False,False,False,0,5760,32898,0,1024,0
2026-08-14T04:25:12.777,4128076,13792,8.1762,8.2468,4.0921,4.0866,5.209,5.2321,21.286,87.0,9922,11400,115.9,0.0,30.7,35.9,charging,True,True,False,False,False,False,0,5760,32898,0,1024,0
2026-08-14T04:25:13.275,4128076,13792,8.1762,8.2468,4.0921,4.0866,5.209,5.2321,21.286,87.0,9922,11400,115.9,0.0,30.7,35.9,charging,True,True,False,False,False,False,0,5760,32898,0,1024,0
2026-08-14T04:25:13.774,4129076,13793,8.1762,8.2468,4.0907,4.086,5.2112,5.2293,21.292,87.0,9923,11400,115.9,0.0,30.7,35.9,charging,True,True,False,False,False,False,0,5760,32898,0,1024,0
2026-08-14T04:25:14.272,4129076,13793,8.1762,8.2468,4.0907,4.086,5.2112,5.2293,21.292,87.0,9923,11400,115.9,0.0,30.7,35.9,charging,True,True,False,False,False,False,0,5760,32898,0,1024,0
2026-08-14T04:25:14.771,4130076,13794,8.1762,8.2468,4.0925,4.0884,5.2046,5.225,21.278,87.0,9924,11400,115.9,0.0,30.8,35.9,charging,True,True,False,False,False,False,0,5760,32898,0,1024,0
2026-08-14T04:25:15.270,4130076,13794,8.1762,8.2468,4.0925,4.0884,5.2046,5.225,21.278,87.0,9924,11400,115.9,0.0,30.8,35.9,charging,True,True,False,False,False,False,0,5760,32898,0,1024,0
2026-08-14T04:25:15.769,4131076,13795,8.1762,8.2468,4.0927,4.0878,5.2131,5.2221,21.308,87.0,9925,11400,115.9,0.0,30.7,36.1,charging,True,True,False,False,False,False,0,5760,32898,0,1024,0
2026-08-14T04:25:16.267,4131076,13795,8.1762,8.2468,4.0927,4.0878,5.2131,5.2221,21.308,87.0,9925,11400,115.9,0.0,30.7,36.1,charging,True,True,False,False,False,False,0,5760,32898,0,1024,0
2026-08-14T04:25:16.766,4132076,13796,8.1762,8.2468,4.0931,4.0864,5.1971,5.22,21.236,87.0,9926,11400,115.9,0.0,30.7,36.0,charging,True,True,False,False,False,False,0,5760,32898,0,1024,0
2026-08-14T04:25:17.264,4132076,13796,8.1762,8.2468,4.0931,4.0864,5.1971,5.22,21.236,87.0,9926,11400,115.9,0.0,30.7,36.0,charging,True,True,False,False,False,False,0,5760,32898,0,1024,0
2026-08-14T04:25:17.763,4133076,13797,8.1762,8.2468,4.0934,4.0867,5.2031,5.2178,21.262,87.0,9928,11400,115.9,0.0,30.7,36.1,charging,True,True,False,False,False,False,0,5760,32898,0,1024,0
2026-08-14T04:25:18.262,4133076,13797,8.1762,8.2468,4.0934,4.0867,5.2031,5.2178,21.262,87.0,9928,11400,115.9,0.0,30.7,36.1,charging,True,True,False,False,False,False,0,5760,32898,0,1024,0
2026-08-14T04:25:18.760,4134076,13798,8.1762,8.2468,4.0923,4.0884,5.1909,5.2143,21.222,87.0,9929,11400,115.9,0.0,30.7,35.8,charging,True,True,False,False,False,False,0,5760,32898,0,1024,0
2026-08-14T04:25:19.259,4134076,13798,8.1762,8.2468,4.0923,4.0884,5.1909,5.2143,21.222,87.0,9929,11400,115.9,0.0,30.7,35.8,charging,True,True,False,False,False,False,0,5760,32898,0,1024,0
2026-08-14T04:25:19.760,4135076,13799,8.1762,8.2468,4.0927,4.0882,5.1984,5.2115,21.251,87.1,9930,11400,115.9,0.0,30.7,35.7,charging,True,True,False,False,False,False,0,5760,32898,0,1024,0
2026-08-14T04:25:20.256,4135076,13799,8.1762,8.2468,4.0927,4.0882,5.1984,5.2115,21.251,87.1,9930,11400,115.9,0.0,30.7,35.7,charging,True,True,False,False,False,False,0,5760,32898,0,1024,0
2026-08-14T04:25:20.755,4136076,13800,8.1762,8.2468,4.0938,4.0862,5.1871,5.2087,21.195,87.1,9931,11400,115.9,0.0,30.7,35.9,charging,True,True,False,False,False,False,0,5760,32898,0,1024,0
2026-08-14T04:25:21.254,4136076,13800,8.1762,8.2468,4.0938,4.0862,5.1871,5.2087,21.195,87.1,9931,11400,115.9,0.0,30.7,35.9,charging,True,True,False,False,False,False,0,5760,32898,0,1024,0
2026-08-14T04:25:21.753,4137076,13801,8.1762,8.2468,4.0931,4.0864,5.1928,5.2053,21.219,87.1,9933,11400,115.9,0.0,30.7,35.9,charging,True,True,False,False,False,False,0,5760,32898,0,1024,0
2026-08-14T04:25:22.251,4137076,13801,8.1762,8.2468,4.0931,4.0864,5.1928,5.2053,21.219,87.1,9933,11400,115.9,0.0,30.7,35.9,charging,True,True,False,False,False,False,0,5760,32898,0,1024,0
2026-08-14T04:25:22.750,4138076,13802,8.1762,8.2468,4.0939,4.0866,5.1668,5.2018,21.113,87.1,9934,11400,115.9,0.0,30.7,36.1,charging,True,True,False,False,False,False,0,5760,32898,0,1024,0
2026-08-14T04:25:23.249,4138076,13802,8.1762,8.2468,4.0939,4.0866,5.1668,5.2018,21.113,87.1,9934,11400,115.9,0.0,30.7,36.1,charging,True,True,False,False,False,False,0,5760,32898,0,1024,0
2026-08-14T04:25:23.747,4139076,13803,8.1762,8.2468,4.0931,4.086,5.18,5.2,21.164,87.1,9935,11400,115.9,0.0,30.7,35.9,charging,True,True,False,False,False,False,0,5760,32898,0,1024,0
2026-08-14T04:25:24.246,4139076,13803,8.1762,8.2468,4.0931,4.086,5.18,5.2,21.164,87.1,9935,11400,115.9,0.0,30.7,35.9,charging,True,True,False,False,False,False,0,5760,32898,0,1024,0
2026-08-14T04:25:24.745,4140076,13804,8.1762,8.2468,4.0932,4.0862,5.1831,5.1962,21.179,87.1,9936,11400,115.9,0.0,30.7,35.7,charging,True,True,False,False,False,False,0,5748,32898,0,1024,0
2026-08-14T04:25:25.244,4140076,13804,8.1762,8.2468,4.0932,4.0862,5.1831,5.1962,21.179,87.1,9936,11400,115.9,0.0,30.7,35.7,charging,True,True,False,False,False,False,0,5748,32898,0,1024,0
2026-08-14T04:25:25.742,4141076,13805,8.1762,8.2468,4.0931,4.0869,5.1781,5.1943,21.161,87.1,9937,11400,115.9,0.0,30.7,36.0,charging,True,True,False,False,False,False,0,5748,32898,0,1024,0
2026-08-14T04:25:26.241,4141076,13805,8.1762,8.2468,4.0931,4.0869,5.1781,5.1943,21.161,87.1,9937,11400,115.9,0.0,30.7,36.0,charging,True,True,False,False,False,False,0,5748,32898,0,1024,0
2026-08-14T04:25:26.740,4142076,13806,8.1762,8.2468,4.0908,4.0871,5.2043,5.1925,21.27,87.1,9939,11400,115.9,0.0,30.7,35.9,charging,True,True,False,False,False,False,0,5748,32898,0,1024,0
2026-08-14T04:25:27.239,4142076,13806,8.1762,8.2468,4.0908,4.0871,5.2043,5.1925,21.27,87.1,9939,11400,115.9,0.0,30.7,35.9,charging,True,True,False,False,False,False,0,5748,32898,0,1024,0
2026-08-14T04:25:27.737,4143076,13807,8.1762,8.2468,4.0947,4.0892,5.1903,5.1909,21.224,87.1,9940,11400,115.9,0.0,30.7,36.0,charging,True,True,False,False,False,False,0,5748,32898,0,1024,0
2026-08-14T04:25:28.236,4143076,13807,8.1762,8.2468,4.0947,4.0892,5.1903,5.1909,21.224,87.1,9940,11400,115.9,0.0,30.7,36.0,charging,True,True,False,False,False,False,0,5748,32898,0,1024,0
2026-08-14T04:25:28.736,4144076,13808,8.1762,8.2468,4.0943,4.0881,5.1737,5.1875,21.15,87.2,9941,11400,115.9,0.0,30.7,36.2,charging,True,True,False,False,False,False,0,5748,32898,0,1024,0
2026-08-14T04:25:29.233,4144076,13808,8.1762,8.2468,4.0943,4.0881,5.1737,5.1875,21.15,87.2,9941,11400,115.9,0.0,30.7,36.2,charging,True,True,False,False,False,False,0,5748,32898,0,1024,0
2026-08-14T04:25:29.732,4145076,13809,8.1762,8.2468,4.0934,4.0881,5.1715,5.1846,21.14,87.2,9942,11400,115.9,0.0,30.7,35.9,charging,True,True,False,False,False,False,0,5748,32898,0,1024,0
2026-08-14T04:25:30.230,4145076,13809,8.1762,8.2468,4.0934,4.0881,5.1715,5.1846,21.14,87.2,9942,11400,115.9,0.0,30.7,35.9,charging,True,True,False,False,False,False,0,5748,32898,0,1024,0
2026-08-14T04:25:30.729,4146076,13810,8.1762,8.2468,4.0923,4.0871,5.1725,5.1828,21.14,87.2,9943,11400,115.9,0.0,30.7,35.9,charging,True,True,False,False,False,False,0,5748,32898,0,1024,0
2026-08-14T04:25:31.227,4146076,13810,8.1762,8.2468,4.0923,4.0871,5.1725,5.1828,21.14,87.2,9943,11400,115.9,0.0,30.7,35.9,charging,True,True,False,False,False,False,0,5748,32898,0,1024,0
2026-08-14T04:25:31.726,4147076,13811,8.1762,8.2468,4.0928,4.0889,5.1781,5.1815,21.172,87.2,9944,11400,115.9,0.0,30.7,35.9,charging,True,True,False,False,False,False,0,5748,32898,0,1024,0
2026-08-14T04:25:32.225,4147076,13811,8.1762,8.2468,4.0928,4.0889,5.1781,5.1815,21.172,87.2,9944,11400,115.9,0.0,30.7,35.9,charging,True,True,False,False,False,False,0,5748,32898,0,1024,0
2026-08-14T04:25:32.724,4148076,13812,8.1762,8.2468,4.0932,4.0877,5.1815,5.179,21.179,87.2,9946,11400,115.9,0.0,30.7,35.9,charging,True,True,False,False,False,False,0,5748,32898,0,1024,0
2026-08-14T04:25:33.222,4148076,13812,8.1762,8.2468,4.0932,4.0877,5.1815,5.179,21.179,87.2,9946,11400,115.9,0.0,30.7,35.9,charging,True,True,False,False,False,False,0,5748,32898,0,1024,0
2026-08-14T04:25:33.721,4149076,13813,8.1853,8.2468,4.0943,4.0877,5.1462,5.174,21.035,87.2,9947,11400,115.9,0.0,30.7,35.8,charging,True,True,False,False,False,False,0,5748,32898,0,1024,0
2026-08-14T04:25:34.220,4149076,13813,8.1853,8.2468,4.0943,4.0877,5.1462,5.174,21.035,87.2,9947,11400,115.9,0.0,30.7,35.8,charging,True,True,False,False,False,False,0,5748,32898,0,1024,0
2026-08-14T04:25:34.719,4150076,13814,8.1853,8.2468,4.0939,4.0871,5.1456,5.1718,21.03,87.2,9948,11400,115.9,0.0,30.7,35.8,charging,True,True,False,False,False,False,0,5748,32898,0,1024,0
2026-08-14T04:25:35.217,4150076,13814,8.1853,8.2468,4.0939,4.0871,5.1456,5.1718,21.03,87.2,9948,11400,115.9,0.0,30.7,35.8,charging,True,True,False,False,False,False,0,5748,32898,0,1024,0
2026-08-14T04:25:35.716,4151076,13815,8.1853,8.2468,4.0936,4.0871,5.1409,5.1675,21.011,87.2,9950,11400,115.9,0.0,30.7,35.8,charging,True,True,False,False,False,False,0,5748,32898,0,1024,0
2026-08-14T04:25:36.215,4151076,13815,8.1853,8.2468,4.0936,4.0871,5.1409,5.1675,21.011,87.2,9950,11400,115.9,0.0,30.7,35.8,charging,True,True,False,False,False,False,0,5748,32898,0,1024,0
2026-08-14T04:25:36.713,4152076,13816,8.1853,8.2468,4.0939,4.0877,5.1578,5.1653,21.083,87.2,9951,11400,115.9,0.0,30.7,35.7,charging,True,True,False,False,False,False,0,5748,32898,0,1024,0
2026-08-14T04:25:37.212,4152076,13816,8.1853,8.2468,4.0939,4.0877,5.1578,5.1653,21.083,87.2,9951,11400,115.9,0.0,30.7,35.7,charging,True,True,False,False,False,False,0,5748,32898,0,1024,0
2026-08-14T04:25:37.711,4153076,13817,8.1853,8.2468,4.0945,4.0873,5.1315,5.1618,20.974,87.2,9952,11400,115.9,0.0,30.7,35.8,charging,True,True,False,False,False,False,0,5731,32898,0,1024,0
2026-08-14T04:25:38.210,4153076,13817,8.1853,8.2468,4.0945,4.0873,5.1315,5.1618,20.974,87.2,9952,11400,115.9,0.0,30.7,35.8,charging,True,True,False,False,False,False,0,5731,32898,0,1024,0
2026-08-14T04:25:38.710,4154076,13818,8.1853,8.2468,4.0953,4.0878,5.1628,5.1587,21.104,87.3,9953,11400,115.9,0.0,30.7,35.6,charging,True,True,False,False,False,False,0,5731,32898,0,1024,0
2026-08-14T04:25:39.207,4154076,13818,8.1853,8.2468,4.0953,4.0878,5.1628,5.1587,21.104,87.3,9953,11400,115.9,0.0,30.7,35.6,charging,True,True,False,False,False,False,0,5731,32898,0,1024,0
2026-08-14T04:25:39.705,4155076,13819,8.1853,8.2468,4.0923,4.0886,5.1178,5.1559,20.923,87.3,9954,11400,115.9,0.0,30.7,35.8,charging,True,True,False,False,False,False,0,5731,32898,0,1024,0
2026-08-14T04:25:40.204,4155076,13819,8.1853,8.2468,4.0923,4.0886,5.1178,5.1559,20.923,87.3,9954,11400,115.9,0.0,30.7,35.8,charging,True,True,False,False,False,False,0,5731,32898,0,1024,0
2026-08-14T04:25:40.703,4156076,13820,8.1853,8.2468,4.0953,4.0881,5.1415,5.1543,21.019,87.3,9955,11400,115.9,0.0,30.7,35.9,charging,True,True,False,False,False,False,0,5731,32898,0,1024,0
2026-08-14T04:25:41.202,4156076,13820,8.1853,8.2468,4.0953,4.0881,5.1415,5.1543,21.019,87.3,9955,11400,115.9,0.0,30.7,35.9,charging,True,True,False,False,False,False,0,5731,32898,0,1024,0
2026-08-14T04:25:41.700,4157076,13821,8.1853,8.2468,4.0951,4.0889,5.1271,5.1506,20.963,87.3,9957,11400,115.9,0.0,30.7,35.8,charging,True,True,False,False,False,False,0,5731,32898,0,1024,0
2026-08-14T04:25:42.199,4157076,13821,8.1853,8.2468,4.0951,4.0889,5.1271,5.1506,20.963,87.3,9957,11400,115.9,0.0,30.7,35.8,charging,True,True,False,False,False,False,0,5731,32898,0,1024,0
2026-08-14T04:25:42.698,4158076,13822,8.1853,8.2468,4.0942,4.0878,5.1237,5.1471,20.944,87.3,9958,11400,115.9,0.0,30.6,35.6,charging,True,True,False,False,False,False,0,5731,32898,0,1024,0
2026-08-14T04:25:43.196,4158076,13822,8.1853,8.2468,4.0942,4.0878,5.1237,5.1471,20.944,87.3,9958,11400,115.9,0.0,30.6,35.6,charging,True,True,False,False,False,False,0,5731,32898,0,1024,0
2026-08-14T04:25:43.695,4159076,13823,8.1853,8.2468,4.0947,4.0871,5.1228,5.1434,20.937,87.3,9959,11400,115.9,0.0,30.6,35.8,charging,True,True,False,False,False,False,0,5731,32898,0,1024,0
2026-08-14T04:25:44.193,4159076,13823,8.1853,8.2468,4.0947,4.0871,5.1228,5.1434,20.937,87.3,9959,11400,115.9,0.0,30.6,35.8,charging,True,True,False,False,False,False,0,5731,32898,0,1024,0
2026-08-14T04:25:44.692,4160076,13824,8.1853,8.2468,4.0945,4.0882,5.149,5.1434,21.049,87.3,9960,11400,115.9,0.0,30.6,35.8,charging,True,True,False,False,False,False,0,5731,32898,0,1024,0
2026-08-14T04:25:45.191,4160076,13824,8.1853,8.2468,4.0945,4.0882,5.149,5.1434,21.049,87.3,9960,11400,115.9,0.0,30.6,35.8,charging,True,True,False,False,False,False,0,5731,32898,0,1024,0
2026-08-14T04:25:45.690,4161076,13825,8.1853,8.2468,4.0945,4.0882,5.1106,5.139,20.892,87.3,9961,11400,115.9,0.0,30.6,35.6,charging,True,True,False,False,False,False,0,5731,32898,0,1024,0
2026-08-14T04:25:46.188,4161076,13825,8.1853,8.2468,4.0945,4.0882,5.1106,5.139,20.892,87.3,9961,11400,115.9,0.0,30.6,35.6,charging,True,True,False,False,False,False,0,5731,32898,0,1024,0
2026-08-14T04:25:46.687,4162076,13826,8.1853,8.2468,4.0945,4.0897,5.1096,5.1362,20.896,87.3,9962,11400,115.9,0.0,30.6,35.7,charging,True,True,False,False,False,False,0,5731,32898,0,1024,0
2026-08-14T04:25:47.186,4162076,13826,8.1853,8.2468,4.0945,4.0897,5.1096,5.1362,20.896,87.3,9962,11400,115.9,0.0,30.6,35.7,charging,True,True,False,False,False,False,0,5731,32898,0,1024,0
2026-08-14T04:25:47.685,4163076,13827,8.1853,8.2468,4.0951,4.0878,5.144,5.1356,21.027,87.4,9964,11400,115.9,0.0,30.6,35.7,charging,True,True,False,False,False,False,0,5731,32898,0,1024,0
2026-08-14T04:25:48.183,4163076,13827,8.1853,8.2468,4.0951,4.0878,5.144,5.1356,21.027,87.4,9964,11400,115.9,0.0,30.6,35.7,charging,True,True,False,False,False,False,0,5731,32898,0,1024,0
2026-08-14T04:25:48.682,4164076,13828,8.1853,8.2468,4.0951,4.0899,5.1059,5.1315,20.881,87.4,9965,11400,115.9,0.0,30.6,35.8,charging,True,True,False,False,False,False,0,5731,32898,0,1024,0
2026-08-14T04:25:49.180,4164076,13828,8.1853,8.2468,4.0951,4.0899,5.1059,5.1315,20.881,87.4,9965,11400,115.9,0.0,30.6,35.8,charging,True,True,False,False,False,False,0,5731,32898,0,1024,0
2026-08-14T04:25:49.679,4165076,13829,8.1853,8.2468,4.0936,4.0884,5.139,5.13,21.009,87.4,9966,11400,115.9,0.0,30.6,35.8,charging,True,True,False,False,False,False,0,5720,32898,0,1024,0
2026-08-14T04:25:50.177,4165076,13829,8.1853,8.2468,4.0936,4.0884,5.139,5.13,21.009,87.4,9966,11400,115.9,0.0,30.6,35.8,charging,True,True,False,False,False,False,0,5720,32898,0,1024,0
2026-08-14T04:25:50.676,4166076,13830,8.1853,8.2468,4.0934,4.0882,5.0931,5.1271,20.82,87.4,9967,11400,115.9,0.0,30.5,35.9,charging,True,True,False,False,False,False,0,5720,32898,0,1024,0
2026-08-14T04:25:51.175,4166076,13830,8.1853,8.2468,4.0934,4.0882,5.0931,5.1271,20.82,87.4,9967,11400,115.9,0.0,30.5,35.9,charging,True,True,False,False,False,False,0,5720,32898,0,1024,0
2026-08-14T04:25:51.673,4167076,13831,8.1853,8.2468,4.0951,4.0889,5.0993,5.1228,20.849,87.4,9968,11400,115.9,0.0,30.5,35.8,charging,True,True,False,False,False,False,0,5720,32898,0,1024,0
2026-08-14T04:25:52.172,4167076,13831,8.1853,8.2468,4.0951,4.0889,5.0993,5.1228,20.849,87.4,9968,11400,115.9,0.0,30.5,35.8,charging,True,True,False,False,False,False,0,5720,32898,0,1024,0
2026-08-14T04:25:52.671,4168076,13832,8.1853,8.2468,4.0957,4.0892,5.0993,5.1181,20.851,87.4,9970,11400,115.9,0.0,30.5,35.6,charging,True,True,False,False,False,False,0,5720,32898,0,1024,0
2026-08-14T04:25:53.169,4168076,13832,8.1853,8.2468,4.0957,4.0892,5.0993,5.1181,20.851,87.4,9970,11400,115.9,0.0,30.5,35.6,charging,True,True,False,False,False,False,0,5720,32898,0,1024,0
2026-08-14T04:25:53.668,4169076,13833,8.1853,8.2468,4.0943,4.0889,5.1156,5.1156,20.916,87.4,9971,11400,115.9,0.0,30.6,35.8,charging,True,True,False,False,False,False,0,5720,32898,0,1024,0
2026-08-14T04:25:54.167,4169076,13833,8.1853,8.2468,4.0943,4.0889,5.1156,5.1156,20.916,87.4,9971,11400,115.9,0.0,30.6,35.8,charging,True,True,False,False,False,False,0,5720,32898,0,1024,0
2026-08-14T04:25:54.665,4170076,13834,8.1853,8.2468,4.0945,4.0892,5.1046,5.1137,20.873,87.4,9972,11400,115.9,0.0,30.5,35.7,charging,True,True,False,False,False,False,0,5720,32898,0,1024,0
2026-08-14T04:25:55.164,4170076,13834,8.1853,8.2468,4.0945,4.0892,5.1046,5.1137,20.873,87.4,9972,11400,115.9,0.0,30.5,35.7,charging,True,True,False,False,False,False,0,5720,32898,0,1024,0
2026-08-14T04:25:55.663,4171076,13835,8.1815,8.255,4.0949,4.0892,5.0928,5.1106,20.825,87.4,9973,11400,115.9,0.0,30.5,35.5,charging,True,True,False,False,False,False,0,5720,32898,0,1024,0
2026-08-14T04:25:56.161,4171076,13835,8.1815,8.255,4.0949,4.0892,5.0928,5.1106,20.825,87.4,9973,11400,115.9,0.0,30.5,35.5,charging,True,True,False,False,False,False,0,5720,32898,0,1024,0
2026-08-14T04:25:56.660,4172076,13836,8.1815,8.255,4.0945,4.0889,5.1015,5.1103,20.859,87.4,9974,11400,115.9,0.0,30.5,35.6,charging,True,True,False,False,False,False,0,5720,32898,0,1024,0
2026-08-14T04:25:57.159,4172076,13836,8.1815,8.255,4.0945,4.0889,5.1015,5.1103,20.859,87.4,9974,11400,115.9,0.0,30.5,35.6,charging,True,True,False,False,False,False,0,5720,32898,0,1024,0
2026-08-14T04:25:57.658,4173076,13837,8.1815,8.255,4.0962,4.0893,5.089,5.1075,20.878,87.5,9975,11400,115.9,0.0,30.5,35.7,charging,True,True,False,False,False,False,0,5720,32898,0,1024,0
2026-08-14T04:25:58.156,4173076,13837,8.1815,8.255,4.0962,4.0893,5.089,5.1075,20.878,87.5,9975,11400,115.9,0.0,30.5,35.7,charging,True,True,False,False,False,False,0,5720,32898,0,1024,0
2026-08-14T04:25:58.654,4174076,13838,8.1815,8.255,4.0958,4.0884,5.0865,5.1037,20.795,87.5,9977,11400,115.9,0.0,30.5,35.6,charging,True,True,False,False,False,False,0,5720,32898,0,1024,0
2026-08-14T04:25:59.153,4174076,13838,8.1815,8.255,4.0958,4.0884,5.0865,5.1037,20.795,87.5,9977,11400,115.9,0.0,30.5,35.6,charging,True,True,False,False,False,False,0,5720,32898,0,1024,0
2026-08-14T04:25:59.651,4175076,13839,8.1815,8.255,4.0969,4.0895,5.085,5.0987,20.795,87.5,9978,11400,115.9,0.0,30.5,35.5,charging,True,True,False,False,False,False,0,5720,32898,0,1024,0
2026-08-14T04:26:00.149,4175076,13839,8.1815,8.255,4.0969,4.0895,5.085,5.0987,20.795,87.5,9978,11400,115.9,0.0,30.5,35.5,charging,True,True,False,False,False,False,0,5720,32898,0,1024,0
2026-08-14T04:26:00.648,4176076,13840,8.1815,8.255,4.0949,4.0907,5.075,5.0959,20.758,87.5,9979,11400,115.9,0.0,30.5,35.5,charging,True,True,False,False,False,False,0,5720,32898,0,1024,0
2026-08-14T04:26:01.147,4176076,13840,8.1815,8.255,4.0949,4.0907,5.075,5.0959,20.758,87.5,9979,11400,115.9,0.0,30.5,35.5,charging,True,True,False,False,False,False,0,5720,32898,0,1024,0
2026-08-14T04:26:01.645,4177076,13841,8.1815,8.255,4.096,4.0895,5.0903,5.095,20.816,87.5,9980,11400,115.9,0.0,30.5,35.5,charging,True,True,False,False,False,False,0,5720,32898,0,1024,0
2026-08-14T04:26:02.144,4177076,13841,8.1815,8.255,4.096,4.0895,5.0903,5.095,20.816,87.5,9980,11400,115.9,0.0,30.5,35.5,charging,True,True,False,False,False,False,0,5720,32898,0,1024,0
2026-08-14T04:26:02.643,4178076,13842,8.1815,8.255,4.0962,4.0888,5.069,5.0915,20.724,87.5,9981,11400,115.9,0.0,30.5,35.5,charging,True,True,False,False,False,False,0,5720,32898,0,1024,0
2026-08-14T04:26:03.141,4178076,13842,8.1815,8.255,4.0962,4.0888,5.069,5.0915,20.724,87.5,9981,11400,115.9,0.0,30.5,35.5,charging,True,True,False,False,False,False,0,5720,32898,0,1024,0
2026-08-14T04:26:03.640,4179076,13843,8.1815,8.255,4.0947,4.0893,5.0437,5.0912,20.625,87.5,9982,11400,115.9,0.0,30.5,35.6,charging,True,True,False,False,False,False,0,5703,32898,0,1024,0
2026-08-14T04:26:04.138,4179076,13843,8.1815,8.255,4.0947,4.0893,5.0437,5.0912,20.625,87.5,9982,11400,115.9,0.0,30.5,35.6,charging,True,True,False,False,False,False,0,5703,32898,0,1024,0
2026-08-14T04:26:04.637,4180076,13844,8.1815,8.255,4.0954,4.0889,5.0668,5.0859,20.716,87.5,9984,11400,115.9,0.0,30.5,35.6,charging,True,True,False,False,False,False,0,5703,32898,0,1024,0
2026-08-14T04:26:05.136,4180076,13844,8.1815,8.255,4.0954,4.0889,5.0668,5.0859,20.716,87.5,9984,11400,115.9,0.0,30.5,35.6,charging,True,True,False,False,False,False,0,5703,32898,0,1024,0
2026-08-14T04:26:05.634,4181076,13845,8.1815,8.255,4.0957,4.0908,5.0843,5.084,20.798,87.5,9985,11400,115.9,0.0,30.5,35.5,charging,True,True,False,False,False,False,0,5703,32898,0,1024,0
2026-08-14T04:26:06.133,4181076,13845,8.1815,8.255,4.0957,4.0908,5.0843,5.084,20.798,87.5,9985,11400,115.9,0.0,30.5,35.5,charging,True,True,False,False,False,False,0,5703,32898,0,1024,0
2026-08-14T04:26:06.632,4182076,13846,8.1815,8.255,4.0964,4.0914,5.074,5.0821,20.76,87.5,9986,11400,115.9,0.0,30.5,35.5,charging,True,True,False,False,False,False,0,5703,32898,0,1024,0
2026-08-14T04:26:07.130,4182076,13846,8.1815,8.255,4.0964,4.0914,5.074,5.0821,20.76,87.5,9986,11400,115.9,0.0,30.5,35.5,charging,True,True,False,False,False,False,0,5703,32898,0,1024,0
2026-08-14T04:26:07.630,4183076,13847,8.1815,8.255,4.0962,4.091,5.0525,5.0778,20.668,87.6,9987,11400,115.9,0.0,30.4,35.5,charging,True,True,False,False,False,False,0,5703,32898,0,1024,0
2026-08-14T04:26:08.127,4183076,13847,8.1815,8.255,4.0962,4.091,5.0525,5.0778,20.668,87.6,9987,11400,115.9,0.0,30.4,35.5,charging,True,True,False,False,False,False,0,5703,32898,0,1024,0
2026-08-14T04:26:08.625,4184076,13848,8.1815,8.255,4.0958,4.0892,5.0768,5.0771,20.76,87.6,9988,11400,115.9,0.0,30.4,35.5,charging,True,True,False,False,False,False,0,5703,32898,0,1024,0
2026-08-14T04:26:09.124,4184076,13848,8.1815,8.255,4.0958,4.0892,5.0768,5.0771,20.76,87.6,9988,11400,115.9,0.0,30.4,35.5,charging,True,True,False,False,False,False,0,5703,32898,0,1024,0
2026-08-14T04:26:09.623,4185076,13849,8.1815,8.255,4.0967,4.0904,5.0587,5.0728,20.691,87.6,9990,11400,115.9,0.0,30.4,35.4,charging,True,True,False,False,False,False,0,5703,32898,0,1024,0
2026-08-14T04:26:10.121,4185076,13849,8.1815,8.255,4.0967,4.0904,5.0587,5.0728,20.691,87.6,9990,11400,115.9,0.0,30.4,35.4,charging,True,True,False,False,False,False,0,5703,32898,0,1024,0
2026-08-14T04:26:10.621,4186076,13850,8.1815,8.255,4.0964,4.0897,5.0496,5.0693,20.651,87.6,9991,11400,115.9,0.0,30.4,35.5,charging,True,True,False,False,False,False,0,5703,32898,0,1024,0
2026-08-14T04:26:11.119,4186076,13850,8.1815,8.255,4.0964,4.0897,5.0496,5.0693,20.651,87.6,9991,11400,115.9,0.0,30.4,35.5,charging,True,True,False,False,False,False,0,5703,32898,0,1024,0
2026-08-14T04:26:11.618,4187076,13851,8.1815,8.255,4.0964,4.0908,5.0346,5.0671,20.595,87.6,9992,11400,115.9,0.0,30.4,35.5,charging,True,True,False,False,False,False,0,5703,32898,0,1024,0
2026-08-14T04:26:12.116,4187076,13851,8.1815,8.255,4.0964,4.0908,5.0346,5.0671,20.595,87.6,9992,11400,115.9,0.0,30.4,35.5,charging,True,True,False,False,False,False,0,5703,32898,0,1024,0
2026-08-14T04:26:12.614,4188076,13852,8.1815,8.255,4.0954,4.0897,5.0768,5.0646,20.761,87.6,9993,11400,115.9,0.0,30.4,35.3,charging,True,True,False,False,False,False,0,5703,32898,0,1024,0
2026-08-14T04:26:13.113,4188076,13852,8.1815,8.255,4.0954,4.0897,5.0768,5.0646,20.761,87.6,9993,11400,115.9,0.0,30.4,35.3,charging,True,True,False,False,False,False,0,5703,32898,0,1024,0
2026-08-14T04:26:13.611,4189076,13853,8.1815,8.255,4.0967,4.0897,5.0293,5.0612,20.568,87.6,9994,11400,115.9,0.0,30.4,35.4,charging,True,True,False,False,False,False,0,5703,32898,0,1024,0
2026-08-14T04:26:14.109,4189076,13853,8.1815,8.255,4.0967,4.0897,5.0293,5.0612,20.568,87.6,9994,11400,115.9,0.0,30.4,35.4,charging,True,True,False,False,False,False,0,5703,32898,0,1024,0
2026-08-14T04:26:14.608,4190076,13854,8.1815,8.255,4.0943,4.0904,5.045,5.0587,20.635,87.6,9995,11400,115.9,0.0,30.4,35.4,charging,True,True,False,False,False,False,0,5703,32898,0,1024,0
2026-08-14T04:26:15.106,4190076,13854,8.1815,8.255,4.0943,4.0904,5.045,5.0587,20.635,87.6,9995,11400,115.9,0.0,30.4,35.4,charging,True,True,False,False,False,False,0,5703,32898,0,1024,0
2026-08-14T04:26:15.604,4191076,13855,8.1815,8.255,4.0969,4.0927,5.0443,5.0571,20.644,87.6,9997,11400,115.9,0.0,30.4,35.4,charging,True,True,False,False,False,False,0,5703,32898,0,1024,0
2026-08-14T04:26:16.103,4191076,13855,8.1815,8.255,4.0969,4.0927,5.0443,5.0571,20.644,87.6,9997,11400,115.9,0.0,30.4,35.4,charging,True,True,False,False,False,False,0,5703,32898,0,1024,0
2026-08-14T04:26:16.602,4192076,13856,8.1815,8.255,4.0964,4.0932,5.0568,5.0556,20.699,87.6,9998,11400,115.9,0.0,30.4,35.4,charging,True,True,False,False,False,False,0,5692,32898,0,1024,0
2026-08-14T04:26:17.100,4192076,13856,8.1815,8.255,4.0964,4.0932,5.0568,5.0556,20.699,87.6,9998,11400,115.9,0.0,30.4,35.4,charging,True,True,False,False,False,False,0,5692,32898,0,1024,0
2026-08-14T04:26:17.600,4193076,13857,8.1868,8.2512,4.0964,4.0907,5.0318,5.0528,20.699,87.7,9999,11400,115.9,0.0,30.4,35.4,charging,True,True,False,False,False,False,0,5692,32898,0,1024,0
2026-08-14T04:26:18.098,4193076,13857,8.1868,8.2512,4.0964,4.0907,5.0318,5.0528,20.699,87.7,9999,11400,115.9,0.0,30.4,35.4,charging,True,True,False,False,False,False,0,5692,32898,0,1024,0
2026-08-14T04:26:18.596,4194076,13858,8.1868,8.2512,4.0958,4.0912,5.0075,5.0484,20.486,87.7,10000,11400,115.9,0.0,30.4,35.5,charging,True,True,False,False,False,False,0,5692,32898,0,1024,0
2026-08-14T04:26:19.095,4194076,13858,8.1868,8.2512,4.0958,4.0912,5.0075,5.0484,20.486,87.7,10000,11400,115.9,0.0,30.4,35.5,charging,True,True,False,False,False,False,0,5692,32898,0,1024,0
2026-08-14T04:26:19.594,4195076,13859,8.1868,8.2512,4.0971,4.0904,5.0159,5.0456,20.516,87.7,10001,11400,115.9,0.0,30.4,35.4,charging,True,True,False,False,False,False,0,5692,32898,0,1024,0
2026-08-14T04:26:20.092,4195076,13859,8.1868,8.2512,4.0971,4.0904,5.0159,5.0456,20.516,87.7,10001,11400,115.9,0.0,30.4,35.4,charging,True,True,False,False,False,False,0,5692,32898,0,1024,0
2026-08-14T04:26:20.591,4196076,13860,8.1868,8.2512,4.0957,4.0908,5.0278,5.0443,20.566,87.7,10002,11400,115.9,0.0,30.3,35.4,charging,True,True,False,False,False,False,0,5692,32898,0,1024,0
2026-08-14T04:26:21.089,4196076,13860,8.1868,8.2512,4.0957,4.0908,5.0278,5.0443,20.566,87.7,10002,11400,115.9,0.0,30.3,35.4,charging,True,True,False,False,False,False,0,5692,32898,0,1024,0
2026-08-14T04:26:21.588,4197076,13861,8.1868,8.2512,4.096,4.0916,5.0118,5.0409,20.505,87.7,10004,11400,115.9,0.0,30.3,35.4,charging,True,True,False,False,False,False,0,5692,32898,0,1024,0
2026-08-14T04:26:22.087,4197076,13861,8.1868,8.2512,4.096,4.0916,5.0118,5.0409,20.505,87.7,10004,11400,115.9,0.0,30.3,35.4,charging,True,True,False,False,False,False,0,5692,32898,0,1024,0
2026-08-14T04:26:22.585,4198076,13862,8.1868,8.2512,4.0964,4.0908,5.0146,5.0381,20.513,87.7,10005,11400,115.9,0.0,30.3,35.5,charging,True,True,False,False,False,False,0,5692,32898,0,1024,0
2026-08-14T04:26:23.084,4198076,13862,8.1868,8.2512,4.0964,4.0908,5.0146,5.0381,20.513,87.7,10005,11400,115.9,0.0,30.3,35.5,charging,True,True,False,False,False,False,0,5692,32898,0,1024,0
2026-08-14T04:26:23.583,4199076,13863,8.1868,8.2512,4.0971,4.0916,5.0325,5.0337,20.59,87.7,10006,11400,115.9,0.0,30.3,35.3,charging,True,True,False,False,False,False,0,5692,32898,0,1024,0
2026-08-14T04:26:24.081,4199076,13863,8.1868,8.2512,4.0971,4.0916,5.0325,5.0337,20.59,87.7,10006,11400,115.9,0.0,30.3,35.3,charging,True,True,False,False,False,False,0,5692,32898,0,1024,0
2026-08-14T04:26:24.580,4200076,13864,8.1868,8.2512,4.0957,4.0904,4.9912,5.0296,20.416,87.7,10007,11400,115.9,0.0,30.3,35.3,charging,True,True,False,False,False,False,0,5692,32898,0,1024,0
2026-08-14T04:26:25.079,4200076,13864,8.1868,8.2512,4.0957,4.0904,4.9912,5.0296,20.416,87.7,10007,11400,115.9,0.0,30.3,35.3,charging,True,True,False,False,False,False,0,5692,32898,0,1024,0
2026-08-14T04:26:25.577,4201076,13865,8.1868,8.2512,4.0975,4.0897,5.0018,5.03,20.456,87.7,10008,11400,115.9,0.0,30.3,35.4,charging,True,True,False,False,False,False,0,5692,32898,0,1024,0
2026-08-14T04:26:26.076,4201076,13865,8.1868,8.2512,4.0975,4.0897,5.0018,5.03,20.456,87.7,10008,11400,115.9,0.0,30.3,35.4,charging,True,True,False,False,False,False,0,5692,32898,0,1024,0
2026-08-14T04:26:26.575,4202076,13866,8.1868,8.2512,4.0971,4.0916,5.0256,5.0287,20.561,87.7,10009,11400,115.9,0.0,30.3,35.3,charging,True,True,False,False,False,False,0,5692,32898,0,1024,0
2026-08-14T04:26:27.073,4202076,13866,8.1868,8.2512,4.0971,4.0916,5.0256,5.0287,20.561,87.7,10009,11400,115.9,0.0,30.3,35.3,charging,True,True,False,False,False,False,0,5692,32898,0,1024,0
2026-08-14T04:26:27.573,4203076,13867,8.1868,8.2512,4.0967,4.0917,5.0087,5.025,20.492,87.8,10010,11400,115.9,0.0,30.3,35.3,charging,True,True,False,False,False,False,0,5692,32898,0,1024,0
2026-08-14T04:26:28.070,4203076,13867,8.1868,8.2512,4.0967,4.0917,5.0087,5.025,20.492,87.8,10010,11400,115.9,0.0,30.3,35.3,charging,True,True,False,False,False,False,0,5692,32898,0,1024,0
2026-08-14T04:26:28.569,4204076,13868,8.1868,8.2512,4.0962,4.0919,5.02,5.0231,20.54,87.8,10012,11400,115.9,0.0,30.3,35.3,charging,True,True,False,False,False,False,0,5692,32898,0,1024,0
2026-08-14T04:26:29.068,4204076,13868,8.1868,8.2512,4.0962,4.0919,5.02,5.0231,20.54,87.8,10012,11400,115.9,0.0,30.3,35.3,charging,True,True,False,False,False,False,0,5692,32898,0,1024,0
2026-08-14T04:26:29.566,4205076,13869,8.1868,8.2512,4.0962,4.091,4.9837,5.0206,20.387,87.8,10012,11400,115.9,0.0,30.3,35.2,charging,True,True,False,False,False,False,0,5692,32898,0,1024,0
2026-08-14T04:26:30.065,4205076,13869,8.1868,8.2512,4.0962,4.091,4.9837,5.0206,20.387,87.8,10012,11400,115.9,0.0,30.3,35.2,charging,True,True,False,False,False,False,0,5692,32898,0,1024,0
2026-08-14T04:26:30.563,4206076,13870,8.1868,8.2512,4.0967,4.0928,5.0031,5.0175,20.476,87.8,10014,11400,115.9,0.0,30.3,35.3,charging,True,True,False,False,False,False,0,5675,32898,0,1024,0
2026-08-14T04:26:31.062,4206076,13870,8.1868,8.2512,4.0967,4.0928,5.0031,5.0175,20.476,87.8,10014,11400,115.9,0.0,30.3,35.3,charging,True,True,False,False,False,False,0,5675,32898,0,1024,0
2026-08-14T04:26:31.561,4207076,13871,8.1868,8.2512,4.0977,4.0914,4.9971,5.0125,20.444,87.8,10015,11400,115.9,0.0,30.3,35.3,charging,True,True,False,False,False,False,0,5675,32898,0,1024,0
2026-08-14T04:26:32.060,4207076,13871,8.1868,8.2512,4.0977,4.0914,4.9971,5.0125,20.444,87.8,10015,11400,115.9,0.0,30.3,35.3,charging,True,True,False,False,False,False,0,5675,32898,0,1024,0
2026-08-14T04:26:32.558,4208076,13872,8.1868,8.2512,4.0973,4.0917,4.9934,5.0106,20.43,87.8,10016,11400,115.9,0.0,30.3,35.2,charging,True,True,False,False,False,False,0,5675,32898,0,1024,0
2026-08-14T04:26:33.056,4208076,13872,8.1868,8.2512,4.0973,4.0917,4.9934,5.0106,20.43,87.8,10016,11400,115.9,0.0,30.3,35.2,charging,True,True,False,False,False,False,0,5675,32898,0,1024,0
2026-08-14T04:26:33.555,4209076,13873,8.1868,8.2512,4.0964,4.0916,5.0034,5.0075,20.47,87.8,10017,11400,115.9,0.0,30.3,35.2,charging,True,True,False,False,False,False,0,5675,32898,0,1024,0
2026-08-14T04:26:34.054,4209076,13873,8.1868,8.2512,4.0964,4.0916,5.0034,5.0075,20.47,87.8,10017,11400,115.9,0.0,30.3,35.2,charging,True,True,False,False,False,False,0,5675,32898,0,1024,0
2026-08-14T04:26:34.552,4210076,13874,8.1868,8.2512,4.0957,4.0934,4.9884,5.0046,20.419,87.8,10019,11400,115.9,0.0,30.3,35.4,charging,True,True,False,False,False,False,0,5675,32898,0,1024,0
2026-08-14T04:26:35.051,4210076,13874,8.1868,8.2512,4.0957,4.0934,4.9884,5.0046,20.419,87.8,10019,11400,115.9,0.0,30.3,35.4,charging,True,True,False,False,False,False,0,5675,32898,0,1024,0
2026-08-14T04:26:35.550,4211076,13875,8.1868,8.2512,4.0977,4.0914,4.9756,5.0025,20.356,87.8,10020,11400,115.9,0.0,30.2,35.1,charging,True,True,False,False,False,False,0,5675,32898,0,1024,0
2026-08-14T04:26:36.048,4211076,13875,8.1868,8.2512,4.0977,4.0914,4.9756,5.0025,20.356,87.8,10020,11400,115.9,0.0,30.2,35.1,charging,True,True,False,False,False,False,0,5675,32898,0,1024,0
2026-08-14T04:26:36.547,4212076,13876,8.1868,8.2512,4.0966,4.0932,5.0059,4.9978,20.489,87.9,10021,11400,115.9,0.0,30.3,35.3,charging,True,True,False,False,False,False,0,5675,32898,0,1024,0
2026-08-14T04:26:37.045,4212076,13876,8.1868,8.2512,4.0966,4.0932,5.0059,4.9978,20.489,87.9,10021,11400,115.9,0.0,30.3,35.3,charging,True,True,False,False,False,False,0,5675,32898,0,1024,0
2026-08-14T04:26:37.544,4213076,13877,8.1868,8.2512,4.0967,4.0914,4.9718,4.9959,20.34,87.9,10022,11400,115.9,0.0,30.3,35.4,charging,True,True,False,False,False,False,0,5675,32898,0,1024,0
2026-08-14T04:26:38.042,4213076,13877,8.1868,8.2512,4.0967,4.0914,4.9718,4.9959,20.34,87.9,10022,11400,115.9,0.0,30.3,35.4,charging,True,True,False,False,False,False,0,5675,32898,0,1024,0
2026-08-14T04:26:38.541,4214076,13878,8.1868,8.2512,4.0986,4.0914,4.9984,4.9968,20.449,87.9,10023,11400,115.9,0.0,30.3,35.2,charging,True,True,False,False,False,False,0,5675,32898,0,1024,0
2026-08-14T04:26:39.039,4214076,13878,8.1868,8.2512,4.0986,4.0914,4.9984,4.9968,20.449,87.9,10023,11400,115.9,0.0,30.3,35.2,charging,True,True,False,False,False,False,0,5675,32898,0,1024,0
2026-08-14T04:26:39.538,4215076,13879,8.1868,8.2512,4.0977,4.0908,5.0046,4.9934,20.472,87.9,10024,11400,115.9,0.0,30.2,35.3,charging,True,True,False,False,False,False,0,5675,32898,0,1024,0
2026-08-14T04:26:40.037,4215076,13879,8.1868,8.2512,4.0977,4.0908,5.0046,4.9934,20.472,87.9,10024,11400,115.9,0.0,30.2,35.3,charging,True,True,False,False,False,False,0,5675,32898,0,1024,0
2026-08-14T04:26:40.536,4216076,13880,8.1928,8.255,4.0981,4.0908,4.9606,4.9878,20.292,87.9,10025,11400,115.9,0.0,30.2,35.3,charging,True,True,False,False,False,False,0,5675,32898,0,1024,0
2026-08-14T04:26:41.034,4216076,13880,8.1928,8.255,4.0981,4.0908,4.9606,4.9878,20.292,87.9,10025,11400,115.9,0.0,30.2,35.3,charging,True,True,False,False,False,False,0,5675,32898,0,1024,0
2026-08-14T04:26:41.533,4217076,13881,8.1928,8.255,4.0975,4.0921,4.9903,4.9875,20.42,87.9,10027,11400,115.9,0.0,30.2,35.1,charging,True,True,False,False,False,False,0,5664,32898,0,1024,0
2026-08-14T04:26:42.031,4217076,13881,8.1928,8.255,4.0975,4.0921,4.9903,4.9875,20.42,87.9,10027,11400,115.9,0.0,30.2,35.1,charging,True,True,False,False,False,False,0,5664,32898,0,1024,0
2026-08-14T04:26:42.530,4218076,13882,8.1928,8.255,4.0964,4.0927,4.9934,4.9846,20.435,87.9,10028,11400,115.9,0.0,30.2,35.2,charging,True,True,False,False,False,False,0,5664,32898,0,1024,0
2026-08-14T04:26:43.029,4218076,13882,8.1928,8.255,4.0964,4.0927,4.9934,4.9846,20.435,87.9,10028,11400,115.9,0.0,30.2,35.2,charging,True,True,False,False,False,False,0,5664,32898,0,1024,0
2026-08-14T04:26:43.527,4219076,13883,8.1928,8.255,4.0973,4.0919,4.9665,4.984,20.321,87.9,10029,11400,115.9,0.0,30.2,35.2,charging,True,True,False,False,False,False,0,5664,32898,0,1024,0
2026-08-14T04:26:44.026,4219076,13883,8.1928,8.255,4.0973,4.0919,4.9665,4.984,20.321,87.9,10029,11400,115.9,0.0,30.2,35.2,charging,True,True,False,False,False,False,0,5664,32898,0,1024,0
2026-08-14T04:26:44.525,4220076,13884,8.1928,8.255,4.0984,4.0917,4.9878,4.9821,20.408,87.9,10030,11400,115.9,0.0,30.2,35.1,charging,True,True,False,False,False,False,0,5664,32898,0,1024,0
2026-08-14T04:26:45.023,4220076,13884,8.1928,8.255,4.0984,4.0917,4.9878,4.9821,20.408,87.9,10030,11400,115.9,0.0,30.2,35.1,charging,True,True,False,False,False,False,0,5664,32898,0,1024,0
2026-08-14T04:26:45.522,4221076,13885,8.1928,8.255,4.0977,4.0931,4.9512,4.9784,20.265,87.9,10031,11400,115.9,0.0,30.2,35.2,charging,True,True,False,False,False,False,0,5664,32898,0,1024,0
2026-08-14T04:26:46.020,4221076,13885,8.1928,8.255,4.0977,4.0931,4.9512,4.9784,20.265,87.9,10031,11400,115.9,0.0,30.2,35.2,charging,True,True,False,False,False,False,0,5664,32898,0,1024,0
2026-08-14T04:26:46.520,4222076,13886,8.1928,8.255,4.0981,4.0934,4.9428,4.9731,20.232,88.0,10032,11400,115.9,0.0,30.2,35.2,charging,True,True,False,False,False,False,0,5664,32898,0,1024,0
2026-08-14T04:26:47.017,4222076,13886,8.1928,8.255,4.0981,4.0934,4.9428,4.9731,20.232,88.0,10032,11400,115.9,0.0,30.2,35.2,charging,True,True,False,False,False,False,0,5664,32898,0,1024,0
2026-08-14T04:26:47.516,4223076,13887,8.1928,8.255,4.0977,4.0919,4.9803,4.9715,20.377,88.0,10033,11400,115.9,0.0,30.2,35.0,charging,True,True,False,False,False,False,0,5664,32898,0,1024,0
2026-08-14T04:26:48.015,4223076,13887,8.1928,8.255,4.0977,4.0919,4.9803,4.9715,20.377,88.0,10033,11400,115.9,0.0,30.2,35.0,charging,True,True,False,False,False,False,0,5664,32898,0,1024,0
2026-08-14T04:26:48.514,4224076,13888,8.1928,8.255,4.0981,4.0919,4.924,4.9671,20.147,88.0,10035,11400,115.9,0.0,30.2,35.1,charging,True,True,False,False,False,False,0,5664,32898,0,1024,0
2026-08-14T04:26:49.013,4224076,13888,8.1928,8.255,4.0981,4.0919,4.924,4.9671,20.147,88.0,10035,11400,115.9,0.0,30.2,35.1,charging,True,True,False,False,False,False,0,5664,32898,0,1024,0
2026-08-14T04:26:49.511,4225076,13889,8.1928,8.255,4.0977,4.0927,4.9553,4.9634,20.28,88.0,10036,11400,115.9,0.0,30.2,35.1,charging,True,True,False,False,False,False,0,5664,32898,0,1024,0
2026-08-14T04:26:50.009,4225076,13889,8.1928,8.255,4.0977,4.0927,4.9553,4.9634,20.28,88.0,10036,11400,115.9,0.0,30.2,35.1,charging,True,True,False,False,False,False,0,5664,32898,0,1024,0
2026-08-14T04:26:50.509,4226076,13890,8.1928,8.255,4.0975,4.0934,4.92,4.9609,20.139,88.0,10037,11400,115.9,0.0,30.2,35.1,charging,True,True,False,False,False,False,0,5664,32898,0,1024,0
2026-08-14T04:26:51.007,4226076,13890,8.1928,8.255,4.0975,4.0934,4.92,4.9609,20.139,88.0,10037,11400,115.9,0.0,30.2,35.1,charging,True,True,False,False,False,False,0,5664,32898,0,1024,0
2026-08-14T04:26:51.506,4227076,13891,8.1928,8.255,4.0993,4.0939,4.9543,4.9593,20.281,88.0,10038,11400,115.9,0.0,30.2,35.1,charging,True,True,False,False,False,False,0,5664,32898,0,1024,0
2026-08-14T04:26:52.004,4227076,13891,8.1928,8.255,4.0993,4.0939,4.9543,4.9593,20.281,88.0,10038,11400,115.9,0.0,30.2,35.1,charging,True,True,False,False,False,False,0,5664,32898,0,1024,0
2026-08-14T04:26:52.503,4228076,13892,8.1928,8.255,4.0995,4.0934,4.9475,4.9553,20.251,88.0,10039,11400,115.9,0.0,30.2,35.1,charging,True,True,False,False,False,False,0,5664,32898,0,1024,0
2026-08-14T04:26:53.002,4228076,13892,8.1928,8.255,4.0995,4.0934,4.9475,4.9553,20.251,88.0,10039,11400,115.9,0.0,30.2,35.1,charging,True,True,False,False,False,False,0,5664,32898,0,1024,0
2026-08-14T04:26:53.500,4229076,13893,8.1928,8.255,4.0989,4.0928,4.9365,4.9518,20.203,88.0,10040,11400,115.9,0.0,30.2,35.1,charging,True,True,False,False,False,False,0,5664,32898,0,1024,0
2026-08-14T04:26:53.999,4229076,13893,8.1928,8.255,4.0989,4.0928,4.9365,4.9518,20.203,88.0,10040,11400,115.9,0.0,30.2,35.1,charging,True,True,False,False,False,False,0,5664,32898,0,1024,0
2026-08-14T04:26:54.498,4230076,13894,8.1928,8.255,4.0978,4.0921,4.934,4.9475,20.19,88.0,10041,11400,115.9,0.0,30.2,35.2,charging,True,True,False,False,False,False,0,5647,32898,0,1024,0
2026-08-14T04:26:54.997,4230076,13894,8.1928,8.255,4.0978,4.0921,4.934,4.9475,20.19,88.0,10041,11400,115.9,0.0,30.2,35.2,charging,True,True,False,False,False,False,0,5647,32898,0,1024,0
2026-08-14T04:26:55.495,4231076,13895,8.1928,8.255,4.0978,4.0939,4.9384,4.9431,20.216,88.0,10043,11400,115.9,0.0,30.2,35.0,charging,True,True,False,False,False,False,0,5647,32898,0,1024,0
2026-08-14T04:26:55.994,4231076,13895,8.1928,8.255,4.0978,4.0939,4.9384,4.9431,20.216,88.0,10043,11400,115.9,0.0,30.2,35.0,charging,True,True,False,False,False,False,0,5647,32898,0,1024,0
2026-08-14T04:26:56.492,4232076,13896,8.1928,8.255,4.0973,4.0932,4.9131,4.9418,20.11,88.0,10044,11400,115.9,0.0,30.2,35.0,charging,True,True,False,False,False,False,0,5647,32898,0,1024,0
2026-08-14T04:26:56.991,4232076,13896,8.1928,8.255,4.0973,4.0932,4.9131,4.9418,20.11,88.0,10044,11400,115.9,0.0,30.2,35.0,charging,True,True,False,False,False,False,0,5647,32898,0,1024,0
2026-08-14T04:26:57.490,4233076,13897,8.1928,8.255,4.0999,4.0931,4.9209,4.9403,20.14,88.1,10045,11400,115.9,0.0,30.2,35.0,charging,True,True,False,False,False,False,0,5647,32898,0,1024,0
2026-08-14T04:26:57.988,4233076,13897,8.1928,8.255,4.0999,4.0931,4.9209,4.9403,20.14,88.1,10045,11400,115.9,0.0,30.2,35.0,charging,True,True,False,False,False,False,0,5647,32898,0,1024,0
2026-08-14T04:26:58.486,4234076,13898,8.1928,8.255,4.0992,4.0928,4.895,4.9346,20.033,88.1,10046,11400,115.9,0.0,30.2,34.9,charging,True,True,False,False,False,False,0,5647,32898,0,1024,0
2026-08-14T04:26:58.985,4234076,13898,8.1928,8.255,4.0992,4.0928,4.895,4.9346,20.033,88.1,10046,11400,115.9,0.0,30.2,34.9,charging,True,True,False,False,False,False,0,5647,32898,0,1024,0
2026-08-14T04:26:59.483,4235076,13899,8.1928,8.255,4.0978,4.0921,4.9281,4.9325,20.166,88.1,10047,11400,115.9,0.0,30.2,35.1,charging,True,True,False,False,False,False,0,5647,32898,0,1024,0
2026-08-14T04:26:59.982,4235076,13899,8.1928,8.255,4.0978,4.0921,4.9281,4.9325,20.166,88.1,10047,11400,115.9,0.0,30.2,35.1,charging,True,True,False,False,False,False,0,5647,32898,0,1024,0
2026-08-14T04:27:00.481,4236076,13900,8.1928,8.255,4.0989,4.0936,4.9343,4.9321,20.198,88.1,10048,11400,115.9,0.0,30.2,34.9,charging,True,True,False,False,False,False,0,5647,32898,0,1024,0
2026-08-14T04:27:00.980,4236076,13900,8.1928,8.255,4.0989,4.0936,4.9343,4.9321,20.198,88.1,10048,11400,115.9,0.0,30.2,34.9,charging,True,True,False,False,False,False,0,5647,32898,0,1024,0
2026-08-14T04:27:01.478,4237076,13901,8.1928,8.255,4.0986,4.0934,4.9162,4.9303,20.123,88.1,10049,11400,115.9,0.0,30.2,35.0,charging,True,True,False,False,False,False,0,5647,32898,0,1024,0
2026-08-14T04:27:01.977,4237076,13901,8.1928,8.255,4.0986,4.0934,4.9162,4.9303,20.123,88.1,10049,11400,115.9,0.0,30.2,35.0,charging,True,True,False,False,False,False,0,5647,32898,0,1024,0
2026-08-14T04:27:02.475,4238076,13902,8.189,8.2571,4.0986,4.0947,4.9131,4.9275,20.116,88.1,10050,11400,115.9,0.0,30.1,35.1,charging,True,True,False,False,False,False,0,5647,32898,0,1024,0
2026-08-14T04:27:02.974,4238076,13902,8.189,8.2571,4.0986,4.0947,4.9131,4.9275,20.116,88.1,10050,11400,115.9,0.0,30.1,35.1,charging,True,True,False,False,False,False,0,5647,32898,0,1024,0
2026-08-14T04:27:03.473,4239076,13903,8.189,8.2571,4.0997,4.0934,4.9121,4.925,20.107,88.1,10052,11400,115.9,0.0,30.1,34.9,charging,True,True,False,False,False,False,0,5647,32898,0,1024,0
2026-08-14T04:27:03.972,4239076,13903,8.189,8.2571,4.0997,4.0934,4.9121,4.925,20.107,88.1,10052,11400,115.9,0.0,30.1,34.9,charging,True,True,False,False,False,False,0,5647,32898,0,1024,0
2026-08-14T04:27:04.470,4240076,13904,8.189,8.2571,4.0997,4.0914,4.9243,4.9237,20.147,88.1,10052,11400,115.9,0.0,30.1,35.0,charging,True,True,False,False,False,False,0,5647,32898,0,1024,0
2026-08-14T04:27:04.969,4240076,13904,8.189,8.2571,4.0997,4.0914,4.9243,4.9237,20.147,88.1,10052,11400,115.9,0.0,30.1,35.0,charging,True,True,False,False,False,False,0,5647,32898,0,1024,0
2026-08-14T04:27:05.467,4241076,13905,8.189,8.2571,4.0986,4.0934,4.9018,4.9212,20.064,88.1,10054,11400,115.9,0.0,30.1,35.0,charging,True,True,False,False,False,False,0,5647,32898,0,1024,0
2026-08-14T04:27:05.966,4241076,13905,8.189,8.2571,4.0986,4.0934,4.9018,4.9212,20.064,88.1,10054,11400,115.9,0.0,30.1,35.0,charging,True,True,False,False,False,False,0,5647,32898,0,1024,0
2026-08-14T04:27:06.465,4242076,13906,8.189,8.2571,4.0993,4.0936,4.9109,4.9221,20.102,88.1,10055,11400,115.9,0.0,30.1,35.0,charging,True,True,False,False,False,False,0,5647,32898,0,1024,0
2026-08-14T04:27:06.963,4242076,13906,8.189,8.2571,4.0993,4.0936,4.9109,4.9221,20.102,88.1,10055,11400,115.9,0.0,30.1,35.0,charging,True,True,False,False,False,False,0,5647,32898,0,1024,0
2026-08-14T04:27:07.463,4243076,13907,8.189,8.2571,4.0997,4.0931,4.9071,4.9184,20.084,88.2,10056,11400,115.9,0.0,30.1,34.9,charging,True,True,False,False,False,False,0,5647,32898,0,1024,0
2026-08-14T04:27:07.960,4243076,13907,8.189,8.2571,4.0997,4.0931,4.9071,4.9184,20.084,88.2,10056,11400,115.9,0.0,30.1,34.9,charging,True,True,False,False,False,False,0,5647,32898,0,1024,0
2026-08-14T04:27:08.459,4244076,13908,8.189,8.2571,4.0984,4.0947,4.9093,4.9165,20.1,88.2,10057,11400,115.9,0.0,30.1,35.2,charging,True,True,False,False,False,False,0,5647,32898,0,1024,0
2026-08-14T04:27:08.958,4244076,13908,8.189,8.2571,4.0984,4.0947,4.9093,4.9165,20.1,88.2,10057,11400,115.9,0.0,30.1,35.2,charging,True,True,False,False,False,False,0,5647,32898,0,1024,0
2026-08-14T04:27:09.456,4245076,13909,8.189,8.2571,4.0999,4.0947,4.915,4.9153,20.124,88.2,10058,11400,115.9,0.0,30.1,34.9,charging,True,True,False,False,False,False,0,5636,32898,0,1024,0
2026-08-14T04:27:09.955,4245076,13909,8.189,8.2571,4.0999,4.0947,4.915,4.9153,20.124,88.2,10058,11400,115.9,0.0,30.1,34.9,charging,True,True,False,False,False,False,0,5636,32898,0,1024,0
2026-08-14T04:27:10.454,4246076,13910,8.189,8.2571,4.0993,4.0943,4.8959,4.914,20.044,88.2,10059,11400,115.9,0.0,30.1,34.9,charging,True,True,False,False,False,False,0,5636,32898,0,1024,0
2026-08-14T04:27:10.952,4246076,13910,8.189,8.2571,4.0993,4.0943,4.8959,4.914,20.044,88.2,10059,11400,115.9,0.0,30.1,34.9,charging,True,True,False,False,False,False,0,5636,32898,0,1024,0
2026-08-14T04:27:11.451,4247076,13911,8.189,8.2571,4.0981,4.0928,4.9021,4.9134,20.062,88.2,10060,11400,115.9,0.0,30.1,34.8,charging,True,True,False,False,False,False,0,5636,32898,0,1024,0
2026-08-14T04:27:11.949,4247076,13911,8.189,8.2571,4.0981,4.0928,4.9021,4.9134,20.062,88.2,10060,11400,115.9,0.0,30.1,34.8,charging,True,True,False,False,False,False,0,5636,32898,0,1024,0
2026-08-14T04:27:12.448,4248076,13912,8.189,8.2571,4.0986,4.0938,4.9131,4.9109,20.112,88.2,10062,11400,115.9,0.0,30.1,34.8,charging,True,True,False,False,False,False,0,5636,32898,0,1024,0
2026-08-14T04:27:12.947,4248076,13912,8.189,8.2571,4.0986,4.0938,4.9131,4.9109,20.112,88.2,10062,11400,115.9,0.0,30.1,34.8,charging,True,True,False,False,False,False,0,5636,32898,0,1024,0
2026-08-14T04:27:13.446,4249076,13913,8.189,8.2571,4.0989,4.0931,4.8862,4.9065,20.0,88.2,10063,11400,115.9,0.0,30.1,35.0,charging,True,True,False,False,False,False,0,5636,32898,0,1024,0
2026-08-14T04:27:13.944,4249076,13913,8.189,8.2571,4.0989,4.0931,4.8862,4.9065,20.0,88.2,10063,11400,115.9,0.0,30.1,35.0,charging,True,True,False,False,False,False,0,5636,32898,0,1024,0
2026-08-14T04:27:14.443,4250076,13914,8.189,8.2571,4.0999,4.0945,4.8856,4.9037,20.003,88.2,10064,11400,115.9,0.0,30.1,34.9,charging,True,True,False,False,False,False,0,5636,32898,0,1024,0
2026-08-14T04:27:14.942,4250076,13914,8.189,8.2571,4.0999,4.0945,4.8856,4.9037,20.003,88.2,10064,11400,115.9,0.0,30.1,34.9,charging,True,True,False,False,False,False,0,5636,32898,0,1024,0
2026-08-14T04:27:15.440,4251076,13915,8.189,8.2571,4.0997,4.0949,4.8803,4.9,19.984,88.2,10065,11400,115.9,0.0,30.1,34.9,charging,True,True,False,False,False,False,0,5636,32898,0,1024,0
2026-08-14T04:27:15.939,4251076,13915,8.189,8.2571,4.0997,4.0949,4.8803,4.9,19.984,88.2,10065,11400,115.9,0.0,30.1,34.9,charging,True,True,False,False,False,False,0,5636,32898,0,1024,0
2026-08-14T04:27:16.437,4252076,13916,8.189,8.2571,4.1003,4.0951,4.8846,4.8987,20.003,88.2,10066,11400,115.9,0.0,30.1,34.6,charging,True,True,False,False,False,False,0,5636,32898,0,1024,0
2026-08-14T04:27:16.936,4252076,13916,8.189,8.2571,4.1003,4.0951,4.8846,4.8987,20.003,88.2,10066,11400,115.9,0.0,30.1,34.6,charging,True,True,False,False,False,False,0,5636,32898,0,1024,0
2026-08-14T04:27:17.435,4253076,13917,8.189,8.2571,4.0982,4.0938,4.8653,4.8943,19.916,88.3,10067,11400,115.9,0.0,30.1,34.9,charging,True,True,False,False,False,False,0,5636,32898,0,1024,0
2026-08-14T04:27:17.933,4253076,13917,8.189,8.2571,4.0982,4.0938,4.8653,4.8943,19.916,88.3,10067,11400,115.9,0.0,30.1,34.9,charging,True,True,False,False,False,False,0,5636,32898,0,1024,0
2026-08-14T04:27:18.432,4254076,13918,8.189,8.2571,4.1001,4.0938,4.859,4.8893,19.891,88.3,10068,11400,115.9,0.0,30.1,34.9,charging,True,True,False,False,False,False,0,5636,32898,0,1024,0
2026-08-14T04:27:18.931,4254076,13918,8.189,8.2571,4.1001,4.0938,4.859,4.8893,19.891,88.3,10068,11400,115.9,0.0,30.1,34.9,charging,True,True,False,False,False,False,0,5636,32898,0,1024,0
2026-08-14T04:27:19.429,4255076,13919,8.189,8.2571,4.0982,4.096,4.8737,4.8871,19.961,88.3,10069,11400,115.9,0.0,30.0,34.8,charging,True,True,False,False,False,False,0,5636,32898,0,1024,0
2026-08-14T04:27:19.928,4255076,13919,8.189,8.2571,4.0982,4.096,4.8737,4.8871,19.961,88.3,10069,11400,115.9,0.0,30.0,34.8,charging,True,True,False,False,False,False,0,5636,32898,0,1024,0
2026-08-14T04:27:20.426,4256076,13920,8.189,8.2571,4.0989,4.0936,4.8796,4.8868,19.974,88.3,10071,11400,115.9,0.0,30.0,34.7,charging,True,True,False,False,False,False,0,5636,32898,0,1024,0
2026-08-14T04:27:20.925,4256076,13920,8.189,8.2571,4.0989,4.0936,4.8796,4.8868,19.974,88.3,10071,11400,115.9,0.0,30.0,34.7,charging,True,True,False,False,False,False,0,5636,32898,0,1024,0
2026-08-14T04:27:21.424,4257076,13921,8.189,8.2571,4.0986,4.0953,4.87,4.885,19.944,88.3,10072,11400,115.9,0.0,30.0,34.9,charging,True,True,False,False,False,False,0,5636,32898,0,1024,0
2026-08-14T04:27:21.922,4257076,13921,8.189,8.2571,4.0986,4.0953,4.87,4.885,19.944,88.3,10072,11400,115.9,0.0,30.0,34.9,charging,True,True,False,False,False,False,0,5636,32898,0,1024,0
2026-08-14T04:27:22.421,4258076,13922,8.189,8.2571,4.1004,4.0942,4.8815,4.8831,19.985,88.3,10073,11400,115.9,0.0,30.0,34.7,charging,True,True,False,False,False,False,0,5636,32898,0,1024,0
2026-08-14T04:27:22.919,4258076,13922,8.189,8.2571,4.1004,4.0942,4.8815,4.8831,19.985,88.3,10073,11400,115.9,0.0,30.0,34.7,charging,True,True,False,False,False,False,0,5636,32898,0,1024,0
2026-08-14T04:27:23.418,4259076,13923,8.189,8.2571,4.0995,4.0942,4.8734,4.8815,19.952,88.3,10074,11400,115.9,0.0,30.0,34.8,charging,True,True,False,False,False,False,0,5636,32898,0,1024,0
2026-08-14T04:27:23.917,4259076,13923,8.189,8.2571,4.0995,4.0942,4.8734,4.8815,19.952,88.3,10074,11400,115.9,0.0,30.0,34.8,charging,True,True,False,False,False,False,0,5636,32898,0,1024,0
2026-08-14T04:27:24.415,4260076,13924,8.189,8.2571,4.0989,4.0943,4.8637,4.8784,19.913,88.3,10075,11400,115.9,0.0,30.0,34.7,charging,True,True,False,False,False,False,0,5636,32898,0,1024,0
2026-08-14T04:27:24.914,4260076,13924,8.189,8.2571,4.0989,4.0943,4.8637,4.8784,19.913,88.3,10075,11400,115.9,0.0,30.0,34.7,charging,True,True,False,False,False,False,0,5636,32898,0,1024,0
2026-08-14T04:27:25.412,4261076,13925,8.195,8.2521,4.0993,4.0943,4.8665,4.8768,19.924,88.3,10076,11400,115.9,0.0,30.0,34.7,charging,True,True,False,False,False,False,0,5619,32898,0,1024,0
2026-08-14T04:27:25.911,4261076,13925,8.195,8.2521,4.0993,4.0943,4.8665,4.8768,19.924,88.3,10076,11400,115.9,0.0,30.0,34.7,charging,True,True,False,False,False,False,0,5619,32898,0,1024,0
2026-08-14T04:27:26.410,4262076,13926,8.195,8.2521,4.101,4.0942,4.8596,4.874,19.896,88.3,10077,11400,115.9,0.0,30.0,34.7,charging,True,True,False,False,False,False,0,5619,32898,0,1024,0
2026-08-14T04:27:26.908,4262076,13926,8.195,8.2521,4.101,4.0942,4.8596,4.874,19.896,88.3,10077,11400,115.9,0.0,30.0,34.7,charging,True,True,False,False,False,False,0,5619,32898,0,1024,0
2026-08-14T04:27:27.408,4263076,13927,8.195,8.2521,4.1004,4.0967,4.8715,4.8737,19.956,88.4,10078,11400,115.9,0.0,30.0,34.6,charging,True,True,False,False,False,False,0,5619,32898,0,1024,0
2026-08-14T04:27:27.905,4263076,13927,8.195,8.2521,4.1004,4.0967,4.8715,4.8737,19.956,88.4,10078,11400,115.9,0.0,30.0,34.6,charging,True,True,False,False,False,False,0,5619,32898,0,1024,0
2026-08-14T04:27:28.404,4264076,13928,8.195,8.2521,4.1007,4.0958,4.8625,4.8734,19.915,88.4,10080,11400,115.9,0.0,30.0,34.7,charging,True,True,False,False,False,False,0,5619,32898,0,1024,0
2026-08-14T04:27:28.902,4264076,13928,8.195,8.2521,4.1007,4.0958,4.8625,4.8734,19.915,88.4,10080,11400,115.9,0.0,30.0,34.7,charging,True,True,False,False,False,False,0,5619,32898,0,1024,0
2026-08-14T04:27:29.400,4265076,13929,8.195,8.2521,4.1007,4.0942,4.8593,4.869,19.894,88.4,10081,11400,115.9,0.0,30.0,34.5,charging,True,True,False,False,False,False,0,5619,32898,0,1024,0
2026-08-14T04:27:29.899,4265076,13929,8.195,8.2521,4.1007,4.0942,4.8593,4.869,19.894,88.4,10081,11400,115.9,0.0,30.0,34.5,charging,True,True,False,False,False,False,0,5619,32898,0,1024,0
2026-08-14T04:27:30.397,4266076,13930,8.195,8.2521,4.0993,4.0934,4.8521,4.8681,19.87,88.4,10082,11400,115.9,0.0,30.0,34.8,charging,True,True,False,False,False,False,0,5619,32898,0,1024,0
2026-08-14T04:27:30.896,4266076,13930,8.195,8.2521,4.0993,4.0934,4.8521,4.8681,19.87,88.4,10082,11400,115.9,0.0,30.0,34.8,charging,True,True,False,False,False,False,0,5619,32898,0,1024,0
2026-08-14T04:27:31.394,4267076,13931,8.195,8.2521,4.0992,4.0954,4.864,4.8659,19.92,88.4,10083,11400,115.9,0.0,30.0,34.5,charging,True,True,False,False,False,False,0,5619,32898,0,1024,0
2026-08-14T04:27:31.893,4267076,13931,8.195,8.2521,4.0992,4.0954,4.864,4.8659,19.92,88.4,10083,11400,115.9,0.0,30.0,34.5,charging,True,True,False,False,False,False,0,5619,32898,0,1024,0
2026-08-14T04:27:32.391,4268076,13932,8.195,8.2521,4.1004,4.0958,4.8518,4.865,19.872,88.4,10084,11400,115.9,0.0,30.0,34.7,charging,True,True,False,False,False,False,0,5619,32898,0,1024,0
2026-08-14T04:27:32.890,4268076,13932,8.195,8.2521,4.1004,4.0958,4.8518,4.865,19.872,88.4,10084,11400,115.9,0.0,30.0,34.7,charging,True,True,False,False,False,False,0,5619,32898,0,1024,0
2026-08-14T04:27:33.389,4269076,13933,8.195,8.2521,4.1012,4.0949,4.8346,4.8609,19.796,88.4,10085,11400,115.9,0.0,30.0,34.7,charging,True,True,False,False,False,False,0,5619,32898,0,1024,0
2026-08-14T04:27:33.888,4269076,13933,8.195,8.2521,4.1012,4.0949,4.8346,4.8609,19.796,88.4,10085,11400,115.9,0.0,30.0,34.7,charging,True,True,False,False,False,False,0,5619,32898,0,1024,0
2026-08-14T04:27:34.386,4270076,13934,8.195,8.2521,4.1025,4.0951,4.8556,4.86,19.883,88.4,10086,11400,115.9,0.0,29.9,34.6,charging,True,True,False,False,False,False,0,5619,32898,0,1024,0
2026-08-14T04:27:34.885,4270076,13934,8.195,8.2521,4.1025,4.0951,4.8556,4.86,19.883,88.4,10086,11400,115.9,0.0,29.9,34.6,charging,True,True,False,False,False,False,0,5619,32898,0,1024,0
2026-08-14T04:27:35.383,4271076,13935,8.195,8.2521,4.0997,4.0969,4.8331,4.8575,19.8,88.4,10087,11400,115.9,0.0,30.0,34.4,charging,True,True,False,False,False,False,0,5619,32898,0,1024,0
2026-08-14T04:27:35.882,4271076,13935,8.195,8.2521,4.0997,4.0969,4.8331,4.8575,19.8,88.4,10087,11400,115.9,0.0,30.0,34.4,charging,True,True,False,False,False,False,0,5619,32898,0,1024,0
2026-08-14T04:27:36.381,4272076,13936,8.195,8.2521,4.1019,4.096,4.8418,4.8531,19.832,88.4,10089,11400,115.9,0.0,30.0,34.5,charging,True,True,False,False,False,False,0,5619,32898,0,1024,0
2026-08-14T04:27:36.880,4272076,13936,8.195,8.2521,4.1019,4.096,4.8418,4.8531,19.832,88.4,10089,11400,115.9,0.0,30.0,34.5,charging,True,True,False,False,False,False,0,5619,32898,0,1024,0
2026-08-14T04:27:37.379,4273076,13937,8.195,8.2521,4.0999,4.0964,4.8356,4.8512,19.808,88.5,10089,11400,115.9,0.0,29.9,34.7,charging,True,True,False,False,False,False,0,5619,32898,0,1024,0
2026-08-14T04:27:37.877,4273076,13937,8.195,8.2521,4.0999,4.0964,4.8356,4.8512,19.808,88.5,10089,11400,115.9,0.0,29.9,34.7,charging,True,True,False,False,False,False,0,5619,32898,0,1024,0
2026-08-14T04:27:38.375,4274076,13938,8.195,8.2521,4.0995,4.0947,4.8253,4.8456,19.756,88.5,10090,11400,115.9,0.0,29.9,34.4,charging,True,True,False,False,False,False,0,5619,32898,0,1024,0
2026-08-14T04:27:38.874,4274076,13938,8.195,8.2521,4.0995,4.0947,4.8253,4.8456,19.756,88.5,10090,11400,115.9,0.0,29.9,34.4,charging,True,True,False,False,False,False,0,5619,32898,0,1024,0
2026-08-14T04:27:39.372,4275076,13939,8.195,8.2521,4.1007,4.0939,4.8431,4.8425,19.827,88.5,10092,11400,115.9,0.0,29.9,34.5,charging,True,True,False,False,False,False,0,5619,32898,0,1024,0
2026-08-14T04:27:39.871,4275076,13939,8.195,8.2521,4.1007,4.0939,4.8431,4.8425,19.827,88.5,10092,11400,115.9,0.0,29.9,34.5,charging,True,True,False,False,False,False,0,5619,32898,0,1024,0
2026-08-14T04:27:40.369,4276076,13940,8.195,8.2521,4.1008,4.0954,4.819,4.8396,19.736,88.5,10093,11400,115.9,0.0,29.9,34.4,charging,True,True,False,False,False,False,0,5608,32898,0,1024,0
2026-08-14T04:27:40.868,4276076,13940,8.195,8.2521,4.1008,4.0954,4.819,4.8396,19.736,88.5,10093,11400,115.9,0.0,29.9,34.4,charging,True,True,False,False,False,False,0,5608,32898,0,1024,0
2026-08-14T04:27:41.366,4277076,13941,8.195,8.2521,4.0993,4.0947,4.824,4.8356,19.752,88.5,10094,11400,115.9,0.0,29.9,34.5,charging,True,True,False,False,False,False,0,5608,32898,0,1024,0
2026-08-14T04:27:41.864,4277076,13941,8.195,8.2521,4.0993,4.0947,4.824,4.8356,19.752,88.5,10094,11400,115.9,0.0,29.9,34.5,charging,True,True,False,False,False,False,0,5608,32898,0,1024,0
2026-08-14T04:27:42.363,4278076,13942,8.195,8.2521,4.1019,4.0951,4.829,4.8343,19.774,88.5,10095,11400,115.9,0.0,29.9,34.6,charging,True,True,False,False,False,False,0,5608,32898,0,1024,0
2026-08-14T04:27:42.862,4278076,13942,8.195,8.2521,4.1019,4.0951,4.829,4.8343,19.774,88.5,10095,11400,115.9,0.0,29.9,34.6,charging,True,True,False,False,False,False,0,5608,32898,0,1024,0
2026-08-14T04:27:43.360,4279076,13943,8.195,8.2521,4.1012,4.0969,4.84,4.8315,19.828,88.5,10096,11400,115.9,0.0,29.9,34.5,charging,True,True,False,False,False,False,0,5608,32898,0,1024,0
2026-08-14T04:27:43.859,4279076,13943,8.195,8.2521,4.1012,4.0969,4.84,4.8315,19.828,88.5,10096,11400,115.9,0.0,29.9,34.5,charging,True,True,False,False,False,False,0,5608,32898,0,1024,0
2026-08-14T04:27:44.357,4280076,13944,8.195,8.2521,4.1014,4.0962,4.8309,4.8318,19.787,88.5,10097,11400,115.9,0.0,29.8,34.4,charging,True,True,False,False,False,False,0,5608,32898,0,1024,0
2026-08-14T04:27:44.855,4280076,13944,8.195,8.2521,4.1014,4.0962,4.8309,4.8318,19.787,88.5,10097,11400,115.9,0.0,29.8,34.4,charging,True,True,False,False,False,False,0,5608,32898,0,1024,0
2026-08-14T04:27:45.354,4281076,13945,8.195,8.2521,4.101,4.0964,4.8087,4.8284,19.697,88.5,10098,11400,115.9,0.0,29.9,34.4,charging,True,True,False,False,False,False,0,5608,32898,0,1024,0
2026-08-14T04:27:45.853,4281076,13945,8.195,8.2521,4.101,4.0964,4.8087,4.8284,19.697,88.5,10098,11400,115.9,0.0,29.9,34.4,charging,True,True,False,False,False,False,0,5608,32898,0,1024,0
2026-08-14T04:27:46.351,4282076,13946,8.195,8.2521,4.1012,4.096,4.8075,4.8262,19.691,88.5,10099,11400,115.9,0.0,29.9,34.4,charging,True,True,False,False,False,False,0,5608,32898,0,1024,0
2026-08-14T04:27:46.849,4282076,13946,8.195,8.2521,4.1012,4.096,4.8075,4.8262,19.691,88.5,10099,11400,115.9,0.0,29.9,34.4,charging,True,True,False,False,False,False,0,5608,32898,0,1024,0
2026-08-14T04:27:47.348,4283076,13947,8.1918,8.2631,4.1012,4.0954,4.8159,4.8243,19.723,88.5,10101,11400,115.9,0.0,29.8,34.3,charging,True,True,False,False,False,False,0,5608,32898,0,1024,0
2026-08-14T04:27:47.846,4283076,13947,8.1918,8.2631,4.1012,4.0954,4.8159,4.8243,19.723,88.5,10101,11400,115.9,0.0,29.8,34.3,charging,True,True,False,False,False,False,0,5608,32898,0,1024,0
2026-08-14T04:27:48.345,4284076,13948,8.1918,8.2631,4.101,4.0964,4.8034,4.8209,19.676,88.6,10102,11400,115.9,0.0,29.8,34.3,charging,True,True,False,False,False,False,0,5608,32898,0,1024,0
2026-08-14T04:27:48.843,4284076,13948,8.1918,8.2631,4.101,4.0964,4.8034,4.8209,19.676,88.6,10102,11400,115.9,0.0,29.8,34.3,charging,True,True,False,False,False,False,0,5608,32898,0,1024,0
2026-08-14T04:27:49.342,4285076,13949,8.1918,8.2631,4.1012,4.0958,4.8028,4.8184,19.67,88.6,10102,11400,115.9,0.0,29.8,34.4,charging,True,True,False,False,False,False,0,5608,32898,0,1024,0
2026-08-14T04:27:49.840,4285076,13949,8.1918,8.2631,4.1012,4.0958,4.8028,4.8184,19.67,88.6,10102,11400,115.9,0.0,29.8,34.4,charging,True,True,False,False,False,False,0,5608,32898,0,1024,0
2026-08-14T04:27:50.339,4286076,13950,8.1918,8.2631,4.1019,4.0967,4.8043,4.8168,19.664,88.6,10104,11400,115.9,0.0,29.8,34.5,charging,True,True,False,False,False,False,0,5608,32898,0,1024,0
2026-08-14T04:27:50.837,4286076,13950,8.1918,8.2631,4.1019,4.0967,4.8043,4.8168,19.664,88.6,10104,11400,115.9,0.0,29.8,34.5,charging,True,True,False,False,False,False,0,5608,32898,0,1024,0
2026-08-14T04:27:51.336,4287076,13951,8.1918,8.2631,4.1038,4.0951,4.8134,4.8156,19.71,88.6,10105,11400,115.9,0.0,29.8,34.4,charging,True,True,False,False,False,False,0,5608,32898,0,1024,0
2026-08-14T04:27:51.835,4287076,13951,8.1918,8.2631,4.1038,4.0951,4.8134,4.8156,19.71,88.6,10105,11400,115.9,0.0,29.8,34.4,charging,True,True,False,False,False,False,0,5608,32898,0,1024,0
2026-08-14T04:27:52.333,4288076,13952,8.1918,8.2631,4.1004,4.0958,4.799,4.8128,19.654,88.6,10106,11400,115.9,0.0,29.8,34.2,charging,True,True,False,False,False,False,0,5608,32898,0,1024,0
2026-08-14T04:27:52.832,4288076,13952,8.1918,8.2631,4.1004,4.0958,4.799,4.8128,19.654,88.6,10106,11400,115.9,0.0,29.8,34.2,charging,True,True,False,False,False,False,0,5608,32898,0,1024,0
2026-08-14T04:27:53.330,4289076,13953,8.1918,8.2631,4.1017,4.0967,4.7871,4.8096,19.611,88.6,10107,11400,115.9,0.0,29.8,34.4,charging,True,True,False,False,False,False,0,5608,32898,0,1024,0
2026-08-14T04:27:53.829,4289076,13953,8.1918,8.2631,4.1017,4.0967,4.7871,4.8096,19.611,88.6,10107,11400,115.9,0.0,29.8,34.4,charging,True,True,False,False,False,False,0,5608,32898,0,1024,0
2026-08-14T04:27:54.328,4290076,13954,8.1918,8.2631,4.1034,4.0969,4.7978,4.8065,19.656,88.6,10108,11400,115.9,0.0,29.8,34.3,charging,True,True,False,False,False,False,0,5591,32898,0,1024,0
2026-08-14T04:27:54.826,4290076,13954,8.1918,8.2631,4.1034,4.0969,4.7978,4.8065,19.656,88.6,10108,11400,115.9,0.0,29.8,34.3,charging,True,True,False,False,False,False,0,5591,32898,0,1024,0
2026-08-14T04:27:55.325,4291076,13955,8.1918,8.2631,4.1004,4.0973,4.7965,4.8046,19.652,88.6,10109,11400,115.9,0.0,29.7,34.4,charging,True,True,False,False,False,False,0,5591,32898,0,1024,0
2026-08-14T04:27:55.823,4291076,13955,8.1918,8.2631,4.1004,4.0973,4.7965,4.8046,19.652,88.6,10109,11400,115.9,0.0,29.7,34.4,charging,True,True,False,False,False,False,0,5591,32898,0,1024,0
2026-08-14T04:27:56.322,4292076,13956,8.1918,8.2631,4.1012,4.0964,4.8037,4.8031,19.676,88.6,10110,11400,115.9,0.0,29.7,34.3,charging,True,True,False,False,False,False,0,5591,32898,0,1024,0
2026-08-14T04:27:56.820,4292076,13956,8.1918,8.2631,4.1012,4.0964,4.8037,4.8031,19.676,88.6,10110,11400,115.9,0.0,29.7,34.3,charging,True,True,False,False,False,False,0,5591,32898,0,1024,0
2026-08-14T04:27:57.319,4293076,13957,8.1918,8.2631,4.1019,4.0978,4.7968,4.8021,19.656,88.6,10111,11400,115.9,0.0,29.7,34.2,charging,True,True,False,False,False,False,0,5591,32898,0,1024,0
2026-08-14T04:27:57.817,4293076,13957,8.1918,8.2631,4.1019,4.0978,4.7968,4.8021,19.656,88.6,10111,11400,115.9,0.0,29.7,34.2,charging,True,True,False,False,False,False,0,5591,32898,0,1024,0
2026-08-14T04:27:58.317,4294076,13958,8.1918,8.2631,4.1017,4.0973,4.7821,4.7984,19.593,88.7,10112,11400,115.9,0.0,29.7,34.3,charging,True,True,False,False,False,False,0,5591,32898,0,1024,0
2026-08-14T04:27:58.815,4294076,13958,8.1918,8.2631,4.1017,4.0973,4.7821,4.7984,19.593,88.7,10112,11400,115.9,0.0,29.7,34.3,charging,True,True,False,False,False,False,0,5591,32898,0,1024,0
2026-08-14T04:27:59.313,4295076,13959,8.1918,8.2631,4.1003,4.0981,4.7906,4.7959,19.632,88.7,10114,11400,115.9,0.0,29.7,34.4,charging,True,True,False,False,False,False,0,5591,32898,0,1024,0
2026-08-14T04:27:59.811,4295076,13959,8.1918,8.2631,4.1003,4.0981,4.7906,4.7959,19.632,88.7,10114,11400,115.9,0.0,29.7,34.4,charging,True,True,False,False,False,False,0,5591,32898,0,1024,0
2026-08-14T04:28:00.310,4296076,13960,8.1918,8.2631,4.1028,4.0984,4.7934,4.7931,19.644,88.7,10115,11400,115.9,0.0,29.7,34.2,charging,True,True,False,False,False,False,0,5591,32898,0,1024,0
2026-08-14T04:28:00.809,4296076,13960,8.1918,8.2631,4.1028,4.0984,4.7934,4.7931,19.644,88.7,10115,11400,115.9,0.0,29.7,34.2,charging,True,True,False,False,False,False,0,5591,32898,0,1024,0
2026-08-14T04:28:01.307,4297076,13961,8.1918,8.2631,4.1031,4.0981,4.7968,4.7931,19.657,88.7,10116,11400,115.9,0.0,29.7,34.2,charging,True,True,False,False,False,False,0,5591,32898,0,1024,0
2026-08-14T04:28:01.806,4297076,13961,8.1918,8.2631,4.1031,4.0981,4.7968,4.7931,19.657,88.7,10116,11400,115.9,0.0,29.7,34.2,charging,True,True,False,False,False,False,0,5591,32898,0,1024,0
2026-08-14T04:28:02.304,4298076,13962,8.1918,8.2631,4.1027,4.0969,4.765,4.7893,19.521,88.7,10117,11400,115.9,0.0,29.7,34.4,charging,True,True,False,False,False,False,0,5591,32898,0,1024,0
2026-08-14T04:28:02.803,4298076,13962,8.1918,8.2631,4.1027,4.0969,4.765,4.7893,19.521,88.7,10117,11400,115.9,0.0,29.7,34.4,charging,True,True,False,False,False,False,0,5591,32898,0,1024,0
2026-08-14T04:28:03.301,4299076,13963,8.1918,8.2631,4.1017,4.0964,4.775,4.7878,19.523,88.7,10118,11400,115.9,0.0,29.7,34.2,charging,True,True,False,False,False,False,0,5591,32898,0,1024,0
2026-08-14T04:28:03.800,4299076,13963,8.1918,8.2631,4.1017,4.0964,4.775,4.7878,19.523,88.7,10118,11400,115.9,0.0,29.7,34.2,charging,True,True,False,False,False,False,0,5591,32898,0,1024,0
2026-08-14T04:28:04.298,4300076,13964,8.1918,8.2631,4.1023,4.0982,4.7628,4.7846,19.518,88.7,10119,11400,115.9,0.0,29.7,34.2,charging,True,True,False,False,False,False,0,5591,32898,0,1024,0
2026-08-14T04:28:04.796,4300076,13964,8.1918,8.2631,4.1023,4.0982,4.7628,4.7846,19.518,88.7,10119,11400,115.9,0.0,29.7,34.2,charging,True,True,False,False,False,False,0,5591,32898,0,1024,0
2026-08-14T04:28:05.295,4301076,13965,8.1918,8.2631,4.1014,4.0964,4.7665,4.7806,19.524,88.7,10120,11400,115.9,0.0,29.7,34.2,charging,True,True,False,False,False,False,0,5591,32898,0,1024,0
2026-08-14T04:28:05.793,4301076,13965,8.1918,8.2631,4.1014,4.0964,4.7665,4.7806,19.524,88.7,10120,11400,115.9,0.0,29.7,34.2,charging,True,True,False,False,False,False,0,5591,32898,0,1024,0
2026-08-14T04:28:06.292,4302076,13966,8.1918,8.2631,4.1023,4.0966,4.7868,4.7796,19.609,88.7,10121,11400,115.9,0.0,29.7,34.2,charging,True,True,False,False,False,False,0,5591,32898,0,1024,0
2026-08-14T04:28:06.790,4302076,13966,8.1918,8.2631,4.1023,4.0966,4.7868,4.7796,19.609,88.7,10121,11400,115.9,0.0,29.7,34.2,charging,True,True,False,False,False,False,0,5591,32898,0,1024,0
2026-08-14T04:28:07.289,4303076,13967,8.1918,8.2631,4.1021,4.0962,4.7775,4.7762,19.569,88.7,10122,11400,115.9,0.0,29.7,34.2,charging,True,True,False,False,False,False,0,5591,32898,0,1024,0
2026-08-14T04:28:07.788,4303076,13967,8.1918,8.2631,4.1021,4.0962,4.7775,4.7762,19.569,88.7,10122,11400,115.9,0.0,29.7,34.2,charging,True,True,False,False,False,False,0,5591,32898,0,1024,0
2026-08-14T04:28:08.287,4304076,13968,8.1918,8.2631,4.1034,4.0967,4.7637,4.7743,19.515,88.8,10124,11400,115.9,0.0,29.7,34.2,charging,True,True,False,False,False,False,0,5591,32898,0,1024,0
2026-08-14T04:28:08.784,4304076,13968,8.1918,8.2631,4.1034,4.0967,4.7637,4.7743,19.515,88.8,10124,11400,115.9,0.0,29.7,34.2,charging,True,True,False,False,False,False,0,5591,32898,0,1024,0
2026-08-14T04:28:09.283,4305076,13969,8.1918,8.2653,4.1025,4.0964,4.7831,4.7712,19.593,88.8,10125,11400,115.9,0.0,29.7,34.3,charging,True,True,False,False,False,False,0,5591,32898,0,1024,0
2026-08-14T04:28:09.782,4305076,13969,8.1918,8.2653,4.1025,4.0964,4.7831,4.7712,19.593,88.8,10125,11400,115.9,0.0,29.7,34.3,charging,True,True,False,False,False,False,0,5591,32898,0,1024,0
2026-08-14T04:28:10.280,4306076,13970,8.1987,8.2653,4.1021,4.0964,4.7771,4.77,19.568,88.8,10125,11400,115.9,0.0,29.7,34.2,charging,True,True,False,False,False,False,0,5580,32898,0,1024,0
2026-08-14T04:28:10.779,4306076,13970,8.1987,8.2653,4.1021,4.0964,4.7771,4.77,19.568,88.8,10125,11400,115.9,0.0,29.7,34.2,charging,True,True,False,False,False,False,0,5580,32898,0,1024,0
2026-08-14T04:28:11.277,4307076,13971,8.1987,8.2653,4.1034,4.0982,4.7671,4.7662,19.536,88.8,10127,11400,115.9,0.0,29.7,34.2,charging,True,True,False,False,False,False,0,5580,32898,0,1024,0
2026-08-14T04:28:11.776,4307076,13971,8.1987,8.2653,4.1034,4.0982,4.7671,4.7662,19.536,88.8,10127,11400,115.9,0.0,29.7,34.2,charging,True,True,False,False,False,False,0,5580,32898,0,1024,0
2026-08-14T04:28:12.274,4308076,13972,8.1987,8.2653,4.1021,4.0964,4.7446,4.764,19.435,88.8,10128,11400,115.9,0.0,29.7,34.2,charging,True,True,False,False,False,False,0,5580,32898,0,1024,0
2026-08-14T04:28:12.773,4308076,13972,8.1987,8.2653,4.1021,4.0964,4.7446,4.764,19.435,88.8,10128,11400,115.9,0.0,29.7,34.2,charging,True,True,False,False,False,False,0,5580,32898,0,1024,0
2026-08-14T04:28:13.272,4309076,13973,8.1987,8.2653,4.1032,4.0967,4.7584,4.7609,19.492,88.8,10129,11400,115.9,0.0,29.6,34.1,charging,True,True,False,False,False,False,0,5580,32898,0,1024,0
2026-08-14T04:28:13.770,4309076,13973,8.1987,8.2653,4.1032,4.0967,4.7584,4.7609,19.492,88.8,10129,11400,115.9,0.0,29.6,34.1,charging,True,True,False,False,False,False,0,5580,32898,0,1024,0
2026-08-14T04:28:14.269,4310076,13974,8.1987,8.2653,4.1031,4.0984,4.7546,4.7584,19.486,88.8,10130,11400,115.9,0.0,29.6,34.3,charging,True,True,False,False,False,False,0,5580,32898,0,1024,0
2026-08-14T04:28:14.767,4310076,13974,8.1987,8.2653,4.1031,4.0984,4.7546,4.7584,19.486,88.8,10130,11400,115.9,0.0,29.6,34.3,charging,True,True,False,False,False,False,0,5580,32898,0,1024,0
2026-08-14T04:28:15.266,4311076,13975,8.1987,8.2653,4.1021,4.0966,4.7356,4.755,19.398,88.8,10131,11400,115.9,0.0,29.6,34.2,charging,True,True,False,False,False,False,0,5580,32898,0,1024,0
2026-08-14T04:28:15.764,4311076,13975,8.1987,8.2653,4.1021,4.0966,4.7356,4.755,19.398,88.8,10131,11400,115.9,0.0,29.6,34.2,charging,True,True,False,False,False,False,0,5580,32898,0,1024,0
2026-08-14T04:28:16.263,4312076,13976,8.1987,8.2653,4.1025,4.0971,4.7434,4.7528,19.433,88.8,10132,11400,115.9,0.0,29.6,34.2,charging,True,True,False,False,False,False,0,5580,32898,0,1024,0
2026-08-14T04:28:16.762,4312076,13976,8.1987,8.2653,4.1025,4.0971,4.7434,4.7528,19.433,88.8,10132,11400,115.9,0.0,29.6,34.2,charging,True,True,False,False,False,False,0,5580,32898,0,1024,0
2026-08-14T04:28:17.260,4313076,13977,8.1987,8.2653,4.1028,4.0982,4.7421,4.7506,19.433,88.8,10133,11400,115.9,0.0,29.6,34.3,charging,True,True,False,False,False,False,0,5580,32898,0,1024,0
2026-08-14T04:28:17.759,4313076,13977,8.1987,8.2653,4.1028,4.0982,4.7421,4.7506,19.433,88.8,10133,11400,115.9,0.0,29.6,34.3,charging,True,True,False,False,False,False,0,5580,32898,0,1024,0
2026-08-14T04:28:18.257,4314076,13978,8.1987,8.2653,4.1021,4.0962,4.7446,4.7478,19.435,88.8,10134,11400,115.9,0.0,29.6,34.1,charging,True,True,False,False,False,False,0,5580,32898,0,1024,0
2026-08-14T04:28:18.756,4314076,13978,8.1987,8.2653,4.1021,4.0962,4.7446,4.7478,19.435,88.8,10134,11400,115.9,0.0,29.6,34.1,charging,True,True,False,False,False,False,0,5580,32898,0,1024,0
2026-08-14T04:28:19.255,4315076,13979,8.1987,8.2653,4.1045,4.0981,4.7381,4.7471,19.416,88.9,10135,11400,115.9,0.0,29.6,34.2,charging,True,True,False,False,False,False,0,5580,32898,0,1024,0
2026-08-14T04:28:19.753,4315076,13979,8.1987,8.2653,4.1045,4.0981,4.7381,4.7471,19.416,88.9,10135,11400,115.9,0.0,29.6,34.2,charging,True,True,False,False,False,False,0,5580,32898,0,1024,0
2026-08-14T04:28:20.251,4316076,13980,8.1987,8.2653,4.1032,4.0978,4.7315,4.744,19.388,88.9,10136,11400,115.9,0.0,29.6,34.0,charging,True,True,False,False,False,False,0,5580,32898,0,1024,0
2026-08-14T04:28:20.750,4316076,13980,8.1987,8.2653,4.1032,4.0978,4.7315,4.744,19.388,88.9,10136,11400,115.9,0.0,29.6,34.0,charging,True,True,False,False,False,False,0,5580,32898,0,1024,0
2026-08-14T04:28:21.249,4317076,13981,8.1987,8.2653,4.1023,4.0971,4.7165,4.7412,19.323,88.9,10138,11400,115.9,0.0,29.6,34.1,charging,True,True,False,False,False,False,0,5580,32898,0,1024,0
2026-08-14T04:28:21.747,4317076,13981,8.1987,8.2653,4.1023,4.0971,4.7165,4.7412,19.323,88.9,10138,11400,115.9,0.0,29.6,34.1,charging,True,True,False,False,False,False,0,5580,32898,0,1024,0
2026-08-14T04:28:22.246,4318076,13982,8.1987,8.2653,4.1021,4.0986,4.7415,4.7387,19.433,88.9,10139,11400,115.9,0.0,29.6,34.2,charging,True,True,False,False,False,False,0,5580,32898,0,1024,0
2026-08-14T04:28:22.744,4318076,13982,8.1987,8.2653,4.1021,4.0986,4.7415,4.7387,19.433,88.9,10139,11400,115.9,0.0,29.6,34.2,charging,True,True,False,False,False,False,0,5580,32898,0,1024,0
2026-08-14T04:28:23.242,4319076,13983,8.1987,8.2653,4.1027,4.0975,4.7125,4.7384,19.308,88.9,10139,11400,115.9,0.0,29.6,34.0,charging,True,True,False,False,False,False,0,5580,32898,0,1024,0
2026-08-14T04:28:23.741,4319076,13983,8.1987,8.2653,4.1027,4.0975,4.7125,4.7384,19.308,88.9,10139,11400,115.9,0.0,29.6,34.0,charging,True,True,False,False,False,False,0,5580,32898,0,1024,0
2026-08-14T04:28:24.240,4320076,13984,8.1987,8.2653,4.1043,4.0986,4.7246,4.7353,19.363,88.9,10141,11400,115.9,0.0,29.6,34.1,charging,True,True,False,False,False,False,0,5563,32898,0,1024,0
2026-08-14T04:28:24.738,4320076,13984,8.1987,8.2653,4.1043,4.0986,4.7246,4.7353,19.363,88.9,10141,11400,115.9,0.0,29.6,34.1,charging,True,True,False,False,False,False,0,5563,32898,0,1024,0
2026-08-14T04:28:25.237,4321076,13985,8.1987,8.2653,4.1038,4.0984,4.7193,4.7331,19.34,88.9,10142,11400,115.9,0.0,29.6,34.0,charging,True,True,False,False,False,False,0,5563,32898,0,1024,0
2026-08-14T04:28:25.736,4321076,13985,8.1987,8.2653,4.1038,4.0984,4.7193,4.7331,19.34,88.9,10142,11400,115.9,0.0,29.6,34.0,charging,True,True,False,False,False,False,0,5563,32898,0,1024,0
2026-08-14T04:28:26.234,4322076,13986,8.1987,8.2653,4.1042,4.0989,4.7396,4.7325,19.427,88.9,10143,11400,115.9,0.0,29.6,34.0,charging,True,True,False,False,False,False,0,5563,32898,0,1024,0
2026-08-14T04:28:26.733,4322076,13986,8.1987,8.2653,4.1042,4.0989,4.7396,4.7325,19.427,88.9,10143,11400,115.9,0.0,29.6,34.0,charging,True,True,False,False,False,False,0,5563,32898,0,1024,0
2026-08-14T04:28:27.231,4323076,13987,8.1987,8.2653,4.1021,4.0981,4.7181,4.7306,19.334,88.9,10144,11400,115.9,0.0,29.6,34.0,charging,True,True,False,False,False,False,0,5563,32898,0,1024,0
2026-08-14T04:28:27.730,4323076,13987,8.1987,8.2653,4.1021,4.0981,4.7181,4.7306,19.334,88.9,10144,11400,115.9,0.0,29.6,34.0,charging,True,True,False,False,False,False,0,5563,32898,0,1024,0
2026-08-14T04:28:28.228,4324076,13988,8.1987,8.2653,4.1039,4.0973,4.7318,4.7312,19.387,88.9,10145,11400,115.9,0.0,29.6,33.9,charging,True,True,False,False,False,False,0,5563,32898,0,1024,0
2026-08-14T04:28:28.727,4324076,13988,8.1987,8.2653,4.1039,4.0973,4.7318,4.7312,19.387,88.9,10145,11400,115.9,0.0,29.6,33.9,charging,True,True,False,False,False,False,0,5563,32898,0,1024,0
2026-08-14T04:28:29.226,4325076,13989,8.1987,8.2653,4.1042,4.0966,4.7084,4.7296,19.288,89.0,10146,11400,115.9,0.0,29.6,34.0,charging,True,True,False,False,False,False,0,5563,32898,0,1024,0
2026-08-14T04:28:29.724,4325076,13989,8.1987,8.2653,4.1042,4.0966,4.7084,4.7296,19.288,89.0,10146,11400,115.9,0.0,29.6,34.0,charging,True,True,False,False,False,False,0,5563,32898,0,1024,0
2026-08-14T04:28:30.223,4326076,13990,8.1987,8.2653,4.1051,4.0978,4.734,4.7278,19.398,89.0,10147,11400,115.9,0.0,29.5,33.9,charging,True,True,False,False,False,False,0,5563,32898,0,1024,0
2026-08-14T04:28:30.722,4326076,13990,8.1987,8.2653,4.1051,4.0978,4.734,4.7278,19.398,89.0,10147,11400,115.9,0.0,29.5,33.9,charging,True,True,False,False,False,False,0,5563,32898,0,1024,0
2026-08-14T04:28:31.220,4327076,13991,8.1987,8.2653,4.1025,4.0993,4.7056,4.7243,19.289,89.0,10148,11400,115.9,0.0,29.5,34.1,charging,True,True,False,False,False,False,0,5563,32898,0,1024,0
2026-08-14T04:28:31.718,4327076,13991,8.1987,8.2653,4.1025,4.0993,4.7056,4.7243,19.289,89.0,10148,11400,115.9,0.0,29.5,34.1,charging,True,True,False,False,False,False,0,5563,32898,0,1024,0
2026-08-14T04:28:32.217,4328076,13992,8.1965,8.2618,4.1025,4.0982,4.73,4.7231,19.384,89.0,10149,11400,115.9,0.0,29.5,34.0,charging,True,True,False,False,False,False,0,5563,32898,0,1024,0
2026-08-14T04:28:32.716,4328076,13992,8.1965,8.2618,4.1025,4.0982,4.73,4.7231,19.384,89.0,10149,11400,115.9,0.0,29.5,34.0,charging,True,True,False,False,False,False,0,5563,32898,0,1024,0
2026-08-14T04:28:33.214,4329076,13993,8.1965,8.2618,4.1038,4.0978,4.7178,4.7193,19.331,89.0,10150,11400,115.9,0.0,29.5,34.0,charging,True,True,False,False,False,False,0,5563,32898,0,1024,0
2026-08-14T04:28:33.713,4329076,13993,8.1965,8.2618,4.1038,4.0978,4.7178,4.7193,19.331,89.0,10150,11400,115.9,0.0,29.5,34.0,charging,True,True,False,False,False,False,0,5563,32898,0,1024,0
2026-08-14T04:28:34.211,4330076,13994,8.1965,8.2618,4.1032,4.0993,4.6993,4.7184,19.264,89.0,10152,11400,115.9,0.0,29.5,33.8,charging,True,True,False,False,False,False,0,5563,32898,0,1024,0
2026-08-14T04:28:34.710,4330076,13994,8.1965,8.2618,4.1032,4.0993,4.6993,4.7184,19.264,89.0,10152,11400,115.9,0.0,29.5,33.8,charging,True,True,False,False,False,False,0,5563,32898,0,1024,0
2026-08-14T04:28:35.208,4331076,13995,8.1965,8.2618,4.1034,4.0986,4.7303,4.7171,19.387,89.0,10153,11400,115.9,0.0,29.5,34.0,charging,True,True,False,False,False,False,0,5563,32898,0,1024,0
2026-08-14T04:28:35.707,4331076,13995,8.1965,8.2618,4.1034,4.0986,4.7303,4.7171,19.387,89.0,10153,11400,115.9,0.0,29.5,34.0,charging,True,True,False,False,False,False,0,5563,32898,0,1024,0
2026-08-14T04:28:36.206,4332076,13996,8.1965,8.2618,4.1042,4.0992,4.7071,4.7128,19.294,89.0,10153,11400,115.9,0.0,29.5,34.0,charging,True,True,False,False,False,False,0,5563,32898,0,1024,0
2026-08-14T04:28:36.704,4332076,13996,8.1965,8.2618,4.1042,4.0992,4.7071,4.7128,19.294,89.0,10153,11400,115.9,0.0,29.5,34.0,charging,True,True,False,False,False,False,0,5563,32898,0,1024,0
2026-08-14T04:28:37.202,4333076,13997,8.1965,8.2618,4.1038,4.0989,4.7009,4.7106,19.267,89.0,10155,11400,115.9,0.0,29.5,34.1,charging,True,True,False,False,False,False,0,5563,32898,0,1024,0
2026-08-14T04:28:37.701,4333076,13997,8.1965,8.2618,4.1038,4.0989,4.7009,4.7106,19.267,89.0,10155,11400,115.9,0.0,29.5,34.1,charging,True,True,False,False,False,False,0,5563,32898,0,1024,0
2026-08-14T04:28:38.199,4334076,13998,8.1965,8.2618,4.1038,4.0977,4.685,4.7075,19.196,89.0,10156,11400,115.9,0.0,29.5,33.8,charging,True,True,False,False,False,False,0,5563,32898,0,1024,0
2026-08-14T04:28:38.698,4334076,13998,8.1965,8.2618,4.1038,4.0977,4.685,4.7075,19.196,89.0,10156,11400,115.9,0.0,29.5,33.8,charging,True,True,False,False,False,False,0,5563,32898,0,1024,0
2026-08-14T04:28:39.196,4335076,13999,8.1965,8.2618,4.1043,4.0971,4.6834,4.7031,19.188,89.0,10157,11400,115.9,0.0,29.5,33.9,charging,True,True,False,False,False,False,0,5563,32898,0,1024,0
2026-08-14T04:28:39.695,4335076,13999,8.1965,8.2618,4.1043,4.0971,4.6834,4.7031,19.188,89.0,10157,11400,115.9,0.0,29.5,33.9,charging,True,True,False,False,False,False,0,5563,32898,0,1024,0
2026-08-14T04:28:40.193,4336076,14000,8.1965,8.2618,4.1058,4.096,4.71,4.7028,19.291,89.0,10158,11400,115.9,0.0,29.5,33.8,charging,True,True,False,False,False,False,0,5563,32898,0,1024,0
2026-08-14T04:28:40.692,4336076,14000,8.1965,8.2618,4.1058,4.096,4.71,4.7028,19.291,89.0,10158,11400,115.9,0.0,29.5,33.8,charging,True,True,False,False,False,False,0,5563,32898,0,1024,0
2026-08-14T04:28:41.191,4337076,14001,8.1965,8.2618,4.1049,4.0984,4.675,4.6987,19.16,89.1,10159,11400,115.9,0.0,29.5,33.7,charging,True,True,False,False,False,False,0,5563,32898,0,1024,0
2026-08-14T04:28:41.689,4337076,14001,8.1965,8.2618,4.1049,4.0984,4.675,4.6987,19.16,89.1,10159,11400,115.9,0.0,29.5,33.7,charging,True,True,False,False,False,False,0,5563,32898,0,1024,0
2026-08-14T04:28:42.187,4338076,14002,8.1965,8.2618,4.1034,4.0978,4.6928,4.6975,19.228,89.1,10160,11400,115.9,0.0,29.5,34.0,charging,True,True,False,False,False,False,0,5551,32898,0,1024,0
2026-08-14T04:28:42.686,4338076,14002,8.1965,8.2618,4.1034,4.0978,4.6928,4.6975,19.228,89.1,10160,11400,115.9,0.0,29.5,34.0,charging,True,True,False,False,False,False,0,5551,32898,0,1024,0
2026-08-14T04:28:43.184,4339076,14003,8.1965,8.2618,4.1042,4.0978,4.6693,4.6956,19.132,89.1,10161,11400,115.9,0.0,29.4,34.0,charging,True,True,False,False,False,False,0,5551,32898,0,1024,0
2026-08-14T04:28:43.682,4339076,14003,8.1965,8.2618,4.1042,4.0978,4.6693,4.6956,19.132,89.1,10161,11400,115.9,0.0,29.4,34.0,charging,True,True,False,False,False,False,0,5551,32898,0,1024,0
2026-08-14T04:28:44.181,4340076,14004,8.1965,8.2618,4.1042,4.0973,4.6678,4.6928,19.124,89.1,10162,11400,115.9,0.0,29.5,33.9,charging,True,True,False,False,False,False,0,5551,32898,0,1024,0
2026-08-14T04:28:44.679,4340076,14004,8.1965,8.2618,4.1042,4.0973,4.6678,4.6928,19.124,89.1,10162,11400,115.9,0.0,29.5,33.9,charging,True,True,False,False,False,False,0,5551,32898,0,1024,0
2026-08-14T04:28:45.178,4341076,14005,8.1965,8.2618,4.1038,4.0982,4.6828,4.6915,19.19,89.1,10163,11400,115.9,0.0,29.5,33.8,charging,True,True,False,False,False,False,0,5551,32898,0,1024,0
2026-08-14T04:28:45.676,4341076,14005,8.1965,8.2618,4.1038,4.0982,4.6828,4.6915,19.19,89.1,10163,11400,115.9,0.0,29.5,33.8,charging,True,True,False,False,False,False,0,5551,32898,0,1024,0
2026-08-14T04:28:46.175,4342076,14006,8.1965,8.2618,4.1043,4.0984,4.679,4.6896,19.176,89.1,10164,11400,115.9,0.0,29.5,33.8,charging,True,True,False,False,False,False,0,5551,32898,0,1024,0
2026-08-14T04:28:46.673,4342076,14006,8.1965,8.2618,4.1043,4.0984,4.679,4.6896,19.176,89.1,10164,11400,115.9,0.0,29.5,33.8,charging,True,True,False,False,False,False,0,5551,32898,0,1024,0
2026-08-14T04:28:47.172,4343076,14007,8.1965,8.2618,4.1043,4.1008,4.6678,4.6862,19.14,89.1,10165,11400,115.9,0.0,29.4,33.8,charging,True,True,False,False,False,False,0,5551,32898,0,1024,0
2026-08-14T04:28:47.670,4343076,14007,8.1965,8.2618,4.1043,4.1008,4.6678,4.6862,19.14,89.1,10165,11400,115.9,0.0,29.4,33.8,charging,True,True,False,False,False,False,0,5551,32898,0,1024,0
2026-08-14T04:28:48.169,4344076,14008,8.1965,8.2618,4.1042,4.0989,4.694,4.685,19.24,89.1,10166,11400,115.9,0.0,29.4,33.8,charging,True,True,False,False,False,False,0,5551,32898,0,1024,0
2026-08-14T04:28:48.667,4344076,14008,8.1965,8.2618,4.1042,4.0989,4.694,4.685,19.24,89.1,10166,11400,115.9,0.0,29.4,33.8,charging,True,True,False,False,False,False,0,5551,32898,0,1024,0
2026-08-14T04:28:49.166,4345076,14009,8.1965,8.2618,4.1043,4.0993,4.6728,4.6843,19.155,89.1,10168,11400,115.9,0.0,29.4,33.8,charging,True,True,False,False,False,False,0,5551,32898,0,1024,0
2026-08-14T04:28:49.665,4345076,14009,8.1965,8.2618,4.1043,4.0993,4.6728,4.6843,19.155,89.1,10168,11400,115.9,0.0,29.4,33.8,charging,True,True,False,False,False,False,0,5551,32898,0,1024,0
2026-08-14T04:28:50.163,4346076,14010,8.1965,8.2618,4.1045,4.0975,4.6678,4.6815,19.124,89.1,10168,11400,115.9,0.0,29.4,33.9,charging,True,True,False,False,False,False,0,5551,32898,0,1024,0
2026-08-14T04:28:50.662,4346076,14010,8.1965,8.2618,4.1045,4.0975,4.6678,4.6815,19.124,89.1,10168,11400,115.9,0.0,29.4,33.9,charging,True,True,False,False,False,False,0,5551,32898,0,1024,0
2026-08-14T04:28:51.161,4347076,14011,8.1965,8.2618,4.1042,4.0995,4.6593,4.6778,19.1,89.2,10169,11400,115.9,0.0,29.4,33.8,charging,True,True,False,False,False,False,0,5551,32898,0,1024,0
2026-08-14T04:28:51.659,4347076,14011,8.1965,8.2618,4.1042,4.0995,4.6593,4.6778,19.1,89.2,10169,11400,115.9,0.0,29.4,33.8,charging,True,True,False,False,False,False,0,5551,32898,0,1024,0
2026-08-14T04:28:52.157,4348076,14012,8.1965,8.2618,4.1057,4.0988,4.6796,4.6762,19.18,89.2,10171,11400,115.9,0.0,29.4,34.0,charging,True,True,False,False,False,False,0,5551,32898,0,1024,0
2026-08-14T04:28:52.656,4348076,14012,8.1965,8.2618,4.1057,4.0988,4.6796,4.6762,19.18,89.2,10171,11400,115.9,0.0,29.4,34.0,charging,True,True,False,False,False,False,0,5551,32898,0,1024,0
2026-08-14T04:28:53.155,4349076,14013,8.1965,8.2618,4.1057,4.0992,4.6425,4.6718,19.03,89.2,10172,11400,115.9,0.0,29.4,33.9,charging,True,True,False,False,False,False,0,5551,32898,0,1024,0
2026-08-14T04:28:53.653,4349076,14013,8.1965,8.2618,4.1057,4.0992,4.6425,4.6718,19.03,89.2,10172,11400,115.9,0.0,29.4,33.9,charging,True,True,False,False,False,False,0,5551,32898,0,1024,0
2026-08-14T04:28:54.151,4350076,14014,8.1965,8.2653,4.1054,4.0986,4.6753,4.6703,19.161,89.2,10173,11400,115.9,0.0,29.4,33.6,charging,True,True,False,False,False,False,0,5551,32898,0,1024,0
2026-08-14T04:28:54.650,4350076,14014,8.1965,8.2653,4.1054,4.0986,4.6753,4.6703,19.161,89.2,10173,11400,115.9,0.0,29.4,33.6,charging,True,True,False,False,False,False,0,5551,32898,0,1024,0
2026-08-14T04:28:55.149,4351076,14015,8.2053,8.2653,4.1047,4.0992,4.6243,4.6687,18.955,89.2,10174,11400,115.9,0.0,29.4,33.7,charging,True,True,False,False,False,False,0,5551,32898,0,1024,0
2026-08-14T04:28:55.647,4351076,14015,8.2053,8.2653,4.1047,4.0992,4.6243,4.6687,18.955,89.2,10174,11400,115.9,0.0,29.4,33.7,charging,True,True,False,False,False,False,0,5551,32898,0,1024,0
2026-08-14T04:28:56.145,4352076,14016,8.2053,8.2653,4.1043,4.0989,4.6675,4.6634,19.131,89.2,10175,11400,115.9,0.0,29.4,33.8,charging,True,True,False,False,False,False,0,5535,32898,0,1024,0
2026-08-14T04:28:56.644,4352076,14016,8.2053,8.2653,4.1043,4.0989,4.6675,4.6634,19.131,89.2,10175,11400,115.9,0.0,29.4,33.8,charging,True,True,False,False,False,False,0,5535,32898,0,1024,0
2026-08-14T04:28:57.143,4353076,14017,8.2053,8.2653,4.1043,4.0999,4.6493,4.6628,19.06,89.2,10176,11400,115.9,0.0,29.4,33.9,charging,True,True,False,False,False,False,0,5535,32898,0,1024,0
2026-08-14T04:28:57.641,4353076,14017,8.2053,8.2653,4.1043,4.0999,4.6493,4.6628,19.06,89.2,10176,11400,115.9,0.0,29.4,33.9,charging,True,True,False,False,False,False,0,5535,32898,0,1024,0
2026-08-14T04:28:58.140,4354076,14018,8.2053,8.2653,4.1049,4.0984,4.6537,4.6606,19.072,89.2,10177,11400,115.9,0.0,29.3,33.8,charging,True,True,False,False,False,False,0,5535,32898,0,1024,0
2026-08-14T04:28:58.639,4354076,14018,8.2053,8.2653,4.1049,4.0984,4.6537,4.6606,19.072,89.2,10177,11400,115.9,0.0,29.3,33.8,charging,True,True,False,False,False,False,0,5535,32898,0,1024,0
2026-08-14T04:28:59.137,4355076,14019,8.2053,8.2653,4.1042,4.0984,4.6343,4.6562,18.993,89.2,10178,11400,115.9,0.0,29.3,33.6,charging,True,True,False,False,False,False,0,5535,32898,0,1024,0
2026-08-14T04:28:59.636,4355076,14019,8.2053,8.2653,4.1042,4.0984,4.6343,4.6562,18.993,89.2,10178,11400,115.9,0.0,29.3,33.6,charging,True,True,False,False,False,False,0,5535,32898,0,1024,0
2026-08-14T04:29:00.134,4356076,14020,8.2053,8.2653,4.1043,4.0999,4.6312,4.6546,18.987,89.2,10179,11400,115.9,0.0,29.4,33.7,charging,True,True,False,False,False,False,0,5535,32898,0,1024,0
2026-08-14T04:29:00.633,4356076,14020,8.2053,8.2653,4.1043,4.0999,4.6312,4.6546,18.987,89.2,10179,11400,115.9,0.0,29.4,33.7,charging,True,True,False,False,False,False,0,5535,32898,0,1024,0
2026-08-14T04:29:01.131,4357076,14021,8.2053,8.2653,4.1034,4.0997,4.6365,4.6512,19.008,89.2,10180,11400,115.9,0.0,29.4,33.7,charging,True,True,False,False,False,False,0,5535,32898,0,1024,0
2026-08-14T04:29:01.630,4357076,14021,8.2053,8.2653,4.1034,4.0997,4.6365,4.6512,19.008,89.2,10180,11400,115.9,0.0,29.4,33.7,charging,True,True,False,False,False,False,0,5535,32898,0,1024,0
2026-08-14T04:29:02.130,4358076,14022,8.2053,8.2653,4.1039,4.1012,4.6403,4.6496,19.03,89.3,10181,11400,115.9,0.0,29.3,33.7,charging,True,True,False,False,False,False,0,5535,32898,0,1024,0
2026-08-14T04:29:02.627,4358076,14022,8.2053,8.2653,4.1039,4.1012,4.6403,4.6496,19.03,89.3,10181,11400,115.9,0.0,29.3,33.7,charging,True,True,False,False,False,False,0,5535,32898,0,1024,0
2026-08-14T04:29:03.126,4359076,14023,8.2053,8.2653,4.1049,4.0997,4.6171,4.6484,18.928,89.3,10182,11400,115.9,0.0,29.3,33.8,charging,True,True,False,False,False,False,0,5535,32898,0,1024,0
2026-08-14T04:29:03.625,4359076,14023,8.2053,8.2653,4.1049,4.0997,4.6171,4.6484,18.928,89.3,10182,11400,115.9,0.0,29.3,33.8,charging,True,True,False,False,False,False,0,5535,32898,0,1024,0
2026-08-14T04:29:04.123,4360076,14024,8.2053,8.2653,4.1042,4.1003,4.6521,4.6471,19.075,89.3,10183,11400,115.9,0.0,29.3,33.7,charging,True,True,False,False,False,False,0,5535,32898,0,1024,0
2026-08-14T04:29:04.622,4360076,14024,8.2053,8.2653,4.1042,4.1003,4.6521,4.6471,19.075,89.3,10183,11400,115.9,0.0,29.3,33.7,charging,True,True,False,False,False,False,0,5535,32898,0,1024,0
2026-08-14T04:29:05.120,4361076,14025,8.2053,8.2653,4.1047,4.0997,4.6365,4.6456,19.008,89.3,10184,11400,115.9,0.0,29.3,33.7,charging,True,True,False,False,False,False,0,5535,32898,0,1024,0
2026-08-14T04:29:05.619,4361076,14025,8.2053,8.2653,4.1047,4.0997,4.6365,4.6456,19.008,89.3,10184,11400,115.9,0.0,29.3,33.7,charging,True,True,False,False,False,False,0,5535,32898,0,1024,0
2026-08-14T04:29:06.118,4362076,14026,8.2053,8.2653,4.1043,4.0982,4.635,4.6418,18.995,89.3,10185,11400,115.9,0.0,29.3,33.5,charging,True,True,False,False,False,False,0,5535,32898,0,1024,0
2026-08-14T04:29:06.616,4362076,14026,8.2053,8.2653,4.1043,4.0982,4.635,4.6418,18.995,89.3,10185,11400,115.9,0.0,29.3,33.5,charging,True,True,False,False,False,False,0,5535,32898,0,1024,0
2026-08-14T04:29:07.115,4363076,14027,8.2053,8.2653,4.1042,4.0992,4.61,4.6381,18.896,89.3,10187,11400,115.9,0.0,29.3,33.8,charging,True,True,False,False,False,False,0,5535,32898,0,1024,0
2026-08-14T04:29:07.613,4363076,14027,8.2053,8.2653,4.1042,4.0992,4.61,4.6381,18.896,89.3,10187,11400,115.9,0.0,29.3,33.8,charging,True,True,False,False,False,False,0,5535,32898,0,1024,0
2026-08-14T04:29:08.112,4364076,14028,8.2053,8.2653,4.1066,4.1004,4.6303,4.6381,18.985,89.3,10188,11400,115.9,0.0,29.3,33.8,charging,True,True,False,False,False,False,0,5535,32898,0,1024,0
2026-08-14T04:29:08.610,4364076,14028,8.2053,8.2653,4.1066,4.1004,4.6303,4.6381,18.985,89.3,10188,11400,115.9,0.0,29.3,33.8,charging,True,True,False,False,False,False,0,5535,32898,0,1024,0
2026-08-14T04:29:09.109,4365076,14029,8.2053,8.2653,4.1062,4.0992,4.6221,4.6368,18.947,89.3,10188,11400,115.9,0.0,29.3,33.7,charging,True,True,False,False,False,False,0,5535,32898,0,1024,0
2026-08-14T04:29:09.607,4365076,14029,8.2053,8.2653,4.1062,4.0992,4.6221,4.6368,18.947,89.3,10188,11400,115.9,0.0,29.3,33.7,charging,True,True,False,False,False,False,0,5535,32898,0,1024,0
2026-08-14T04:29:10.106,4366076,14030,8.2053,8.2653,4.1054,4.0984,4.6359,4.6356,19.0,89.3,10189,11400,115.9,0.0,29.3,33.7,charging,True,True,False,False,False,False,0,5535,32898,0,1024,0
2026-08-14T04:29:10.604,4366076,14030,8.2053,8.2653,4.1054,4.0984,4.6359,4.6356,19.0,89.3,10189,11400,115.9,0.0,29.3,33.7,charging,True,True,False,False,False,False,0,5535,32898,0,1024,0
2026-08-14T04:29:11.103,4367076,14031,8.2053,8.2653,4.1054,4.0999,4.63,4.6334,18.98,89.3,10191,11400,115.9,0.0,29.3,33.7,charging,True,True,False,False,False,False,0,5535,32898,0,1024,0
2026-08-14T04:29:11.602,4367076,14031,8.2053,8.2653,4.1054,4.0999,4.63,4.6334,18.98,89.3,10191,11400,115.9,0.0,29.3,33.7,charging,True,True,False,False,False,False,0,5535,32898,0,1024,0
2026-08-14T04:29:12.101,4368076,14032,8.2053,8.2653,4.1049,4.0999,4.6103,4.63,18.9,89.4,10192,11400,115.9,0.0,29.3,33.7,charging,True,True,False,False,False,False,0,5535,32898,0,1024,0
2026-08-14T04:29:12.599,4368076,14032,8.2053,8.2653,4.1049,4.0999,4.6103,4.63,18.9,89.4,10192,11400,115.9,0.0,29.3,33.7,charging,True,True,False,False,False,False,0,5535,32898,0,1024,0
2026-08-14T04:29:13.097,4369076,14033,8.2053,8.2653,4.1049,4.1004,4.6387,4.6296,19.02,89.4,10193,11400,115.9,0.0,29.3,33.7,charging,True,True,False,False,False,False,0,5523,32898,0,1024,0
2026-08-14T04:29:13.596,4369076,14033,8.2053,8.2653,4.1049,4.1004,4.6387,4.6296,19.02,89.4,10193,11400,115.9,0.0,29.3,33.7,charging,True,True,False,False,False,False,0,5523,32898,0,1024,0
2026-08-14T04:29:14.094,4370076,14034,8.2053,8.2653,4.1057,4.101,4.6109,4.6268,18.908,89.4,10194,11400,115.9,0.0,29.3,33.6,charging,True,True,False,False,False,False,0,5523,32898,0,1024,0
2026-08-14T04:29:14.593,4370076,14034,8.2053,8.2653,4.1057,4.101,4.6109,4.6268,18.908,89.4,10194,11400,115.9,0.0,29.3,33.6,charging,True,True,False,False,False,False,0,5523,32898,0,1024,0
2026-08-14T04:29:15.093,4371076,14035,8.2053,8.2653,4.1058,4.1016,4.6062,4.6237,18.892,89.4,10195,11400,115.9,0.0,29.3,33.6,charging,True,True,False,False,False,False,0,5523,32898,0,1024,0
2026-08-14T04:29:15.590,4371076,14035,8.2053,8.2653,4.1058,4.1016,4.6062,4.6237,18.892,89.4,10195,11400,115.9,0.0,29.3,33.6,charging,True,True,False,False,False,False,0,5523,32898,0,1024,0
2026-08-14T04:29:16.089,4372076,14036,8.2053,8.2653,4.1057,4.1012,4.6156,4.6215,18.929,89.4,10196,11400,115.9,0.0,29.3,33.7,charging,True,True,False,False,False,False,0,5523,32898,0,1024,0
2026-08-14T04:29:16.587,4372076,14036,8.2053,8.2653,4.1057,4.1012,4.6156,4.6215,18.929,89.4,10196,11400,115.9,0.0,29.3,33.7,charging,True,True,False,False,False,False,0,5523,32898,0,1024,0
2026-08-14T04:29:17.086,4373076,14037,8.2068,8.269,4.1057,4.1012,4.6106,4.6209,18.908,89.4,10197,11400,115.9,0.0,29.3,33.8,charging,True,True,False,False,False,False,0,5523,32898,0,1024,0
2026-08-14T04:29:17.585,4373076,14037,8.2068,8.269,4.1057,4.1012,4.6106,4.6209,18.908,89.4,10197,11400,115.9,0.0,29.3,33.8,charging,True,True,False,False,False,False,0,5523,32898,0,1024,0
2026-08-14T04:29:18.083,4374076,14038,8.2068,8.269,4.1058,4.101,4.5959,4.6175,18.846,89.4,10198,11400,115.9,0.0,29.3,33.7,charging,True,True,False,False,False,False,0,5523,32898,0,1024,0
2026-08-14T04:29:18.582,4374076,14038,8.2068,8.269,4.1058,4.101,4.5959,4.6175,18.846,89.4,10198,11400,115.9,0.0,29.3,33.7,charging,True,True,False,False,False,False,0,5523,32898,0,1024,0
2026-08-14T04:29:19.080,4375076,14039,8.2068,8.269,4.1053,4.1012,4.6,4.6153,18.865,89.4,10199,11400,115.9,0.0,29.3,33.7,charging,True,True,False,False,False,False,0,5523,32898,0,1024,0
2026-08-14T04:29:19.579,4375076,14039,8.2068,8.269,4.1053,4.1012,4.6,4.6153,18.865,89.4,10199,11400,115.9,0.0,29.3,33.7,charging,True,True,False,False,False,False,0,5523,32898,0,1024,0
2026-08-14T04:29:20.078,4376076,14040,8.2068,8.269,4.1054,4.1008,4.6109,4.6137,18.907,89.4,10200,11400,115.9,0.0,29.3,33.5,charging,True,True,False,False,False,False,0,5523,32898,0,1024,0
2026-08-14T04:29:20.576,4376076,14040,8.2068,8.269,4.1054,4.1008,4.6109,4.6137,18.907,89.4,10200,11400,115.9,0.0,29.3,33.5,charging,True,True,False,False,False,False,0,5523,32898,0,1024,0
2026-08-14T04:29:21.075,4377076,14041,8.2068,8.269,4.1054,4.0993,4.5956,4.6115,18.838,89.4,10201,11400,115.9,0.0,29.3,33.6,charging,True,True,False,False,False,False,0,5523,32898,0,1024,0
2026-08-14T04:29:21.574,4377076,14041,8.2068,8.269,4.1054,4.0993,4.5956,4.6115,18.838,89.4,10201,11400,115.9,0.0,29.3,33.6,charging,True,True,False,False,False,False,0,5523,32898,0,1024,0
2026-08-14T04:29:22.072,4378076,14042,8.2068,8.269,4.1066,4.1027,4.6271,4.61,18.982,89.4,10202,11400,115.9,0.0,29.3,33.5,charging,True,True,False,False,False,False,0,5523,32898,0,1024,0
2026-08-14T04:29:22.570,4378076,14042,8.2068,8.269,4.1066,4.1027,4.6271,4.61,18.982,89.4,10202,11400,115.9,0.0,29.3,33.5,charging,True,True,False,False,False,False,0,5523,32898,0,1024,0
2026-08-14T04:29:23.070,4379076,14043,8.2068,8.269,4.1049,4.1003,4.5884,4.6078,18.812,89.5,10203,11400,115.9,0.0,29.3,33.6,charging,True,True,False,False,False,False,0,5523,32898,0,1024,0
2026-08-14T04:29:23.568,4379076,14043,8.2068,8.269,4.1049,4.1003,4.5884,4.6078,18.812,89.5,10203,11400,115.9,0.0,29.3,33.6,charging,True,True,False,False,False,False,0,5523,32898,0,1024,0
2026-08-14T04:29:24.066,4380076,14044,8.2068,8.269,4.1066,4.101,4.574,4.6037,18.756,89.5,10204,11400,115.9,0.0,29.3,33.6,charging,True,True,False,False,False,False,0,5523,32898,0,1024,0
2026-08-14T04:29:24.565,4380076,14044,8.2068,8.269,4.1066,4.101,4.574,4.6037,18.756,89.5,10204,11400,115.9,0.0,29.3,33.6,charging,True,True,False,False,False,False,0,5523,32898,0,1024,0
2026-08-14T04:29:25.063,4381076,14045,8.2068,8.269,4.1047,4.101,4.5956,4.6018,18.844,89.5,10205,11400,115.9,0.0,29.3,33.5,charging,True,True,False,False,False,False,0,5523,32898,0,1024,0
2026-08-14T04:29:25.562,4381076,14045,8.2068,8.269,4.1047,4.101,4.5956,4.6018,18.844,89.5,10205,11400,115.9,0.0,29.3,33.5,charging,True,True,False,False,False,False,0,5523,32898,0,1024,0
2026-08-14T04:29:26.060,4382076,14046,8.2068,8.269,4.1049,4.1008,4.5915,4.599,18.828,89.5,10206,11400,115.9,0.0,29.2,33.7,charging,True,True,False,False,False,False,0,5523,32898,0,1024,0
2026-08-14T04:29:26.559,4382076,14046,8.2068,8.269,4.1049,4.1008,4.5915,4.599,18.828,89.5,10206,11400,115.9,0.0,29.2,33.7,charging,True,True,False,False,False,False,0,5523,32898,0,1024,0
2026-08-14T04:29:27.057,4383076,14047,8.2068,8.269,4.1066,4.101,4.5925,4.5981,18.832,89.5,10207,11400,115.9,0.0,29.2,33.6,charging,True,True,False,False,False,False,0,5523,32898,0,1024,0
2026-08-14T04:29:27.556,4383076,14047,8.2068,8.269,4.1066,4.101,4.5925,4.5981,18.832,89.5,10207,11400,115.9,0.0,29.2,33.6,charging,True,True,False,False,False,False,0,5523,32898,0,1024,0
2026-08-14T04:29:28.055,4384076,14048,8.2068,8.269,4.1057,4.101,4.6059,4.5962,18.888,89.5,10209,11400,115.9,0.0,29.2,33.5,charging,True,True,False,False,False,False,0,5523,32898,0,1024,0
2026-08-14T04:29:28.553,4384076,14048,8.2068,8.269,4.1057,4.101,4.6059,4.5962,18.888,89.5,10209,11400,115.9,0.0,29.2,33.5,charging,True,True,False,False,False,False,0,5523,32898,0,1024,0
2026-08-14T04:29:29.051,4385076,14049,8.2068,8.269,4.106,4.1008,4.5834,4.594,18.795,89.5,10210,11400,115.9,0.0,29.3,33.6,charging,True,True,False,False,False,False,0,5523,32898,0,1024,0
2026-08-14T04:29:29.550,4385076,14049,8.2068,8.269,4.106,4.1008,4.5834,4.594,18.795,89.5,10210,11400,115.9,0.0,29.3,33.6,charging,True,True,False,False,False,False,0,5523,32898,0,1024,0
2026-08-14T04:29:30.049,4386076,14050,8.2068,8.269,4.1062,4.0999,4.5915,4.5925,18.824,89.5,10210,11400,115.9,0.0,29.2,33.4,charging,True,True,False,False,False,False,0,5506,32898,0,1024,0
2026-08-14T04:29:30.547,4386076,14050,8.2068,8.269,4.1062,4.0999,4.5915,4.5925,18.824,89.5,10210,11400,115.9,0.0,29.2,33.4,charging,True,True,False,False,False,False,0,5506,32898,0,1024,0
2026-08-14T04:29:31.045,4387076,14051,8.2068,8.269,4.106,4.101,4.5634,4.5896,18.713,89.5,10211,11400,115.9,0.0,29.2,33.5,charging,True,True,False,False,False,False,0,5506,32898,0,1024,0
2026-08-14T04:29:31.544,4387076,14051,8.2068,8.269,4.106,4.101,4.5634,4.5896,18.713,89.5,10211,11400,115.9,0.0,29.2,33.5,charging,True,True,False,False,False,False,0,5506,32898,0,1024,0
2026-08-14T04:29:32.043,4388076,14052,8.2068,8.269,4.1062,4.1023,4.5781,4.5868,18.78,89.5,10213,11400,115.9,0.0,29.2,33.5,charging,True,True,False,False,False,False,0,5506,32898,0,1024,0
2026-08-14T04:29:32.541,4388076,14052,8.2068,8.269,4.1062,4.1023,4.5781,4.5868,18.78,89.5,10213,11400,115.9,0.0,29.2,33.5,charging,True,True,False,False,False,False,0,5506,32898,0,1024,0
2026-08-14T04:29:33.040,4389076,14053,8.2068,8.269,4.106,4.1016,4.5906,4.5862,18.827,89.5,10214,11400,115.9,0.0,29.2,33.5,charging,True,True,False,False,False,False,0,5506,32898,0,1024,0
2026-08-14T04:29:33.539,4389076,14053,8.2068,8.269,4.106,4.1016,4.5906,4.5862,18.827,89.5,10214,11400,115.9,0.0,29.2,33.5,charging,True,True,False,False,False,False,0,5506,32898,0,1024,0
2026-08-14T04:29:34.037,4390076,14054,8.2068,8.269,4.1067,4.0999,4.58,4.5837,18.776,89.5,10215,11400,115.9,0.0,29.2,33.5,charging,True,True,False,False,False,False,0,5506,32898,0,1024,0
2026-08-14T04:29:34.536,4390076,14054,8.2068,8.269,4.1067,4.0999,4.58,4.5837,18.776,89.5,10215,11400,115.9,0.0,29.2,33.5,charging,True,True,False,False,False,False,0,5506,32898,0,1024,0
2026-08-14T04:29:35.036,4391076,14055,8.2068,8.269,4.1054,4.1019,4.5653,4.5793,18.724,89.6,10216,11400,115.9,0.0,29.1,33.5,charging,True,True,False,False,False,False,0,5506,32898,0,1024,0
2026-08-14T04:29:35.533,4391076,14055,8.2068,8.269,4.1054,4.1019,4.5653,4.5793,18.724,89.6,10216,11400,115.9,0.0,29.1,33.5,charging,True,True,False,False,False,False,0,5506,32898,0,1024,0
2026-08-14T04:29:36.031,4392076,14056,8.2068,8.269,4.1078,4.1008,4.5459,4.5787,18.641,89.6,10217,11400,115.9,0.0,29.1,33.5,charging,True,True,False,False,False,False,0,5506,32898,0,1024,0
2026-08-14T04:29:36.530,4392076,14056,8.2068,8.269,4.1078,4.1008,4.5459,4.5787,18.641,89.6,10217,11400,115.9,0.0,29.1,33.5,charging,True,True,False,False,False,False,0,5506,32898,0,1024,0
2026-08-14T04:29:37.028,4393076,14057,8.2068,8.269,4.1071,4.1007,4.5731,4.5759,18.752,89.6,10218,11400,115.9,0.0,29.1,33.5,charging,True,True,False,False,False,False,0,5506,32898,0,1024,0
2026-08-14T04:29:37.527,4393076,14057,8.2068,8.269,4.1071,4.1007,4.5731,4.5759,18.752,89.6,10218,11400,115.9,0.0,29.1,33.5,charging,True,True,False,False,False,False,0,5506,32898,0,1024,0
2026-08-14T04:29:38.025,4394076,14058,8.2068,8.269,4.1067,4.1019,4.5756,4.5756,18.768,89.6,10219,11400,115.9,0.0,29.1,33.3,charging,True,True,False,False,False,False,0,5506,32898,0,1024,0
2026-08-14T04:29:38.525,4394076,14058,8.2068,8.269,4.1067,4.1019,4.5756,4.5756,18.768,89.6,10219,11400,115.9,0.0,29.1,33.3,charging,True,True,False,False,False,False,0,5506,32898,0,1024,0
2026-08-14T04:29:39.024,4395076,14059,8.2068,8.2646,4.1067,4.1019,4.55,4.5728,18.662,89.6,10220,11400,115.9,0.0,29.1,33.4,charging,True,True,False,False,False,False,0,5506,32898,0,1024,0
2026-08-14T04:29:39.521,4395076,14059,8.2068,8.2646,4.1067,4.1019,4.55,4.5728,18.662,89.6,10220,11400,115.9,0.0,29.1,33.4,charging,True,True,False,False,False,False,0,5506,32898,0,1024,0
2026-08-14T04:29:40.020,4396076,14060,8.2084,8.2646,4.1075,4.1007,4.5637,4.5712,18.713,89.6,10221,11400,115.9,0.0,29.0,33.6,charging,True,True,False,False,False,False,0,5506,32898,0,1024,0
2026-08-14T04:29:40.518,4396076,14060,8.2084,8.2646,4.1075,4.1007,4.5637,4.5712,18.713,89.6,10221,11400,115.9,0.0,29.0,33.6,charging,True,True,False,False,False,False,0,5506,32898,0,1024,0
2026-08-14T04:29:41.016,4397076,14061,8.2084,8.2646,4.1042,4.1021,4.5581,4.5681,18.697,89.6,10222,11400,115.9,0.0,29.0,33.3,charging,True,True,False,False,False,False,0,5506,32898,0,1024,0
2026-08-14T04:29:41.515,4397076,14061,8.2084,8.2646,4.1042,4.1021,4.5581,4.5681,18.697,89.6,10222,11400,115.9,0.0,29.0,33.3,charging,True,True,False,False,False,False,0,5506,32898,0,1024,0
2026-08-14T04:29:42.014,4398076,14062,8.2084,8.2646,4.1073,4.1017,4.5618,4.5668,18.71,89.6,10223,11400,115.9,0.0,29.0,33.3,charging,True,True,False,False,False,False,0,5506,32898,0,1024,0
2026-08-14T04:29:42.512,4398076,14062,8.2084,8.2646,4.1073,4.1017,4.5618,4.5668,18.71,89.6,10223,11400,115.9,0.0,29.0,33.3,charging,True,True,False,False,False,False,0,5506,32898,0,1024,0
2026-08-14T04:29:43.011,4399076,14063,8.2084,8.2646,4.1054,4.1014,4.5434,4.5659,18.633,89.6,10224,11400,115.9,0.0,29.0,33.4,charging,True,True,False,False,False,False,0,5506,32898,0,1024,0
2026-08-14T04:29:43.510,4399076,14063,8.2084,8.2646,4.1054,4.1014,4.5434,4.5659,18.633,89.6,10224,11400,115.9,0.0,29.0,33.4,charging,True,True,False,False,False,False,0,5506,32898,0,1024,0
2026-08-14T04:29:44.009,4400076,14064,8.2084,8.2646,4.1045,4.1016,4.5637,4.5656,18.718,89.6,10225,11400,115.9,0.0,29.0,33.4,charging,True,True,False,False,False,False,0,5506,32898,0,1024,0
2026-08-14T04:29:44.506,4400076,14064,8.2084,8.2646,4.1045,4.1016,4.5637,4.5656,18.718,89.6,10225,11400,115.9,0.0,29.0,33.4,charging,True,True,False,False,False,False,0,5506,32898,0,1024,0
2026-08-14T04:29:45.005,4401076,14065,8.2084,8.2646,4.1067,4.1025,4.5662,4.5634,18.732,89.6,10226,11400,115.9,0.0,29.0,33.6,charging,True,True,False,False,False,False,0,5506,32898,0,1024,0
2026-08-14T04:29:45.504,4401076,14065,8.2084,8.2646,4.1067,4.1025,4.5662,4.5634,18.732,89.6,10226,11400,115.9,0.0,29.0,33.6,charging,True,True,False,False,False,False,0,5506,32898,0,1024,0
2026-08-14T04:29:46.003,4402076,14066,8.2084,8.2646,4.1054,4.1016,4.534,4.5603,18.595,89.7,10227,11400,115.9,0.0,29.0,33.3,charging,True,True,False,False,False,False,0,5506,32898,0,1024,0
2026-08-14T04:29:46.501,4402076,14066,8.2084,8.2646,4.1054,4.1016,4.534,4.5603,18.595,89.7,10227,11400,115.9,0.0,29.0,33.3,charging,True,True,False,False,False,False,0,5506,32898,0,1024,0
2026-08-14T04:29:46.999,4403076,14067,8.2084,8.2646,4.1075,4.1003,4.5503,4.5568,18.657,89.7,10228,11400,115.9,0.0,29.0,33.5,charging,True,True,False,False,False,False,0,5506,32898,0,1024,0
2026-08-14T04:29:47.497,4403076,14067,8.2084,8.2646,4.1075,4.1003,4.5503,4.5568,18.657,89.7,10228,11400,115.9,0.0,29.0,33.5,charging,True,True,False,False,False,False,0,5506,32898,0,1024,0
2026-08-14T04:29:47.996,4404076,14068,8.2084,8.2646,4.1078,4.1027,4.5328,4.5546,18.595,89.7,10229,11400,115.9,0.0,29.0,33.4,charging,True,True,False,False,False,False,0,5495,32898,0,1024,0
2026-08-14T04:29:48.495,4404076,14068,8.2084,8.2646,4.1078,4.1027,4.5328,4.5546,18.595,89.7,10229,11400,115.9,0.0,29.0,33.4,charging,True,True,False,False,False,False,0,5495,32898,0,1024,0
2026-08-14T04:29:48.993,4405076,14069,8.2084,8.2646,4.1064,4.1031,4.54,4.5525,18.627,89.7,10230,11400,115.9,0.0,29.0,33.5,charging,True,True,False,False,False,False,0,5495,32898,0,1024,0
2026-08-14T04:29:49.492,4405076,14069,8.2084,8.2646,4.1064,4.1031,4.54,4.5525,18.627,89.7,10230,11400,115.9,0.0,29.0,33.5,charging,True,True,False,False,False,False,0,5495,32898,0,1024,0
2026-08-14T04:29:49.990,4406076,14070,8.2084,8.2646,4.1062,4.1012,4.5246,4.5496,18.556,89.7,10231,11400,115.9,0.0,29.0,33.3,charging,True,True,False,False,False,False,0,5495,32898,0,1024,0
2026-08-14T04:29:50.488,4406076,14070,8.2084,8.2646,4.1062,4.1012,4.5246,4.5496,18.556,89.7,10231,11400,115.9,0.0,29.0,33.3,charging,True,True,False,False,False,False,0,5495,32898,0,1024,0
2026-08-14T04:29:50.987,4407076,14071,8.2084,8.2646,4.1073,4.1014,4.5356,4.5475,18.601,89.7,10232,11400,115.9,0.0,29.0,33.4,charging,True,True,False,False,False,False,0,5495,32898,0,1024,0
2026-08-14T04:29:51.486,4407076,14071,8.2084,8.2646,4.1073,4.1014,4.5356,4.5475,18.601,89.7,10232,11400,115.9,0.0,29.0,33.4,charging,True,True,False,False,False,False,0,5495,32898,0,1024,0
2026-08-14T04:29:51.984,4408076,14072,8.2084,8.2646,4.1077,4.1016,4.534,4.5459,18.595,89.7,10233,11400,115.9,0.0,29.0,33.4,charging,True,True,False,False,False,False,0,5495,32898,0,1024,0
2026-08-14T04:29:52.483,4408076,14072,8.2084,8.2646,4.1077,4.1016,4.534,4.5459,18.595,89.7,10233,11400,115.9,0.0,29.0,33.4,charging,True,True,False,False,False,False,0,5495,32898,0,1024,0
2026-08-14T04:29:52.981,4409076,14073,8.2084,8.2646,4.1073,4.1014,4.5315,4.5437,18.585,89.7,10234,11400,115.9,0.0,29.0,33.3,charging,True,True,False,False,False,False,0,5495,32898,0,1024,0
2026-08-14T04:29:53.480,4409076,14073,8.2084,8.2646,4.1073,4.1014,4.5315,4.5437,18.585,89.7,10234,11400,115.9,0.0,29.0,33.3,charging,True,True,False,False,False,False,0,5495,32898,0,1024,0
2026-08-14T04:29:53.979,4410076,14074,8.2084,8.2646,4.1078,4.1014,4.5209,4.5409,18.54,89.7,10235,11400,115.9,0.0,29.0,33.4,charging,True,True,False,False,False,False,0,5495,32898,0,1024,0
2026-08-14T04:29:54.477,4410076,14074,8.2084,8.2646,4.1078,4.1014,4.5209,4.5409,18.54,89.7,10235,11400,115.9,0.0,29.0,33.4,charging,True,True,False,False,False,False,0,5495,32898,0,1024,0
2026-08-14T04:29:54.976,4411076,14075,8.2084,8.2646,4.1081,4.1023,4.5393,4.5415,18.62,89.7,10237,11400,115.9,0.0,29.0,33.5,charging,True,True,False,False,False,False,0,5478,32898,0,1024,0
2026-08-14T04:29:55.474,4411076,14075,8.2084,8.2646,4.1081,4.1023,4.5393,4.5415,18.62,89.7,10237,11400,115.9,0.0,29.0,33.5,charging,True,True,False,False,False,False,0,5478,32898,0,1024,0
2026-08-14T04:29:55.973,4412076,14076,8.2084,8.2646,4.1067,4.1019,4.5268,4.5403,18.568,89.7,10237,11400,115.9,0.0,29.0,33.3,charging,True,True,False,False,False,False,0,5478,32898,0,1024,0
2026-08-14T04:29:56.471,4412076,14076,8.2084,8.2646,4.1067,4.1019,4.5268,4.5403,18.568,89.7,10237,11400,115.9,0.0,29.0,33.3,charging,True,True,False,False,False,False,0,5478,32898,0,1024,0
2026-08-14T04:29:56.971,4413076,14077,8.2084,8.2646,4.1073,4.1016,4.5209,4.5378,18.542,89.8,10238,11400,115.9,0.0,29.0,33.4,charging,True,True,False,False,False,False,0,5478,32898,0,1024,0
2026-08-14T04:29:57.469,4413076,14077,8.2084,8.2646,4.1073,4.1016,4.5209,4.5378,18.542,89.8,10238,11400,115.9,0.0,29.0,33.4,charging,True,True,False,False,False,False,0,5478,32898,0,1024,0
2026-08-14T04:29:57.967,4414076,14078,8.2084,8.2646,4.1058,4.1004,4.5153,4.5343,18.513,89.8,10239,11400,115.9,0.0,29.0,33.3,charging,True,True,False,False,False,False,0,5478,32898,0,1024,0
2026-08-14T04:29:58.466,4414076,14078,8.2084,8.2646,4.1058,4.1004,4.5153,4.5343,18.513,89.8,10239,11400,115.9,0.0,29.0,33.3,charging,True,True,False,False,False,False,0,5478,32898,0,1024,0
2026-08-14T04:29:58.965,4415076,14079,8.2084,8.2646,4.1077,4.1019,4.509,4.5309,18.494,89.8,10240,11400,115.9,0.0,29.0,33.2,charging,True,True,False,False,False,False,0,5478,32898,0,1024,0
2026-08-14T04:29:59.463,4415076,14079,8.2084,8.2646,4.1077,4.1019,4.509,4.5309,18.494,89.8,10240,11400,115.9,0.0,29.0,33.2,charging,True,True,False,False,False,False,0,5478,32898,0,1024,0
2026-08-14T04:29:59.962,4416076,14080,8.2084,8.2646,4.1069,4.1036,4.535,4.529,18.609,89.8,10242,11400,115.9,0.0,29.0,33.2,charging,True,True,False,False,False,False,0,5478,32898,0,1024,0
2026-08-14T04:30:00.460,4416076,14080,8.2084,8.2646,4.1069,4.1036,4.535,4.529,18.609,89.8,10242,11400,115.9,0.0,29.0,33.2,charging,True,True,False,False,False,False,0,5478,32898,0,1024,0
2026-08-14T04:30:00.959,4417076,14081,8.2084,8.2646,4.1066,4.1025,4.5231,4.5281,18.555,89.8,10243,11400,115.9,0.0,29.0,33.3,charging,True,True,False,False,False,False,0,5478,32898,0,1024,0
2026-08-14T04:30:01.458,4417076,14081,8.2084,8.2646,4.1066,4.1025,4.5231,4.5281,18.555,89.8,10243,11400,115.9,0.0,29.0,33.3,charging,True,True,False,False,False,False,0,5478,32898,0,1024,0
2026-08-14T04:30:01.956,4418076,14082,8.2165,8.27,4.1075,4.1025,4.5209,4.5259,18.545,89.8,10244,11400,115.9,0.0,29.0,33.2,charging,True,True,False,False,False,False,0,5478,32898,0,1024,0
2026-08-14T04:30:02.455,4418076,14082,8.2165,8.27,4.1075,4.1025,4.5209,4.5259,18.545,89.8,10244,11400,115.9,0.0,29.0,33.2,charging,True,True,False,False,False,False,0,5478,32898,0,1024,0
2026-08-14T04:30:02.954,4419076,14083,8.2165,8.27,4.1069,4.1017,4.5175,4.5246,18.528,89.8,10244,11400,115.9,0.0,29.0,33.2,charging,True,True,False,False,False,False,0,5478,32898,0,1024,0
2026-08-14T04:30:03.452,4419076,14083,8.2165,8.27,4.1069,4.1017,4.5175,4.5246,18.528,89.8,10244,11400,115.9,0.0,29.0,33.2,charging,True,True,False,False,False,False,0,5478,32898,0,1024,0
2026-08-14T04:30:03.951,4420076,14084,8.2165,8.27,4.1067,4.1025,4.4971,4.5212,18.449,89.8,10245,11400,115.9,0.0,29.0,33.2,charging,True,True,False,False,False,False,0,5478,32898,0,1024,0
2026-08-14T04:30:04.449,4420076,14084,8.2165,8.27,4.1067,4.1025,4.4971,4.5212,18.449,89.8,10245,11400,115.9,0.0,29.0,33.2,charging,True,True,False,False,False,False,0,5478,32898,0,1024,0
2026-08-14T04:30:04.949,4421076,14085,8.2165,8.27,4.1073,4.1031,4.5084,4.5196,18.497,89.8,10247,11400,115.9,0.0,29.0,33.3,charging,True,True,False,False,False,False,0,5467,32898,0,1024,0
2026-08-14T04:30:05.447,4421076,14085,8.2165,8.27,4.1073,4.1031,4.5084,4.5196,18.497,89.8,10247,11400,115.9,0.0,29.0,33.3,charging,True,True,False,False,False,False,0,5467,32898,0,1024,0
2026-08-14T04:30:05.945,4422076,14086,8.2165,8.27,4.1086,4.1032,4.5121,4.5171,18.513,89.8,10248,11400,115.9,0.0,29.0,33.2,charging,True,True,False,False,False,False,0,5467,32898,0,1024,0
2026-08-14T04:30:06.444,4422076,14086,8.2165,8.27,4.1086,4.1032,4.5121,4.5171,18.513,89.8,10248,11400,115.9,0.0,29.0,33.2,charging,True,True,False,False,False,False,0,5467,32898,0,1024,0
2026-08-14T04:30:06.944,4423076,14087,8.2165,8.27,4.1101,4.1028,4.5084,4.5175,18.496,89.9,10249,11400,115.9,0.0,28.9,33.3,charging,True,True,False,False,False,False,0,5467,32898,0,1024,0
2026-08-14T04:30:07.441,4423076,14087,8.2165,8.27,4.1101,4.1028,4.5084,4.5175,18.496,89.9,10249,11400,115.9,0.0,28.9,33.3,charging,True,True,False,False,False,False,0,5467,32898,0,1024,0
2026-08-14T04:30:07.940,4424076,14088,8.2165,8.27,4.1084,4.1028,4.5075,4.5181,18.492,89.9,10250,11400,115.9,0.0,28.9,33.1,charging,True,True,False,False,False,False,0,5467,32898,0,1024,0
2026-08-14T04:30:08.438,4424076,14088,8.2165,8.27,4.1084,4.1028,4.5075,4.5181,18.492,89.9,10250,11400,115.9,0.0,28.9,33.1,charging,True,True,False,False,False,False,0,5467,32898,0,1024,0
2026-08-14T04:30:08.937,4425076,14089,8.2165,8.27,4.1078,4.1036,4.4984,4.5156,18.459,89.9,10251,11400,115.9,0.0,28.9,33.3,charging,True,True,False,False,False,False,0,5467,32898,0,1024,0
2026-08-14T04:30:09.436,4425076,14089,8.2165,8.27,4.1078,4.1036,4.4984,4.5156,18.459,89.9,10251,11400,115.9,0.0,28.9,33.3,charging,True,True,False,False,False,False,0,5467,32898,0,1024,0
2026-08-14T04:30:09.934,4426076,14090,8.2165,8.27,4.1077,4.1021,4.5053,4.5128,18.481,89.9,10252,11400,115.9,0.0,28.9,33.2,charging,True,True,False,False,False,False,0,5467,32898,0,1024,0
2026-08-14T04:30:10.433,4426076,14090,8.2165,8.27,4.1077,4.1021,4.5053,4.5128,18.481,89.9,10252,11400,115.9,0.0,28.9,33.2,charging,True,True,False,False,False,False,0,5467,32898,0,1024,0
2026-08-14T04:30:10.932,4427076,14091,8.2165,8.27,4.1066,4.1045,4.485,4.5093,18.408,89.9,10253,11400,115.9,0.0,28.9,33.3,charging,True,True,False,False,False,False,0,5467,32898,0,1024,0
2026-08-14T04:30:11.430,4427076,14091,8.2165,8.27,4.1066,4.1045,4.485,4.5093,18.408,89.9,10253,11400,115.9,0.0,28.9,33.3,charging,True,True,False,False,False,False,0,5467,32898,0,1024,0
2026-08-14T04:30:11.929,4428076,14092,8.2165,8.27,4.1088,4.1025,4.4903,4.5075,18.42,89.9,10254,11400,115.9,0.0,28.9,33.3,charging,True,True,False,False,False,False,0,5467,32898,0,1024,0
2026-08-14T04:30:12.428,4428076,14092,8.2165,8.27,4.1088,4.1025,4.4903,4.5075,18.42,89.9,10254,11400,115.9,0.0,28.9,33.3,charging,True,True,False,False,False,False,0,5467,32898,0,1024,0
2026-08-14T04:30:12.926,4429076,14093,8.2165,8.27,4.1084,4.1025,4.4831,4.5065,18.392,89.9,10255,11400,115.9,0.0,28.9,33.1,charging,True,True,False,False,False,False,0,5467,32898,0,1024,0
2026-08-14T04:30:13.425,4429076,14093,8.2165,8.27,4.1084,4.1025,4.4831,4.5065,18.392,89.9,10255,11400,115.9,0.0,28.9,33.1,charging,True,True,False,False,False,False,0,5467,32898,0,1024,0
2026-08-14T04:30:13.924,4430076,14094,8.2165,8.27,4.1092,4.1025,4.4865,4.5043,18.404,89.9,10256,11400,115.9,0.0,28.9,33.1,charging,True,True,False,False,False,False,0,5467,32898,0,1024,0
2026-08-14T04:30:14.422,4430076,14094,8.2165,8.27,4.1092,4.1025,4.4865,4.5043,18.404,89.9,10256,11400,115.9,0.0,28.9,33.1,charging,True,True,False,False,False,False,0,5467,32898,0,1024,0
2026-08-14T04:30:14.921,4431076,14095,8.2165,8.27,4.1066,4.1019,4.4762,4.5037,18.36,89.9,10257,11400,115.9,0.0,28.9,33.2,charging,True,True,False,False,False,False,0,5450,32898,0,1024,0
2026-08-14T04:30:15.419,4431076,14095,8.2165,8.27,4.1066,4.1019,4.4762,4.5037,18.36,89.9,10257,11400,115.9,0.0,28.9,33.2,charging,True,True,False,False,False,False,0,5450,32898,0,1024,0
2026-08-14T04:30:15.918,4432076,14096,8.2165,8.27,4.1081,4.1039,4.499,4.5006,18.462,89.9,10258,11400,115.9,0.0,28.9,33.2,charging,True,True,False,False,False,False,0,5450,32898,0,1024,0
2026-08-14T04:30:16.417,4432076,14096,8.2165,8.27,4.1081,4.1039,4.499,4.5006,18.462,89.9,10258,11400,115.9,0.0,28.9,33.2,charging,True,True,False,False,False,False,0,5450,32898,0,1024,0
2026-08-14T04:30:16.916,4433076,14097,8.2165,8.27,4.1084,4.1028,4.4828,4.4975,18.392,89.9,10259,11400,115.9,0.0,28.9,33.3,charging,True,True,False,False,False,False,0,5450,32898,0,1024,0
2026-08-14T04:30:17.414,4433076,14097,8.2165,8.27,4.1084,4.1028,4.4828,4.4975,18.392,89.9,10259,11400,115.9,0.0,28.9,33.3,charging,True,True,False,False,False,False,0,5450,32898,0,1024,0
2026-08-14T04:30:17.913,4434076,14098,8.2165,8.27,4.1078,4.1031,4.4803,4.4975,18.382,90.0,10260,11400,115.9,0.0,28.9,33.2,charging,True,True,False,False,False,False,0,5450,32898,0,1024,0
2026-08-14T04:30:18.411,4434076,14098,8.2165,8.27,4.1078,4.1031,4.4803,4.4975,18.382,90.0,10260,11400,115.9,0.0,28.9,33.2,charging,True,True,False,False,False,False,0,5450,32898,0,1024,0
2026-08-14T04:30:18.910,4435076,14099,8.2165,8.27,4.1077,4.1034,4.4953,4.4953,18.444,90.0,10261,11400,115.9,0.0,28.9,33.2,charging,True,True,False,False,False,False,0,5450,32898,0,1024,0
2026-08-14T04:30:19.408,4435076,14099,8.2165,8.27,4.1077,4.1034,4.4953,4.4953,18.444,90.0,10261,11400,115.9,0.0,28.9,33.2,charging,True,True,False,False,False,False,0,5450,32898,0,1024,0
2026-08-14T04:30:19.907,4436076,14100,8.2165,8.27,4.1082,4.1038,4.4909,4.4937,18.428,90.0,10262,11400,115.9,0.0,28.8,33.0,charging,True,True,False,False,False,False,0,5450,32898,0,1024,0
2026-08-14T04:30:20.406,4436076,14100,8.2165,8.27,4.1082,4.1038,4.4909,4.4937,18.428,90.0,10262,11400,115.9,0.0,28.8,33.0,charging,True,True,False,False,False,False,0,5450,32898,0,1024,0
2026-08-14T04:30:20.904,4437076,14101,8.2165,8.27,4.1093,4.1039,4.4712,4.4912,18.348,90.0,10263,11400,115.9,0.0,28.8,33.3,charging,True,True,False,False,False,False,0,5450,32898,0,1024,0
2026-08-14T04:30:21.403,4437076,14101,8.2165,8.27,4.1093,4.1039,4.4712,4.4912,18.348,90.0,10263,11400,115.9,0.0,28.8,33.3,charging,True,True,False,False,False,False,0,5450,32898,0,1024,0
2026-08-14T04:30:21.902,4438076,14102,8.2165,8.27,4.1075,4.1038,4.4993,4.4925,18.464,90.0,10264,11400,115.9,0.0,28.8,33.2,charging,True,True,False,False,False,False,0,5450,32898,0,1024,0
2026-08-14T04:30:22.400,4438076,14102,8.2165,8.27,4.1075,4.1038,4.4993,4.4925,18.464,90.0,10264,11400,115.9,0.0,28.8,33.2,charging,True,True,False,False,False,False,0,5450,32898,0,1024,0
2026-08-14T04:30:22.899,4439076,14103,8.2165,8.27,4.1075,4.1027,4.4681,4.4906,18.329,90.0,10265,11400,115.9,0.0,28.8,33.0,charging,True,True,False,False,False,False,0,5450,32898,0,1024,0
2026-08-14T04:30:23.397,4439076,14103,8.2165,8.27,4.1075,4.1027,4.4681,4.4906,18.329,90.0,10265,11400,115.9,0.0,28.8,33.0,charging,True,True,False,False,False,False,0,5450,32898,0,1024,0
